time_utc,v_mean,v_min,v_max,v_sd_mV,i_mean_A,i_min_A,i_max_A,p_mean_W,p_min_W,p_max_W,ah_net,wh_net,coverage_s,pack_F,die_F,n_current,i_timemean_mA
2026-07-14 00:00:00+00:00,,,,,0.002258,0.001144,0.006104,0.0,0.0,0.0,0.000162,0.0,258.456,75.650002,81.533254,49,2.253267
2026-07-14 01:00:00+00:00,,,,,-0.01232,-1.163101,0.405502,-0.033353,-0.141602,0.10376,-0.000949,-0.000615,488.239,78.485,81.488733,152,-6.997356
2026-07-14 02:00:00+00:00,,,,,,,,,,,0.0,0.0,0.0,,,0,
2026-07-14 03:00:00+00:00,,,,,,,,,,,0.0,0.0,0.0,,,0,
2026-07-14 04:00:00+00:00,,,,,,,,,,,0.0,0.0,0.0,,,0,
2026-07-14 05:00:00+00:00,,,,,,,,,,,0.0,0.0,0.0,,,0,
2026-07-14 06:00:00+00:00,,,,,,,,,,,0.0,0.0,0.0,,,0,
2026-07-14 07:00:00+00:00,,,,,,,,,,,0.0,0.0,0.0,,,0,
2026-07-14 08:00:00+00:00,,,,,,,,,,,0.0,0.0,0.0,,,0,
2026-07-14 09:00:00+00:00,,,,,,,,,,,0.0,0.0,0.0,,,0,
2026-07-14 10:00:00+00:00,,,,,,,,,,,0.0,0.0,0.0,,,0,
2026-07-14 11:00:00+00:00,,,,,,,,,,,0.0,0.0,0.0,,,0,
2026-07-14 12:00:00+00:00,,,,,,,,,,,0.0,0.0,0.0,,,0,
2026-07-14 13:00:00+00:00,,,,,,,,,,,0.0,0.0,0.0,,,0,
2026-07-14 14:00:00+00:00,,,,,,,,,,,0.0,0.0,0.0,,,0,
2026-07-14 15:00:00+00:00,,,,,,,,,,,0.0,0.0,0.0,,,0,
2026-07-14 16:00:00+00:00,,,,,,,,,,,0.0,0.0,0.0,,,0,
2026-07-14 17:00:00+00:00,,,,,,,,,,,0.0,0.0,0.0,,,0,
2026-07-14 18:00:00+00:00,,,,,,,,,,,0.0,0.0,0.0,,,0,
2026-07-14 19:00:00+00:00,,,,,,,,,,,0.0,0.0,0.0,,,0,
2026-07-14 20:00:00+00:00,,,,,,,,,,,0.0,0.0,0.0,,,0,
2026-07-14 21:00:00+00:00,,,,,,,,,,,0.0,0.0,0.0,,,0,
2026-07-14 22:00:00+00:00,,,,,0.00233,-0.000381,0.005341,0.0,0.0,0.0,9.8e-05,0.0,141.872,,72.812539,55,2.47435
2026-07-14 23:00:00+00:00,13.386813,12.579688,13.476758,254.318872,0.083719,-0.034714,2.815628,8.593288,0.0,37.779541,0.042027,0.538181,1793.576,71.473437,74.938719,844,84.355736
2026-07-15 00:00:00+00:00,13.45763,13.451172,13.466797,4.30136,0.076728,-1.064301,1.054764,13.161031,-0.258789,14.200439,0.010816,1.809082,1317.31,71.130148,73.289896,579,29.557325
2026-07-15 01:00:00+00:00,,,,,,,,,,,0.0,0.0,0.0,,,0,
2026-07-15 02:00:00+00:00,,,,,,,,,,,0.0,0.0,0.0,,,0,
2026-07-15 03:00:00+00:00,,,,,,,,,,,0.0,0.0,0.0,,,0,
2026-07-15 04:00:00+00:00,,,,,,,,,,,0.0,0.0,0.0,,,0,
2026-07-15 05:00:00+00:00,,,,,,,,,,,0.0,0.0,0.0,,,0,
2026-07-15 06:00:00+00:00,,,,,,,,,,,0.0,0.0,0.0,,,0,
2026-07-15 07:00:00+00:00,,,,,,,,,,,0.0,0.0,0.0,,,0,
2026-07-15 08:00:00+00:00,,,,,,,,,,,0.0,0.0,0.0,,,0,
2026-07-15 09:00:00+00:00,,,,,,,,,,,0.0,0.0,0.0,,,0,
2026-07-15 10:00:00+00:00,,,,,,,,,,,0.0,0.0,0.0,,,0,
2026-07-15 11:00:00+00:00,,,,,,,,,,,0.0,0.0,0.0,,,0,
2026-07-15 12:00:00+00:00,,,,,,,,,,,0.0,0.0,0.0,,,0,
2026-07-15 13:00:00+00:00,,,,,,,,,,,0.0,0.0,0.0,,,0,
2026-07-15 14:00:00+00:00,,,,,,,,,,,0.0,0.0,0.0,,,0,
2026-07-15 15:00:00+00:00,13.285733,12.567774,13.417188,301.341916,-0.041775,-2.458954,0.474167,-1.691191,-32.98584,5.955811,-0.0101,-0.129294,866.567,69.425,72.899676,426,-41.960342
2026-07-15 16:00:00+00:00,13.413948,13.4125,13.415235,0.776577,-0.008405,-0.02594,0.024033,0.0,0.0,0.0,-0.008415,0.0,3598.491,68.787499,74.779631,1714,-8.418414
2026-07-15 17:00:00+00:00,13.411438,13.410156,13.412696,0.696922,-0.006481,-0.032806,0.019455,,,,-0.006484,0.0,3601.662,68.439771,74.903839,1765,-6.481269
2026-07-15 18:00:00+00:00,13.408835,13.403711,13.410352,0.817673,-0.010118,-2.800369,0.022507,-6.407558,-37.397461,0.0,-0.010053,-0.049995,3598.867,68.373295,74.650397,1757,-10.055815
2026-07-15 19:00:00+00:00,13.402853,13.375977,13.407618,8.206934,-0.227999,-3.098297,0.021362,-36.175047,-41.506348,-4.671631,-0.233825,-3.058744,3599.796,68.2925,74.364204,1763,-233.838728
2026-07-15 20:00:00+00:00,13.315509,13.273242,13.375781,30.900246,-3.097758,-3.144455,-3.001404,-41.224682,-41.820068,-40.126953,-3.097748,-41.225114,3600.039,68.21375,74.478283,1769,-3097.714407
2026-07-15 21:00:00+00:00,13.268298,13.266993,13.273047,1.608218,-3.098729,-3.134155,-3.068542,-41.114025,-41.595459,-40.722656,-3.098658,-41.113094,3599.925,68.2025,74.252066,1770,-3098.722751
2026-07-15 22:00:00+00:00,13.268931,13.267578,13.270312,0.822716,-3.101634,-3.135681,-3.073883,-41.155128,-41.608887,-40.784912,-3.102779,-41.147019,3601.288,68.361607,74.483107,1773,-3101.668828
2026-07-15 23:00:00+00:00,13.271182,13.270118,13.272071,0.563972,-3.119928,-3.144073,-3.094101,-41.40484,-41.726074,-41.057129,-3.117053,-41.399532,3596.653,68.506248,74.811829,1732,-3119.953447
2026-07-16 00:00:00+00:00,13.256792,13.253711,13.272265,4.7149,-5.403966,-5.561447,-3.111267,-71.551408,-73.768311,-41.293945,-5.396963,-71.543166,3599.418,68.618752,74.903766,1769,-5397.835709
2026-07-16 01:00:00+00:00,13.255844,13.254493,13.257031,0.713912,-5.509542,-5.545807,-5.476379,-73.033945,-73.513184,-72.593994,-5.511287,-73.016284,3601.139,68.506248,74.486907,1785,-5509.543729
2026-07-16 02:00:00+00:00,13.257631,13.256836,13.258204,0.380447,-5.50639,-5.537033,-5.464172,-73.00205,-73.404541,-72.441406,-5.505256,-73.027573,3599.257,68.607501,74.41832,1776,-5506.392443
2026-07-16 03:00:00+00:00,13.258285,13.258008,13.258594,0.131445,-5.506452,-5.539703,-5.467987,-73.007238,-73.447266,-72.497559,-5.507505,-73.021549,3600.693,68.616306,74.448944,1777,-5506.445493
2026-07-16 04:00:00+00:00,13.258231,13.257812,13.258594,0.148457,-5.507296,-5.5439,-5.466843,-73.017883,-73.503418,-72.481689,-5.505641,-72.99549,3598.92,68.618752,74.283322,1779,-5507.293589
2026-07-16 05:00:00+00:00,13.257614,13.257031,13.258204,0.246829,-5.508914,-5.543137,-5.476379,-73.035968,-73.487549,-72.60376,-5.51037,-73.055303,3600.947,68.621197,74.365517,1780,-5508.920798
2026-07-16 06:00:00+00:00,13.256755,13.256055,13.257227,0.307604,-5.508077,-5.542374,-5.465317,-73.01997,-73.476562,-72.452393,-5.508932,-72.990969,3600.563,68.618752,74.423577,1782,-5508.070176
2026-07-16 07:00:00+00:00,13.255623,13.254883,13.25625,0.3619,-5.50846,-5.542755,-5.469513,-73.019172,-73.4729,-72.503662,-5.507178,-73.042365,3599.15,68.731251,74.448125,1776,-5508.478124
2026-07-16 08:00:00+00:00,13.254326,13.253516,13.255078,0.404664,-5.508716,-5.54657,-5.472946,-73.015286,-73.522949,-72.541504,-5.508719,-73.014859,3599.987,68.73319,74.450811,1778,-5508.738643
2026-07-16 09:00:00+00:00,13.252911,13.252149,13.253711,0.442271,-5.510214,-5.550385,-5.475235,-73.027451,-73.554688,-72.56958,-5.511272,-73.001187,3600.698,68.731251,74.45388,1786,-5510.203209
2026-07-16 10:00:00+00:00,13.251505,13.250587,13.252344,0.413989,-5.510602,-5.545807,-5.472946,-73.024346,-73.493652,-72.526855,-5.509315,-73.047914,3599.171,68.8475,74.537997,1781,-5510.583615
2026-07-16 11:00:00+00:00,13.268197,13.249804,13.299415,19.090844,-3.054135,-5.541611,0.018692,-40.150392,-73.431396,1.105957,-3.012163,-40.042693,3600.607,68.974998,74.807084,1752,-3011.65522
2026-07-16 12:00:00+00:00,13.307506,13.299415,13.312696,3.606213,-0.00672,-0.040054,0.025177,-0.487732,-1.490479,1.223145,-0.006721,-0.487799,3600.534,68.951922,74.601551,1767,-6.720468
2026-07-16 13:00:00+00:00,13.315507,13.312696,13.317578,1.35739,-0.005824,-0.033188,0.019073,-0.399303,-1.201172,1.176758,-0.005818,-0.399802,3600.203,68.84375,74.532511,1779,-5.817936
2026-07-16 14:00:00+00:00,13.155622,12.961524,13.31875,139.161727,-19.872629,-81.751633,0.019836,-253.50982,-1064.047852,1.186523,-19.461538,-253.054392,3599.378,69.383749,75.483734,1760,-19464.901578
2026-07-16 15:00:00+00:00,13.290001,13.274219,13.299805,7.136414,-0.006917,-0.034714,0.023651,-0.468298,-1.220703,1.147461,-0.006915,-0.468641,3599.815,69.6875,75.77519,1771,-6.915255
2026-07-16 16:00:00+00:00,13.304463,13.299609,13.308594,2.514135,-0.005812,-0.029373,0.019455,-0.403867,-1.170654,1.108398,-0.005824,-0.404847,3598.933,69.603123,75.314182,1758,-5.826011
2026-07-16 17:00:00+00:00,13.168824,12.833984,13.31211,150.454029,-15.308373,-130.10788,0.022125,-195.743837,-1665.427246,1.062012,-15.057375,-195.631289,3600.225,69.534821,75.211764,1769,-15056.433477
2026-07-16 18:00:00+00:00,13.529189,13.228516,13.664258,161.444847,61.650231,-0.040054,79.296494,835.872574,-1.038818,1077.624512,61.321177,835.927335,3599.763,70.109375,78.221934,1763,61325.213917
2026-07-16 19:00:00+00:00,14.069391,13.664454,14.58418,304.841938,54.335977,-0.055313,78.901291,749.659729,-3.005371,1113.033447,54.051529,749.874858,3600.553,71.39375,81.791686,1774,54043.227694
2026-07-16 20:00:00+00:00,14.011974,13.973437,14.074023,28.824082,-0.007615,-0.061035,0.035477,-0.348257,-2.41333,2.460938,-0.007628,-0.347629,3599.346,72.491965,78.38727,1741,-7.629131
2026-07-16 21:00:00+00:00,13.960736,13.949414,13.973437,6.767999,-0.006893,-0.070572,0.037384,-0.370288,-2.583008,2.131348,-0.006899,-0.370076,3599.75,72.168749,76.578341,1773,-6.899486
2026-07-16 22:00:00+00:00,13.940571,13.932422,13.94961,4.970009,-0.006851,-0.047684,0.036621,-0.368523,-2.407227,2.081299,-0.006859,-0.368565,3599.979,71.581251,75.919369,1767,-6.859375
2026-07-16 23:00:00+00:00,13.925058,13.917969,13.932617,4.049649,-0.007523,-0.046921,0.033188,-0.316263,-1.744385,1.844482,-0.007549,-0.315883,3600.876,71.015,75.680124,1749,-7.547282
2026-07-17 00:00:00+00:00,13.911202,13.904688,13.917969,3.772382,-0.007512,-0.040436,0.027847,-0.365942,-2.052002,2.158203,-0.007509,-0.366449,3599.134,70.731249,75.551562,1760,-7.510315
2026-07-17 01:00:00+00:00,13.898408,13.892383,13.904688,3.646753,-0.006626,-0.052261,0.034332,-0.356524,-2.038574,1.97876,-0.006606,-0.357159,3583.371,70.4525,75.270043,1764,-6.636338
2026-07-17 02:00:00+00:00,13.886715,13.880859,13.892383,3.305746,-0.006576,-0.059128,0.054932,-0.368958,-1.976318,1.953125,-0.0066,-0.369321,3601.065,70.084558,75.074481,1782,-6.597706
2026-07-17 03:00:00+00:00,13.875469,13.869922,13.881055,3.150503,-0.006914,-0.05455,0.032806,-0.404567,-2.224121,2.142334,-0.006904,-0.405156,3599.128,69.856251,74.945824,1764,-6.906024
2026-07-17 04:00:00+00:00,13.864795,13.859375,13.869922,3.045619,-0.006667,-0.041199,0.037003,-0.404774,-1.896973,2.105713,-0.006658,-0.404846,3601.415,69.623213,74.829778,1786,-6.655223
2026-07-17 05:00:00+00:00,13.854079,13.849219,13.859375,2.892148,-0.006607,-0.048828,0.033188,-0.395652,-2.075195,1.889648,-0.006608,-0.395809,3599.465,69.518749,75.133448,1769,-6.60875
2026-07-17 06:00:00+00:00,13.844098,13.839258,13.849219,2.860683,-0.007358,-0.048065,0.049591,-0.431674,-2.03125,2.08252,-0.007347,-0.43178,3599.484,69.518749,75.386278,1775,-7.348435
2026-07-17 07:00:00+00:00,13.834465,13.829493,13.839258,2.846972,-0.006947,-0.046921,0.031662,-0.439574,-2.050781,1.9104,-0.006942,-0.439479,3599.373,69.44,75.372059,1767,-6.942892
2026-07-17 08:00:00+00:00,13.82485,13.820312,13.829688,2.782744,-0.006805,-0.061035,0.03891,-0.391,-1.906738,2.10083,-0.006812,-0.392129,3601.349,69.38375,75.359265,1780,-6.809845
2026-07-17 09:00:00+00:00,13.815727,13.811133,13.820312,2.602491,-0.007096,-0.050354,0.034714,-0.416486,-1.936035,1.77002,-0.007106,-0.416436,3599.251,69.217648,74.930781,1775,-7.107319
2026-07-17 10:00:00+00:00,13.806557,13.802149,13.811133,2.598996,-0.006616,-0.047684,0.037003,-0.419444,-2.147217,2.177734,-0.006632,-0.420074,3599.627,69.068748,74.803336,1775,-6.632305
2026-07-17 11:00:00+00:00,13.797705,13.79336,13.802149,2.580992,-0.006427,-0.043869,0.030136,-0.393017,-1.899414,2.104492,-0.006438,-0.392065,3601.478,69.047114,74.821122,1776,-6.435011
2026-07-17 12:00:00+00:00,13.789834,13.786133,13.79336,2.017375,-0.007031,-0.045013,0.047684,-0.433696,-1.756592,1.724854,-0.005758,-0.357997,2968.164,68.956249,74.796648,1462,-6.983322
2026-07-17 13:00:00+00:00,13.780652,13.776563,13.784766,2.409891,-0.006275,-0.048828,0.040054,-0.461478,-1.729736,1.634521,-0.006209,-0.456996,3559.531,68.900002,74.699844,1760,-6.279145
2026-07-17 14:00:00+00:00,13.772335,13.767969,13.776758,2.434371,-0.006618,-0.039291,0.035095,-0.394274,-1.734619,1.680908,-0.006632,-0.393469,3599.386,68.856731,74.798506,1762,-6.633283
2026-07-17 15:00:00+00:00,13.763991,13.759961,13.768165,2.411759,-0.006085,-0.043869,0.027466,-0.407238,-1.878662,1.850586,-0.006124,-0.40815,3599.168,68.740626,74.558141,1769,-6.125883
2026-07-17 16:00:00+00:00,13.756064,13.752149,13.759961,2.172363,-0.006251,-0.050735,0.04425,-0.086319,-0.698039,0.608626,-0.00632,-0.086919,3601.145,68.618752,74.581888,1761,-6.3176
2026-07-17 17:00:00+00:00,13.748108,13.744336,13.752149,2.231799,-0.006338,-0.049973,0.042343,-0.087118,-0.687142,0.582028,-0.006349,-0.087299,3599.143,68.734559,75.010595,1779,-6.350833
2026-07-17 18:00:00+00:00,13.740461,13.736524,13.744336,2.203145,-0.00699,-0.049973,0.051498,-0.096142,-0.68683,0.707449,-0.006978,-0.0959,3598.959,68.767046,75.117385,1784,-6.980408
2026-07-17 19:00:00+00:00,13.733878,13.717578,13.736719,1.695934,-0.01124,-0.052643,0.029755,-0.154321,-0.722944,0.408708,-0.011226,-0.153066,3578.423,79.041071,76.648382,1751,-11.293608
2026-07-17 20:00:00+00:00,13.728906,13.726172,13.731445,1.51364,-0.010509,-0.048828,0.025177,-0.144577,-0.670309,0.345658,-0.010518,-0.144504,3599.15,79.362501,75.548016,1769,-10.520344
2026-07-17 21:00:00+00:00,13.723799,13.721094,13.726367,1.476583,-0.010196,-0.04158,0.026703,-0.140037,-0.570696,0.366461,-0.010208,-0.140098,3600.008,79.095312,74.947355,1770,-10.208051
2026-07-17 22:00:00+00:00,13.718719,13.716016,13.72129,1.479276,-0.010088,-0.038528,0.037384,-0.138294,-0.528577,0.512877,-0.01013,-0.138821,3600.273,78.96875,74.746162,1771,-10.129177
2026-07-17 23:00:00+00:00,13.713381,13.645312,13.716211,3.44999,-0.010276,-0.050735,0.02861,-0.140977,-0.695869,0.39234,-0.01013,-0.139026,3552.718,74.885001,74.697019,1741,-10.265282
2026-07-18 00:00:00+00:00,13.708617,13.706055,13.711329,1.453789,-0.009502,-0.035477,0.027466,-0.130191,-0.486398,0.376469,-0.00951,-0.130398,3599.831,68.646876,74.715262,1776,-9.510355
2026-07-18 01:00:00+00:00,13.703683,13.701172,13.70625,1.385176,-0.00943,-0.041199,0.029755,-0.129252,-0.564575,0.407819,-0.009417,-0.129042,3599.66,68.501135,74.522732,1773,-9.41759
2026-07-18 02:00:00+00:00,13.698955,13.696289,13.701367,1.399846,-0.009538,-0.050354,0.024033,-0.130496,-0.689692,0.329171,-0.009544,-0.130772,3599.476,68.506248,74.435938,1776,-9.544975
2026-07-18 03:00:00+00:00,13.694014,13.691602,13.696485,1.391213,-0.009335,-0.041199,0.019836,-0.128091,-0.56427,0.271682,-0.009383,-0.128472,3599.724,,74.43192,1758,-9.383297
2026-07-18 04:00:00+00:00,13.689337,13.686914,13.691797,1.335938,-0.009222,-0.046539,0.019836,-0.126091,-0.637025,0.271507,-0.009249,-0.12656,3601.613,68.353571,74.379775,1766,-9.245046
2026-07-18 05:00:00+00:00,13.684728,13.682422,13.68711,1.365729,-0.009049,-0.041962,0.025558,-0.123894,-0.574318,0.349732,-0.009083,-0.124292,3599.395,68.359999,74.447214,1774,-9.08437
2026-07-18 06:00:00+00:00,13.680243,13.67793,13.682422,1.296509,-0.009395,-0.039673,0.020981,-0.128577,-0.542704,0.287019,-0.009408,-0.128802,3599.359,68.579808,74.888531,1761,-9.409429
2026-07-18 07:00:00+00:00,13.675607,13.673438,13.67793,1.284169,-0.009669,-0.039291,0.022125,-0.132414,-0.537287,0.302537,-0.009698,-0.132535,3601.234,68.62206,75.123328,1767,-9.694721
2026-07-18 08:00:00+00:00,13.671197,13.668945,13.673438,1.256472,-0.009398,-0.041199,0.025177,-0.128557,-0.563232,0.344222,-0.009413,-0.128773,3599.128,68.735578,75.204488,1764,-9.415776
2026-07-18 09:00:00+00:00,13.666774,13.664649,13.668945,1.205269,-0.009448,-0.039673,0.022507,-0.129076,-0.542216,0.307634,-0.009455,-0.129153,3600.842,68.723215,75.084614,1771,-9.452461
2026-07-18 10:00:00+00:00,13.662555,13.660352,13.664844,1.218898,-0.009203,-0.056076,0.02594,-0.125651,-0.766227,0.35441,-0.009204,-0.125776,3599.286,68.618752,74.759906,1771,-9.205345
2026-07-18 11:00:00+00:00,13.658181,13.656054,13.660547,1.20955,-0.009331,-0.046539,0.033951,-0.127502,-0.635616,0.463734,-0.009361,-0.127931,3599.735,68.614424,74.715261,1765,-9.361837
2026-07-18 12:00:00+00:00,13.653947,13.651954,13.65625,1.187823,-0.009382,-0.048447,0.026703,-0.128296,-0.66142,0.364651,-0.009425,-0.128696,3600.141,68.620691,74.704241,1768,-9.424226
2026-07-18 13:00:00+00:00,13.649818,13.647852,13.652148,1.224688,-0.009313,-0.052643,0.025558,-0.127242,-0.718626,0.348853,-0.009341,-0.12753,3600.105,68.615001,74.621394,1773,-9.340332
2026-07-18 14:00:00+00:00,13.645704,13.64375,13.647852,1.149187,-0.009303,-0.036621,0.019836,-0.12706,-0.499713,0.270721,-0.009323,-0.127216,3599.97,68.419317,74.528103,1770,-9.323094
2026-07-18 15:00:00+00:00,13.641693,13.639648,13.643946,1.153369,-0.008983,-0.04158,0.022125,-0.122707,-0.567286,0.301845,-0.009017,-0.122972,3599.95,68.393749,74.458277,1767,-9.017232
2026-07-18 16:00:00+00:00,13.637682,13.635547,13.639844,1.139808,-0.009107,-0.038147,0.017929,-0.124286,-0.520237,0.244525,-0.00912,-0.124398,3599.939,68.3825,74.447146,1770,-9.120504
2026-07-18 17:00:00+00:00,13.633727,13.63164,13.635742,1.167565,-0.008898,-0.042343,0.030136,-0.12138,-0.577223,0.410828,-0.008894,-0.121194,3600.286,68.458035,74.712624,1763,-8.893379
2026-07-18 18:00:00+00:00,13.629889,13.62793,13.631836,1.116638,-0.009159,-0.040817,0.026703,-0.124808,-0.556334,0.363931,-0.009178,-0.125076,3599.96,68.625002,75.146632,1770,-9.178016
2026-07-18 19:00:00+00:00,13.626048,13.624023,13.62793,1.094432,-0.009345,-0.040436,0.018692,-0.127469,-0.551009,0.254723,-0.009336,-0.127408,3600.067,68.739286,75.143099,1772,-9.336218
2026-07-18 20:00:00+00:00,13.622195,13.620313,13.624219,1.096298,-0.009529,-0.04158,0.029755,-0.129847,-0.566417,0.405297,-0.009559,-0.130053,3600.144,68.801563,75.311605,1768,-9.558784
2026-07-18 21:00:00+00:00,13.618528,13.616602,13.620508,1.097073,-0.008944,-0.045013,0.024414,-0.121948,-0.613088,0.332513,-0.008963,-0.122031,3600.065,68.825,75.103378,1762,-8.962435
2026-07-18 22:00:00+00:00,13.614742,13.612891,13.616797,1.053624,-0.0084,-0.04158,0.03624,-0.114353,-0.566035,0.493446,-0.008417,-0.114622,3600.157,68.618752,74.799974,1778,-8.416439
2026-07-18 23:00:00+00:00,13.611142,13.609179,13.613086,1.057775,-0.008887,-0.037766,0.027847,-0.121158,-0.513972,0.379006,-0.00893,-0.121685,3599.861,68.656251,74.839518,1766,-8.930162
2026-07-19 00:00:00+00:00,13.607474,13.605664,13.609375,1.082918,-0.008993,-0.035095,0.018692,-0.122354,-0.477528,0.254376,-0.009005,-0.122544,3599.45,68.7875,74.913721,1776,-9.006377
2026-07-19 01:00:00+00:00,13.603816,13.601954,13.605664,1.038364,-0.009016,-0.032806,0.019455,-0.122884,-0.446346,0.264648,-0.009054,-0.123168,3599.459,68.618752,74.773437,1773,-9.055195
2026-07-19 02:00:00+00:00,13.600368,13.598437,13.602149,1.011308,-0.009027,-0.035858,0.018692,-0.122804,-0.48765,0.254219,-0.009045,-0.122914,3601.367,68.675001,75.007782,1766,-9.041206
2026-07-19 03:00:00+00:00,13.596831,13.595118,13.598633,0.983036,-0.008566,-0.037384,0.019836,-0.116687,-0.508364,0.269686,-0.008599,-0.116947,3599.334,68.825,75.239705,1769,-8.600489
2026-07-19 04:00:00+00:00,13.593463,13.591601,13.595313,0.938281,-0.008798,-0.033188,0.023651,-0.119777,-0.451083,0.32148,-0.008853,-0.120425,3599.487,68.86625,75.326342,1760,-8.854495
2026-07-19 05:00:00+00:00,13.590016,13.588282,13.591797,0.97773,-0.00867,-0.047302,0.018692,-0.117858,-0.642839,0.254029,-0.008676,-0.117925,3599.589,68.797727,75.028371,1774,-8.677112
2026-07-19 06:00:00+00:00,13.586722,13.584765,13.588477,1.014054,-0.008362,-0.037003,0.017929,-0.11373,-0.5027,0.243622,-0.008376,-0.113847,3601.39,68.618752,74.570654,1775,-8.372322
2026-07-19 07:00:00+00:00,13.583306,13.581641,13.584961,0.973686,-0.008432,-0.030899,0.016403,-0.114465,-0.419726,0.222818,-0.008453,-0.114817,3599.433,68.50357,74.427236,1772,-8.453931
2026-07-19 08:00:00+00:00,13.579961,13.578125,13.581641,0.958025,-0.008455,-0.030899,0.026703,-0.114849,-0.419636,0.362591,-0.008463,-0.114902,3599.481,68.506248,74.376787,1775,-8.464202
2026-07-19 09:00:00+00:00,13.576608,13.575,13.578321,0.979195,-0.008211,-0.041962,0.017929,-0.111632,-0.569761,0.24344,-0.008247,-0.111921,3601.441,68.393749,74.387448,1778,-8.244176
2026-07-19 10:00:00+00:00,13.573402,13.57168,13.575195,0.945022,-0.008456,-0.034332,0.021362,-0.114826,-0.466041,0.289977,-0.008483,-0.115222,3599.613,,74.451219,1769,-8.484369
2026-07-19 11:00:00+00:00,13.570187,13.568555,13.571876,0.907657,-0.008149,-0.039673,0.024796,-0.110661,-0.538342,0.336512,-0.008167,-0.110865,3599.333,68.393749,74.494414,1780,-8.168791
2026-07-19 12:00:00+00:00,13.567005,13.56543,13.56875,0.956629,-0.008882,-0.033188,0.02327,-0.120427,-0.450298,0.315722,-0.008877,-0.120455,3599.361,,74.514496,1775,-8.878696
2026-07-19 13:00:00+00:00,13.563894,13.562304,13.565625,0.921057,-0.008572,-0.039291,0.016785,-0.116398,-0.532966,0.227655,-0.008566,-0.116216,3601.417,68.393749,74.517297,1767,-8.562268
2026-07-19 14:00:00+00:00,13.560806,13.55918,13.5625,0.947552,-0.008456,-0.033569,0.023651,-0.11484,-0.455179,0.22759,-0.008481,-0.115179,3599.671,68.482142,74.752791,1768,-8.481298
2026-07-19 15:00:00+00:00,13.557735,13.556055,13.559375,0.870658,-0.00855,-0.031662,0.019455,-0.115806,-0.429249,0.32069,-0.008586,-0.116135,3600.13,68.623865,75.039236,1779,-8.585781
2026-07-19 16:00:00+00:00,13.554675,13.553125,13.556251,0.874769,-0.008601,-0.031662,0.016022,-0.116711,-0.429168,0.217166,-0.00862,-0.116867,3600.147,68.733929,75.201818,1766,-8.620061
2026-07-19 17:00:00+00:00,13.551642,13.550196,13.553125,0.869877,-0.008834,-0.035858,0.017548,-0.119846,-0.485955,0.237787,-0.008862,-0.120152,3600.066,68.84375,75.213682,1765,-8.861971
2026-07-19 18:00:00+00:00,13.548715,13.547266,13.550391,0.846686,-0.00893,-0.038147,0.020599,-0.120776,-0.516891,0.279109,-0.008944,-0.120989,3600.153,68.643751,74.844125,1761,-8.944076
2026-07-19 19:00:00+00:00,13.545831,13.544336,13.547462,0.844504,-0.008375,-0.037384,0.029755,-0.113525,-0.506386,0.403088,-0.008393,-0.113832,3598.125,68.55125,74.632091,1776,-8.397485
2026-07-19 20:00:00+00:00,13.542918,13.541407,13.544532,0.893356,-0.008102,-0.040436,0.024033,-0.109525,-0.547629,0.325491,-0.008105,-0.109716,3602.005,68.501135,74.501849,1779,-8.100792
2026-07-19 21:00:00+00:00,13.540064,13.538477,13.541602,0.845726,-0.007883,-0.040054,0.019073,-0.106705,-0.542275,0.258263,-0.007889,-0.106916,3598.149,68.389999,74.393779,1764,-7.893136
2026-07-19 22:00:00+00:00,13.537152,13.535547,13.538672,0.794118,-0.007747,-0.04425,0.022507,-0.104846,-0.599058,0.304689,-0.007747,-0.10492,3599.994,68.398076,74.400176,1771,-7.747125
2026-07-19 23:00:00+00:00,13.534196,13.532813,13.535743,0.818274,-0.00765,-0.039291,0.026321,-0.103378,-0.531746,0.356254,-0.007672,-0.103813,3600.003,68.404999,74.511556,1760,-7.672406
2026-07-20 00:00:00+00:00,13.531432,13.530078,13.533008,0.813573,-0.007873,-0.037766,0.024033,-0.106714,-0.511037,0.325182,-0.007896,-0.106846,3600.23,68.493749,74.699395,1778,-7.895226
2026-07-20 01:00:00+00:00,13.528679,13.527344,13.530273,0.798331,-0.008127,-0.03624,0.021744,-0.109994,-0.490247,0.294148,-0.008136,-0.110054,3599.931,68.600001,74.918458,1776,-8.136544
2026-07-20 02:00:00+00:00,13.525975,13.52461,13.527344,0.799669,-0.008396,-0.034332,0.024414,-0.113532,-0.464411,0.330215,-0.008406,-0.11373,3600.306,68.621712,74.978573,1770,-8.405158
2026-07-20 03:00:00+00:00,13.523219,13.521875,13.52461,0.783688,-0.00799,-0.037766,0.016403,-0.108122,-0.510697,0.221815,-0.008014,-0.108358,3600.323,68.735001,75.087868,1776,-8.013142
2026-07-20 04:00:00+00:00,13.520601,13.519141,13.522071,0.794283,-0.008002,-0.039291,0.019455,-0.108167,-0.531209,0.263026,-0.007983,-0.107868,3600.441,68.542647,74.723862,1761,-7.982011
2026-07-20 05:00:00+00:00,13.517921,13.516602,13.519336,0.785322,-0.007536,-0.032806,0.018692,-0.102086,-0.443469,0.252671,-0.007543,-0.102158,3600.25,68.506248,74.406453,1777,-7.54269
2026-07-20 06:00:00+00:00,13.51528,13.513867,13.516602,0.773988,-0.007921,-0.035095,0.022125,-0.106805,-0.474341,0.299006,-0.007941,-0.10705,3600.065,68.393749,74.285652,1764,-7.940755
2026-07-20 07:00:00+00:00,13.512673,13.511329,13.514063,0.760291,-0.007965,-0.034714,0.019836,-0.107796,-0.469117,0.268044,-0.00793,-0.107344,3598.468,68.391071,74.233355,1769,-7.932885
2026-07-20 08:00:00+00:00,13.510075,13.508789,13.511523,0.730385,-0.007753,-0.031662,0.020981,-0.104795,-0.427721,0.283475,-0.007758,-0.104814,3602.388,,74.196054,1769,-7.753041
2026-07-20 09:00:00+00:00,13.507476,13.506055,13.508985,0.74706,-0.007489,-0.03891,0.020218,-0.101186,-0.525565,0.273084,-0.007502,-0.101324,3598.375,68.277941,74.108712,1768,-7.505298
2026-07-20 10:00:00+00:00,13.504952,13.503516,13.50625,0.732248,-0.007699,-0.046158,0.024033,-0.10397,-0.623401,0.324576,-0.007684,-0.103804,3600.061,68.28125,74.147057,1767,-7.683838
2026-07-20 11:00:00+00:00,13.502448,13.501172,13.503711,0.709116,-0.007729,-0.032043,0.02327,-0.104313,-0.432687,0.314195,-0.007742,-0.104458,3600.334,68.28125,74.210578,1773,-7.740884
2026-07-20 12:00:00+00:00,13.49988,13.498633,13.501172,0.742232,-0.007979,-0.042725,0.026703,-0.107567,-0.576774,0.360484,-0.007975,-0.107693,3600.139,68.28125,74.220697,1773,-7.974732
2026-07-20 13:00:00+00:00,13.497458,13.496094,13.498828,0.736858,-0.007803,-0.033951,0.020599,-0.105394,-0.458283,0.278051,-0.007831,-0.105632,3600.258,68.225,74.183577,1780,-7.830265
2026-07-20 14:00:00+00:00,13.494993,13.493751,13.496289,0.73551,-0.007703,-0.033951,0.018311,-0.104254,-0.458144,0.247117,-0.007715,-0.10416,3600.017,,74.159328,1766,-7.714531
2026-07-20 15:00:00+00:00,13.492577,13.491211,13.493751,0.726785,-0.007382,-0.035477,0.018311,-0.099772,-0.478665,0.247064,-0.007403,-0.099913,3599.776,68.28125,74.253341,1776,-7.403495
2026-07-20 16:00:00+00:00,13.490131,13.488868,13.491406,0.721396,-0.007688,-0.037003,0.017166,-0.103763,-0.499159,0.231562,-0.007713,-0.103983,3600.283,68.368181,74.592685,1760,-7.712435
2026-07-20 17:00:00+00:00,13.487772,13.486524,13.489062,0.700474,-0.007246,-0.037766,0.019455,-0.097834,-0.509347,0.262395,-0.007266,-0.098048,3600.099,68.398076,74.685426,1777,-7.265667
2026-07-20 18:00:00+00:00,13.485401,13.484179,13.486719,0.704967,-0.007887,-0.034332,0.024414,-0.106603,-0.463016,0.329256,-0.007912,-0.106821,3598.22,68.509999,74.844364,1769,-7.916221
2026-07-20 19:00:00+00:00,13.483063,13.481836,13.484375,0.678029,-0.006887,-0.048828,0.019455,-0.092802,-0.65834,0.262323,-0.006914,-0.093174,3601.844,72.053516,75.933914,1751,-6.910161
2026-07-20 20:00:00+00:00,13.480786,13.479492,13.482032,0.641571,-0.006801,-0.042725,0.035477,-0.091864,-0.575989,0.478215,-0.006778,-0.09153,3599.727,69.020536,75.029586,1778,-6.778189
2026-07-20 21:00:00+00:00,13.478561,13.477344,13.479688,0.679515,-0.006758,-0.041962,0.039291,-0.090966,-0.565597,0.529628,-0.006738,-0.090945,3583.42,68.531817,74.443165,1770,-6.768702
2026-07-20 22:00:00+00:00,13.476214,13.475,13.477344,0.65406,-0.006098,-0.034714,0.033569,-0.082321,-0.467781,0.452373,-0.006097,-0.082297,3599.804,68.393749,74.312683,1780,-6.09746
2026-07-20 23:00:00+00:00,13.473963,13.472852,13.475196,0.659081,-0.006651,-0.042725,0.026703,-0.089264,-0.575622,0.359806,-0.006637,-0.089396,3599.643,68.509557,74.321328,1771,-6.637376
2026-07-21 00:00:00+00:00,13.471704,13.470508,13.472852,0.627218,-0.006609,-0.041962,0.030136,-0.088953,-0.565311,0.40596,-0.006604,-0.088932,3599.767,68.487498,74.325095,1781,-6.604149
2026-07-21 01:00:00+00:00,13.469614,13.46836,13.470703,0.65285,-0.006642,-0.04425,0.030899,-0.089522,-0.596059,0.416202,-0.006647,-0.089549,3583.576,68.301973,74.209354,1768,-6.677622
2026-07-21 02:00:00+00:00,13.467291,13.466211,13.468554,0.64458,-0.006704,-0.044632,0.023651,-0.090418,-0.601119,0.318496,-0.006721,-0.090556,3599.892,68.368181,74.305855,1773,-6.721268
2026-07-21 03:00:00+00:00,13.465131,13.464063,13.466407,0.627976,-0.007033,-0.035477,0.021362,-0.094606,-0.477674,0.287661,-0.007031,-0.094625,3601.833,68.60577,74.61693,1780,-7.027014
2026-07-21 04:00:00+00:00,13.46304,13.461914,13.464258,0.624692,-0.007393,-0.046158,0.024796,-0.099824,-0.621427,0.333844,-0.007411,-0.099687,3599.957,68.756819,74.80502,1763,-7.410679
2026-07-21 05:00:00+00:00,13.46091,13.459765,13.46211,0.628348,-0.0071,-0.041199,0.024033,-0.095774,-0.554541,0.323478,-0.007107,-0.095799,3599.793,68.9,74.956196,1766,-7.107764
2026-07-21 06:00:00+00:00,13.458882,13.457812,13.459961,0.620423,-0.006948,-0.048065,0.023651,-0.093263,-0.646862,0.318329,-0.006941,-0.093271,3599.792,68.86625,74.772041,1775,-6.940919
2026-07-21 07:00:00+00:00,13.456763,13.455665,13.457812,0.608808,-0.006748,-0.044632,0.028992,-0.090969,-0.600553,0.390159,-0.006759,-0.091137,3599.805,68.656251,74.440256,1772,-6.759366
2026-07-21 08:00:00+00:00,13.454717,13.453516,13.455859,0.601709,-0.006664,-0.038528,0.037003,-0.089331,-0.518388,0.497829,-0.00665,-0.089285,3600.003,68.499998,74.303071,1778,-6.649779
2026-07-21 09:00:00+00:00,13.452679,13.451563,13.453712,0.613116,-0.006796,-0.034332,0.024414,-0.091206,-0.46187,0.328422,-0.006785,-0.091257,3599.936,68.389999,74.231152,1779,-6.785153
2026-07-21 10:00:00+00:00,13.450607,13.449414,13.451758,0.584346,-0.006908,-0.040054,0.02594,-0.092868,-0.538778,0.348902,-0.006927,-0.093245,3599.771,68.397499,74.22637,1775,-6.927152
2026-07-21 11:00:00+00:00,13.448625,13.447461,13.44961,0.599194,-0.006782,-0.046921,0.022125,-0.091159,-0.630984,0.297559,-0.006768,-0.09102,3599.966,68.393749,74.282117,1765,-6.76757
2026-07-21 12:00:00+00:00,13.44657,13.445508,13.447657,0.589359,-0.006376,-0.040436,0.022507,-0.085741,-0.543696,0.302641,-0.00638,-0.085576,3582.993,68.2875,74.261264,1758,-6.410331
2026-07-21 13:00:00+00:00,13.444652,13.443555,13.445704,0.592191,-0.006414,-0.03891,0.032043,-0.08619,-0.523148,0.430797,-0.006423,-0.086512,3599.964,68.32625,74.282291,1770,-6.423205
2026-07-21 14:00:00+00:00,13.442679,13.441602,13.44375,0.578676,-0.007109,-0.045013,0.028229,-0.095693,-0.605105,0.379473,-0.007079,-0.095166,3584.808,68.6375,74.679612,1770,-7.109091
2026-07-21 15:00:00+00:00,13.440767,13.439649,13.441797,0.536657,-0.007033,-0.037766,0.028229,-0.094536,-0.507621,0.379407,-0.007036,-0.094467,3599.535,68.889773,74.926804,1773,-7.036988
2026-07-21 16:00:00+00:00,13.438874,13.437891,13.439844,0.561055,-0.007184,-0.037384,0.033188,-0.096745,-0.502436,0.445994,-0.00721,-0.096859,3599.75,68.967499,75.012394,1777,-7.210111
2026-07-21 17:00:00+00:00,13.437018,13.435938,13.438087,0.510715,-0.006878,-0.035858,0.028229,-0.092524,-0.481823,0.379302,-0.006649,-0.08928,3448.542,68.934615,74.885801,1697,-6.941247
2026-07-21 18:00:00+00:00,13.435132,13.43418,13.436133,0.565691,-0.006692,-0.049973,0.025177,-0.089997,-0.671369,0.338272,-0.006707,-0.090124,3599.629,68.731251,74.573005,1777,-6.707473
2026-07-21 19:00:00+00:00,13.433263,13.432227,13.43418,0.528268,-0.007241,-0.040054,0.027847,-0.097291,-0.538066,0.374078,-0.007268,-0.097563,3599.961,68.731251,74.582598,1773,-7.267864
2026-07-21 20:00:00+00:00,13.431382,13.430469,13.432422,0.540745,-0.006929,-0.045013,0.031281,-0.093132,-0.604569,0.420167,-0.006916,-0.092967,3600.054,68.615001,74.464663,1785,-6.916223
2026-07-21 21:00:00+00:00,13.429547,13.428515,13.430664,0.497007,-0.006604,-0.03891,0.029373,-0.088695,-0.522548,0.394455,-0.006621,-0.088849,3601.732,68.618752,74.426093,1783,-6.617467
2026-07-21 22:00:00+00:00,13.427797,13.426758,13.428711,0.545295,-0.006555,-0.047302,0.027847,-0.088203,-0.635144,0.373931,-0.006561,-0.088172,3598.105,68.637501,74.555745,1782,-6.564652
2026-07-21 23:00:00+00:00,13.425995,13.425,13.426953,0.515448,-0.007047,-0.036621,0.02861,-0.094615,-0.491645,0.384115,-0.007037,-0.094415,3600.12,68.933749,74.956228,1776,-7.03638
2026-07-22 00:00:00+00:00,13.424245,13.423243,13.425196,0.523867,-0.007304,-0.047684,0.022125,-0.098078,-0.640098,0.296997,-0.0073,-0.097982,3600.112,69.076784,75.113088,1776,-7.300075
2026-07-22 01:00:00+00:00,13.422562,13.421679,13.423438,0.499903,-0.007028,-0.034332,0.022507,-0.094383,-0.46085,0.302109,-0.007037,-0.09415,3584.997,69.049998,75.028475,1768,-7.066497
2026-07-22 02:00:00+00:00,13.42076,13.419726,13.421679,0.512826,-0.00638,-0.031662,0.022125,-0.085745,-0.42492,0.296949,-0.006381,-0.085634,3599.519,69.085293,75.066125,1774,-6.381994
2026-07-22 03:00:00+00:00,13.419069,13.418164,13.419922,0.507741,-0.006095,-0.040054,0.030136,-0.081878,-0.537526,0.404418,-0.006104,-0.08189,3601.369,68.84375,74.812668,1781,-6.101657
2026-07-22 04:00:00+00:00,13.417373,13.416407,13.41836,0.508104,-0.005929,-0.034714,0.022888,-0.07955,-0.465768,0.307091,-0.005927,-0.079553,3598.075,68.607501,74.446903,1775,-5.930257
2026-07-22 05:00:00+00:00,13.415726,13.414844,13.416602,0.504707,-0.0065,-0.034714,0.016403,-0.087371,-0.465713,0.220059,-0.006492,-0.087108,3600.146,68.503288,74.302433,1776,-6.49169
2026-07-22 06:00:00+00:00,13.414055,13.413086,13.415039,0.467471,-0.006063,-0.037003,0.021362,-0.08145,-0.496369,0.286559,-0.006081,-0.081611,3599.89,,74.258073,1776,-6.081246
2026-07-22 07:00:00+00:00,13.412386,13.411524,13.413281,0.510187,-0.005509,-0.034714,0.026321,-0.073719,-0.465591,0.353026,-0.00551,-0.073947,3600.137,68.470453,74.296185,1768,-5.509836
2026-07-22 08:00:00+00:00,13.410706,13.409766,13.411719,0.462347,-0.006513,-0.040436,0.027847,-0.087356,-0.542306,0.373458,-0.006512,-0.087317,3600.242,68.726924,74.655377,1779,-6.511823
2026-07-22 09:00:00+00:00,13.409153,13.408203,13.409961,0.473462,-0.006651,-0.042343,0.024033,-0.089234,-0.56777,0.322248,-0.006643,-0.089116,3601.376,68.840789,74.852557,1774,-6.640477
2026-07-22 10:00:00+00:00,13.407559,13.406641,13.408399,0.468632,-0.006297,-0.04425,0.032806,-0.084194,-0.593302,0.439862,-0.006291,-0.084268,3598.562,68.88875,74.898929,1777,-6.293989
2026-07-22 11:00:00+00:00,13.405983,13.405078,13.406837,0.478215,-0.006679,-0.04158,0.022125,-0.089507,-0.55741,0.296608,-0.006671,-0.089406,3600.476,68.956249,74.974039,1775,-6.669876
2026-07-22 12:00:00+00:00,13.404485,13.403516,13.405273,0.454325,-0.006705,-0.03624,0.029755,-0.08984,-0.485781,0.398834,-0.006705,-0.089737,3600.545,68.924107,74.851963,1777,-6.704405
2026-07-22 13:00:00+00:00,13.402903,13.402148,13.403711,0.453795,-0.006409,-0.038528,0.026321,-0.085989,-0.516371,0.352769,-0.006367,-0.085455,3583.3,68.750001,74.558455,1770,-6.396778
2026-07-22 14:00:00+00:00,13.401379,13.400586,13.402148,0.454999,-0.00591,-0.037003,0.02861,-0.079159,-0.495863,0.383394,-0.005831,-0.078164,3584.249,68.62143,74.404375,1765,-5.856556
2026-07-22 15:00:00+00:00,13.399817,13.399024,13.400782,0.454569,-0.005925,-0.040054,0.027847,-0.079619,-0.536744,0.373159,-0.005923,-0.079528,3598.291,68.618752,74.404681,1778,-5.925562
2026-07-22 16:00:00+00:00,13.398367,13.397461,13.399219,0.444033,-0.006117,-0.034714,0.025177,-0.081998,-0.46511,0.337323,-0.006135,-0.082243,3600.366,68.614424,74.388547,1778,-6.134171
2026-07-22 17:00:00+00:00,13.396872,13.396094,13.397656,0.457333,-0.006195,-0.035858,0.021744,-0.082687,-0.480366,0.291316,-0.006185,-0.082796,3600.155,68.398863,74.3025,1777,-6.1848
2026-07-22 18:00:00+00:00,13.395415,13.394531,13.396289,0.416917,-0.005995,-0.03624,0.049591,-0.080228,-0.485441,0.664317,-0.005984,-0.080126,3576.229,68.302885,74.19431,1766,-6.024229
2026-07-22 19:00:00+00:00,13.393905,13.393165,13.394727,0.417996,-0.006053,-0.040436,0.02594,-0.0811,-0.541579,0.347448,-0.006067,-0.080996,3585.189,68.596251,74.381738,1762,-6.092097
2026-07-22 20:00:00+00:00,13.392481,13.391797,13.393359,0.391348,-0.006314,-0.037384,0.028992,-0.084525,-0.500691,0.388262,-0.00632,-0.084194,3585.334,68.766407,74.66829,1763,-6.346102
2026-07-22 21:00:00+00:00,13.391076,13.390235,13.391993,0.408518,-0.006699,-0.033951,0.02594,-0.089768,-0.454636,0.347377,-0.006621,-0.088881,3567.735,68.946875,74.922997,1757,-6.681046
2026-07-22 22:00:00+00:00,13.38975,13.388867,13.390625,0.410164,-0.006301,-0.032425,0.02594,-0.084385,-0.434165,0.347332,-0.006292,-0.083652,3585.087,69.032352,74.940578,1764,-6.318542
2026-07-22 23:00:00+00:00,13.388383,13.3875,13.389063,0.408817,-0.006592,-0.037384,0.022507,-0.088156,-0.50053,0.301339,-0.006594,-0.088285,3600.397,69.181252,75.123969,1777,-6.592913
2026-07-23 00:00:00+00:00,13.386992,13.386329,13.387695,0.400673,-0.006314,-0.037384,0.02327,-0.084504,-0.500479,0.311518,-0.006309,-0.084493,3600.208,69.06875,74.975703,1783,-6.308729
2026-07-23 01:00:00+00:00,13.385683,13.384961,13.386523,0.38873,-0.006269,-0.035858,0.027466,-0.08403,-0.480002,0.36764,-0.006265,-0.083956,3600.312,68.747322,74.592968,1788,-6.264541
2026-07-23 02:00:00+00:00,13.384326,13.383594,13.385157,0.424044,-0.006233,-0.038147,0.022125,-0.083119,-0.510544,0.296124,-0.006235,-0.083262,3600.36,68.699108,74.464755,1766,-6.234572
2026-07-23 03:00:00+00:00,13.383042,13.382227,13.383789,0.394949,-0.005837,-0.036621,0.024033,-0.078189,-0.490115,0.321624,-0.005797,-0.077702,3598.455,68.515624,74.347328,1767,-5.799888
2026-07-23 04:00:00+00:00,13.38174,13.381055,13.382422,0.390812,-0.005919,-0.035858,0.027847,-0.079197,-0.479827,0.372659,-0.005921,-0.079212,3600.424,68.481249,74.268911,1781,-5.920194
2026-07-23 05:00:00+00:00,13.380436,13.379687,13.38125,0.3774,-0.00589,-0.04158,0.031662,-0.078767,-0.556354,0.423652,-0.005881,-0.078656,3600.499,68.385714,74.204442,1780,-5.880565
2026-07-23 06:00:00+00:00,13.37917,13.378516,13.379883,0.395526,-0.005748,-0.041962,0.02594,-0.076893,-0.561426,0.347068,-0.005761,-0.077019,3600.452,68.28125,74.125459,1765,-5.760006
2026-07-23 07:00:00+00:00,13.377921,13.377149,13.378711,0.365895,-0.005614,-0.041199,0.029373,-0.075237,-0.55113,0.392935,-0.005607,-0.075057,3598.469,68.28125,74.096781,1776,-5.609882
2026-07-23 08:00:00+00:00,13.376707,13.375977,13.377344,0.379838,-0.005982,-0.034332,0.020599,-0.080109,-0.459234,0.275545,-0.005971,-0.079898,3600.384,68.393749,74.317555,1774,-5.970289
2026-07-23 09:00:00+00:00,13.375385,13.374804,13.376172,0.35982,-0.006454,-0.037003,0.024414,-0.086351,-0.494909,0.326557,-0.006447,-0.086283,3600.463,68.731251,74.696705,1783,-6.446377
2026-07-23 10:00:00+00:00,13.374231,13.373633,13.375,0.343135,-0.006766,-0.045395,0.035095,-0.09056,-0.607148,0.469357,-0.006776,-0.09056,3600.407,68.928124,74.934674,1777,-6.775202
2026-07-23 11:00:00+00:00,13.373034,13.372461,13.373633,0.340239,-0.006534,-0.039673,0.020599,-0.087514,-0.530547,0.275468,-0.006552,-0.08759,3600.568,69.074999,75.067003,1775,-6.550962
2026-07-23 12:00:00+00:00,13.371905,13.371289,13.372657,0.34043,-0.006699,-0.03891,0.022507,-0.089409,-0.520291,0.300961,-0.006686,-0.08939,3598.539,69.181252,75.137062,1778,-6.688472
2026-07-23 13:00:00+00:00,13.370812,13.370117,13.371485,0.352867,-0.006203,-0.033569,0.020599,-0.082889,-0.448852,0.275428,-0.006186,-0.082727,3600.512,68.933088,74.762803,1774,-6.185451
2026-07-23 14:00:00+00:00,13.369682,13.368945,13.370313,0.347151,-0.006673,-0.037384,0.021744,-0.089103,-0.499814,0.290717,-0.006671,-0.089066,3600.269,68.86625,74.606522,1773,-6.670006
2026-07-23 15:00:00+00:00,13.368524,13.367774,13.369141,0.341199,-0.006207,-0.040817,0.024796,-0.083156,-0.545652,0.331495,-0.006234,-0.083476,3600.406,68.727501,74.481992,1779,-6.233535
2026-07-23 16:00:00+00:00,13.367421,13.366797,13.367969,0.340946,-0.006403,-0.044632,0.021744,-0.085661,-0.596604,0.290649,-0.0064,-0.085589,3600.267,68.618752,74.394785,1777,-6.399387
2026-07-23 17:00:00+00:00,13.366376,13.365625,13.366992,0.323886,-0.005969,-0.034714,0.024796,-0.079809,-0.463998,0.331413,-0.005921,-0.079202,3582.047,68.609376,74.352067,1768,-5.950833
2026-07-23 18:00:00+00:00,13.365258,13.364649,13.365821,0.322251,-0.006558,-0.042725,0.029373,-0.087772,-0.571041,0.392574,-0.006552,-0.087521,3600.321,68.623079,74.363637,1773,-6.551198
2026-07-23 19:00:00+00:00,13.364169,13.363477,13.364844,0.326448,-0.006275,-0.033569,0.028992,-0.083728,-0.448636,0.387436,-0.006248,-0.083488,3600.375,68.731251,74.432432,1777,-6.247547
2026-07-23 20:00:00+00:00,13.363161,13.3625,13.363868,0.329647,-0.005824,-0.043869,0.031662,-0.077733,-0.586225,0.423114,-0.005837,-0.078003,3600.274,68.63,74.42114,1778,-5.836302
2026-07-23 21:00:00+00:00,13.362112,13.361328,13.362696,0.342306,-0.006151,-0.040054,0.030899,-0.082395,-0.53521,0.412883,-0.00614,-0.081595,3598.78,68.514284,74.317237,1778,-6.142549
2026-07-23 22:00:00+00:00,13.361083,13.360547,13.361719,0.301642,-0.006412,-0.040817,0.02861,-0.085426,-0.545381,0.382276,-0.006405,-0.0854,3600.296,68.409821,74.316506,1777,-6.404193
2026-07-23 23:00:00+00:00,13.360079,13.359571,13.360743,0.303869,-0.006141,-0.046921,0.027466,-0.081974,-0.626851,0.366948,-0.00609,-0.081792,3585.141,68.511362,74.285205,1772,-6.115249
2026-07-24 00:00:00+00:00,13.3591,13.358398,13.359766,0.300623,-0.006712,-0.045395,0.025558,-0.089622,-0.606439,0.34143,-0.006706,-0.089617,3598.207,68.618752,74.321224,1782,-6.70917
2026-07-24 01:00:00+00:00,13.358135,13.357617,13.358789,0.296101,-0.006279,-0.038147,0.032806,-0.083911,-0.509582,0.438241,-0.006227,-0.083284,3570.455,68.651317,74.476708,1751,-6.278309
2026-07-24 02:00:00+00:00,13.357119,13.356641,13.357617,0.282296,-0.00658,-0.03624,0.020218,-0.08787,-0.484054,0.270055,-0.006563,-0.08779,3600.426,68.891346,74.776996,1769,-6.562632
2026-07-24 03:00:00+00:00,13.35622,13.355664,13.356836,0.265701,-0.006703,-0.040817,0.024414,-0.089841,-0.54515,0.326085,-0.006721,-0.089871,3600.349,68.956249,74.864714,1781,-6.719964
2026-07-24 04:00:00+00:00,13.355322,13.354688,13.35586,0.294434,-0.007153,-0.043869,0.022125,-0.095346,-0.585883,0.29548,-0.007115,-0.094932,3600.532,69.071709,74.958044,1777,-7.11418
2026-07-24 05:00:00+00:00,13.354438,13.353907,13.354883,0.274779,-0.006774,-0.045395,0.025558,-0.090465,-0.606217,0.341315,-0.006773,-0.090426,3598.388,69.06875,74.936496,1779,-6.775951
2026-07-24 06:00:00+00:00,13.353512,13.35293,13.354102,0.28364,-0.006337,-0.045776,0.025177,-0.08453,-0.611293,0.336192,-0.006361,-0.084919,3600.54,68.7875,74.557178,1780,-6.360532
2026-07-24 07:00:00+00:00,13.352646,13.351954,13.353126,0.293,-0.006195,-0.041962,0.026321,-0.082578,-0.560295,0.351463,-0.006175,-0.082339,3600.44,68.614424,74.355059,1776,-6.173974
2026-07-24 08:00:00+00:00,13.351778,13.351172,13.352344,0.258922,-0.006277,-0.039291,0.027847,-0.083589,-0.524601,0.371805,-0.006283,-0.083756,3600.547,68.499998,74.2625,1779,-6.282488
2026-07-24 09:00:00+00:00,13.35091,13.35039,13.351367,0.282201,-0.00623,-0.04158,0.033951,-0.08315,-0.555144,0.453276,-0.006187,-0.082833,3598.742,68.393749,74.170364,1772,-6.189417
2026-07-24 10:00:00+00:00,13.350071,13.349609,13.350586,0.269433,-0.006128,-0.035858,0.029755,-0.081956,-0.478699,0.397219,-0.006139,-0.08192,3600.605,68.393749,74.216135,1780,-6.137778
2026-07-24 11:00:00+00:00,13.349247,13.348633,13.349805,0.247632,-0.006382,-0.038528,0.026321,-0.085148,-0.514317,0.35137,-0.006381,-0.085094,3600.431,68.387499,74.221506,1765,-6.380525
2026-07-24 12:00:00+00:00,13.348419,13.347852,13.349024,0.257838,-0.005827,-0.037766,0.028229,-0.077995,-0.504103,0.376821,-0.005813,-0.077785,3598.409,68.397499,74.179049,1773,-5.815893
2026-07-24 13:00:00+00:00,13.34763,13.347071,13.348047,0.262136,-0.006227,-0.039673,0.024414,-0.083042,-0.529524,0.325866,-0.006224,-0.083083,3600.326,68.393749,74.168482,1778,-6.223357
2026-07-24 14:00:00+00:00,13.346807,13.34629,13.347266,0.270603,-0.006077,-0.04425,0.029755,-0.081185,-0.590606,0.397137,-0.006094,-0.081297,3600.395,68.512499,74.258736,1779,-6.093603
2026-07-24 15:00:00+00:00,13.346049,13.345508,13.346484,0.234318,-0.005877,-0.038528,0.030518,-0.078329,-0.514197,0.407279,-0.005867,-0.078222,3600.354,68.529411,74.412032,1768,-5.866445
2026-07-24 16:00:00+00:00,13.345253,13.344727,13.345703,0.248571,-0.006644,-0.042343,0.025558,-0.08853,-0.565074,0.341086,-0.00663,-0.088461,3600.482,68.731251,74.557913,1778,-6.628698
2026-07-24 17:00:00+00:00,13.344517,13.343946,13.344922,0.239269,-0.005951,-0.041199,0.029373,-0.079312,-0.54977,0.391977,-0.005928,-0.079132,3576.347,68.576563,74.408583,1764,-5.967276
2026-07-24 18:00:00+00:00,13.343769,13.34336,13.344141,0.243149,-0.006531,-0.034714,0.024796,-0.087292,-0.463205,0.330861,-0.006538,-0.087295,3600.315,68.675001,74.585326,1779,-6.5378
2026-07-24 19:00:00+00:00,13.343048,13.342578,13.343554,0.231255,-0.006388,-0.051498,0.028229,-0.08512,-0.687162,0.376655,-0.006376,-0.085179,3599.171,68.9,74.825888,1775,-6.377695
2026-07-24 20:00:00+00:00,13.342344,13.341797,13.342773,0.228673,-0.006772,-0.040817,0.022507,-0.090412,-0.544584,0.300293,-0.006772,-0.090379,3600.39,69.040624,74.93595,1782,-6.770767
2026-07-24 21:00:00+00:00,13.341645,13.341211,13.342188,0.212304,-0.007036,-0.050354,0.025558,-0.093956,-0.671803,0.341001,-0.007025,-0.093805,3600.357,69.11,75.029716,1776,-7.024236
2026-07-24 22:00:00+00:00,13.34099,13.340625,13.341407,0.217408,-0.006408,-0.037766,0.032043,-0.085392,-0.503838,0.427499,-0.006408,-0.085427,3600.272,68.997499,74.800017,1777,-6.407688
2026-07-24 23:00:00+00:00,13.340337,13.339844,13.34082,0.202355,-0.006646,-0.045013,0.022507,-0.088626,-0.600472,0.300254,-0.00664,-0.088563,3600.362,68.835714,74.563646,1774,-6.639108
2026-07-25 00:00:00+00:00,13.339706,13.339258,13.340039,0.213072,-0.006165,-0.043869,0.02327,-0.082185,-0.585197,0.310414,-0.006159,-0.082176,3598.346,68.656251,74.421422,1781,-6.161518
2026-07-25 01:00:00+00:00,13.33904,13.338672,13.339454,0.230047,-0.005907,-0.043106,0.026321,-0.078739,-0.575012,0.351103,-0.005911,-0.078785,3600.33,68.449997,74.295259,1785,-5.910819
2026-07-25 02:00:00+00:00,13.338405,13.337891,13.338867,0.214573,-0.006014,-0.03891,0.033951,-0.08021,-0.518999,0.452839,-0.006011,-0.080169,3600.428,68.387499,74.213993,1782,-6.010422
2026-07-25 03:00:00+00:00,13.33775,13.337305,13.338086,0.205372,-0.005962,-0.042725,0.032806,-0.079491,-0.569848,0.437555,-0.00597,-0.079497,3600.506,68.393749,74.146374,1786,-5.968725
2026-07-25 04:00:00+00:00,13.337152,13.336719,13.337501,0.209383,-0.0062,-0.039291,0.031281,-0.082973,-0.524033,0.417186,-0.006217,-0.082941,3598.584,68.39671,74.108594,1769,-6.219151
2026-07-25 05:00:00+00:00,13.336538,13.336133,13.336914,0.21025,-0.006204,-0.042725,0.033188,-0.082819,-0.569789,0.442617,-0.006204,-0.082707,3600.486,68.597116,74.410922,1778,-6.20292
2026-07-25 06:00:00+00:00,13.335878,13.335547,13.336329,0.20301,-0.006423,-0.042725,0.032043,-0.085303,-0.569781,0.427323,-0.006418,-0.08532,3600.541,68.9,74.772107,1779,-6.416587
2026-07-25 07:00:00+00:00,13.335326,13.334961,13.335742,0.189515,-0.006744,-0.040054,0.03624,-0.089993,-0.534139,0.483275,-0.006749,-0.090019,3600.44,69.024999,74.921352,1780,-6.747831
2026-07-25 08:00:00+00:00,13.33482,13.334375,13.335156,0.188194,-0.006744,-0.039291,0.027847,-0.090131,-0.523941,0.371337,-0.006755,-0.090234,3598.523,69.068748,74.994245,1776,-6.757754
2026-07-25 09:00:00+00:00,13.33428,13.333984,13.334571,0.187336,-0.006633,-0.044632,0.023651,-0.088323,-0.595131,0.315373,-0.006626,-0.088345,3600.479,68.993749,74.895097,1764,-6.625389
2026-07-25 10:00:00+00:00,13.333718,13.333399,13.33418,0.19278,-0.006376,-0.045776,0.032806,-0.084948,-0.610363,0.43744,-0.006399,-0.085365,3600.486,68.822115,74.54419,1776,-6.398506
2026-07-25 11:00:00+00:00,13.33321,13.332812,13.333594,0.189148,-0.005952,-0.04425,0.026703,-0.079572,-0.590009,0.356035,-0.005971,-0.078516,3587.67,68.725001,74.421964,1775,-5.991595
2026-07-25 12:00:00+00:00,13.332692,13.332227,13.333008,0.183714,-0.006873,-0.043488,0.026321,-0.09154,-0.579811,0.350938,-0.006856,-0.091433,3598.368,68.616073,74.367612,1778,-6.858691
2026-07-25 13:00:00+00:00,13.332179,13.331836,13.332618,0.172739,-0.006382,-0.042343,0.026703,-0.084961,-0.56452,0.356009,-0.006364,-0.084868,3600.347,68.618752,74.319851,1783,-6.36302
2026-07-25 14:00:00+00:00,13.331706,13.33125,13.332031,0.177749,-0.006198,-0.041199,0.028229,-0.082546,-0.549247,0.37633,-0.006191,-0.082451,3600.503,68.618752,74.32349,1779,-6.190505
2026-07-25 15:00:00+00:00,13.331202,13.330859,13.331641,0.17618,-0.006413,-0.040054,0.027847,-0.085461,-0.533966,0.371239,-0.006433,-0.085601,3600.347,68.575,74.318487,1777,-6.432609
2026-07-25 16:00:00+00:00,13.330729,13.330469,13.331055,0.178618,-0.006025,-0.039291,0.030136,-0.080332,-0.523788,0.40174,-0.006007,-0.080131,3602.479,68.393749,74.232324,1783,-6.00267
2026-07-25 17:00:00+00:00,13.330257,13.329883,13.330665,0.158808,-0.005875,-0.03891,0.024796,-0.078364,-0.518672,0.330526,-0.005876,-0.078533,3596.548,68.307211,74.168976,1781,-5.881979
2026-07-25 18:00:00+00:00,13.329756,13.329493,13.330078,0.182812,-0.006765,-0.042343,0.024796,-0.09012,-0.564421,0.330522,-0.006751,-0.089982,3600.453,68.351562,74.257625,1767,-6.749744
2026-07-25 19:00:00+00:00,13.329306,13.328906,13.329688,0.158071,-0.006919,-0.05455,0.022507,-0.092262,-0.727115,0.300003,-0.006941,-0.092562,3598.567,68.4875,74.377687,1754,-6.943607
2026-07-25 20:00:00+00:00,13.328902,13.328516,13.329297,0.146331,-0.006483,-0.04425,0.027084,-0.086332,-0.589811,0.360994,-0.006453,-0.086006,3599.65,68.712501,74.617955,1778,-6.45344
2026-07-25 21:00:00+00:00,13.328489,13.328125,13.328906,0.149336,-0.006907,-0.049973,0.022125,-0.09229,-0.66605,0.294892,-0.006949,-0.092555,3601.552,68.88125,74.843738,1762,-6.94572
2026-07-25 22:00:00+00:00,13.328112,13.327735,13.328516,0.141259,-0.006478,-0.046539,0.030518,-0.086264,-0.620273,0.406736,-0.006471,-0.086217,3600.032,69.044642,74.931604,1777,-6.470926
2026-07-25 23:00:00+00:00,13.327727,13.327539,13.328125,0.141021,-0.006534,-0.038528,0.028229,-0.086907,-0.513497,0.37622,-0.006505,-0.086818,3599.365,69.203751,75.056705,1772,-6.506173
2026-07-26 00:00:00+00:00,13.327369,13.327148,13.327735,0.139144,-0.006729,-0.042343,0.027084,-0.089638,-0.564322,0.360962,-0.006712,-0.089445,3599.537,68.994737,74.827127,1776,-6.713131
2026-07-26 01:00:00+00:00,13.326991,13.326563,13.327344,0.155096,-0.00639,-0.043869,0.030899,-0.085242,-0.584632,0.411796,-0.006403,-0.085258,3601.374,68.704168,74.47852,1787,-6.400202
2026-07-26 02:00:00+00:00,13.326617,13.326367,13.326953,0.163882,-0.006062,-0.037384,0.025558,-0.080789,-0.498208,0.340612,-0.006057,-0.080813,3598.455,68.600001,74.350012,1776,-6.059782
2026-07-26 03:00:00+00:00,13.326243,13.325976,13.326563,0.159563,-0.006221,-0.057602,0.037384,-0.082808,-0.767613,0.498186,-0.00622,-0.082753,3600.818,68.506248,74.296221,1783,-6.219045
2026-07-26 04:00:00+00:00,13.325934,13.325586,13.326172,0.146113,-0.006292,-0.037384,0.02327,-0.083706,-0.498179,0.310091,-0.006294,-0.083864,3600.129,68.443749,74.207987,1780,-6.293348
2026-07-26 05:00:00+00:00,13.325573,13.325391,13.325782,0.137763,-0.005947,-0.040054,0.026703,-0.079267,-0.53374,0.355832,-0.005936,-0.079235,3600.321,68.393749,74.178246,1782,-5.93545
2026-07-26 06:00:00+00:00,13.325218,13.325,13.325586,0.139701,-0.006183,-0.043869,0.029373,-0.082512,-0.584572,0.391409,-0.006203,-0.082663,3599.267,68.28125,74.144944,1771,-6.204444
2026-07-26 07:00:00+00:00,13.324909,13.32461,13.325195,0.146616,-0.005958,-0.040436,0.028229,-0.079424,-0.538807,0.376143,-0.00596,-0.079462,3600.557,68.530357,74.351801,1774,-5.95937
2026-07-26 08:00:00+00:00,13.324598,13.324414,13.324805,0.137859,-0.006593,-0.039291,0.025177,-0.08776,-0.523542,0.335474,-0.006603,-0.087928,3600.028,68.79875,74.712406,1776,-6.60338
2026-07-26 09:00:00+00:00,13.324307,13.324023,13.32461,0.132358,-0.006859,-0.04158,0.027847,-0.091227,-0.554032,0.371043,-0.006849,-0.091218,3600.399,68.86625,74.846068,1783,-6.847784
2026-07-26 10:00:00+00:00,13.324032,13.323829,13.324219,0.137644,-0.006729,-0.042343,0.02861,-0.089901,-0.564181,0.381203,-0.006743,-0.089884,3600.04,69.012499,74.921641,1770,-6.743185
2026-07-26 11:00:00+00:00,13.32379,13.323438,13.324023,0.133704,-0.006777,-0.035095,0.026703,-0.089996,-0.467596,0.355785,-0.006765,-0.090003,3599.578,69.042499,74.872871,1774,-6.765815
2026-07-26 12:00:00+00:00,13.323526,13.323242,13.323829,0.132512,-0.006579,-0.045013,0.032425,-0.087808,-0.599734,0.432011,-0.006589,-0.087881,3598.505,68.805263,74.567377,1767,-6.591265
2026-07-26 13:00:00+00:00,13.323266,13.323047,13.323438,0.136118,-0.006661,-0.041199,0.030518,-0.089147,-0.548901,0.406593,-0.006695,-0.089209,3600.631,68.648531,74.407591,1771,-6.693516
2026-07-26 14:00:00+00:00,13.323027,13.322852,13.323242,0.136758,-0.005953,-0.042343,0.025558,-0.079226,-0.56414,0.340517,-0.005944,-0.079191,3600.864,68.607501,74.317539,1771,-5.942231
2026-07-26 15:00:00+00:00,13.322767,13.322461,13.323047,0.114388,-0.00626,-0.044632,0.028229,-0.083436,-0.594625,0.376082,-0.006261,-0.083439,3598.701,68.618752,74.279679,1771,-6.263597
2026-07-26 16:00:00+00:00,13.322555,13.322266,13.322852,0.112166,-0.005806,-0.045395,0.032425,-0.07727,-0.604781,0.43198,-0.005797,-0.077229,3600.631,68.506248,74.244312,1777,-5.795644
2026-07-26 17:00:00+00:00,13.322328,13.32207,13.322657,0.124547,-0.005963,-0.042725,0.031662,-0.079421,-0.569197,0.421816,-0.005968,-0.079417,3600.468,68.431249,74.229929,1786,-5.967307
2026-07-26 18:00:00+00:00,13.322106,13.321876,13.322461,0.134292,-0.005928,-0.048828,0.029755,-0.078922,-0.650492,0.396393,-0.005941,-0.079113,3600.647,68.393749,74.1512,1775,-5.940292
2026-07-26 19:00:00+00:00,13.321853,13.32168,13.32207,0.13624,-0.005992,-0.041962,0.024033,-0.079868,-0.559,0.320159,-0.005969,-0.079591,3600.246,68.478124,74.20125,1775,-5.968412
2026-07-26 20:00:00+00:00,13.321614,13.321485,13.321876,0.122073,-0.006169,-0.038147,0.02861,-0.082424,-0.508182,0.381131,-0.006204,-0.082638,3598.3,68.596251,74.294883,1773,-6.207377
2026-07-26 21:00:00+00:00,13.321423,13.321289,13.32168,0.124009,-0.006156,-0.04158,0.026703,-0.081955,-0.553902,0.355722,-0.006147,-0.081896,3601.242,68.623865,74.356059,1774,-6.144821
2026-07-26 22:00:00+00:00,13.321212,13.321094,13.321485,0.114906,-0.006309,-0.039673,0.030136,-0.083954,-0.528494,0.401452,-0.006348,-0.084517,3598.386,68.734559,74.426111,1772,-6.350496
2026-07-26 23:00:00+00:00,13.321052,13.320899,13.321289,0.131409,-0.006515,-0.043106,0.026703,-0.086753,-0.57422,0.355712,-0.006507,-0.086669,3600.017,68.8775,74.637042,1784,-6.506592
2026-07-27 00:00:00+00:00,13.320903,13.320704,13.321094,0.138018,-0.006594,-0.044632,0.024033,-0.087809,-0.594538,0.32014,-0.006579,-0.087621,3601.139,68.84,74.743879,1775,-6.576794
2026-07-27 01:00:00+00:00,13.320762,13.320508,13.320899,0.125456,-0.006327,-0.03891,0.024033,-0.084413,-0.518307,0.320131,-0.006346,-0.084594,3598.972,68.851786,74.669844,1775,-6.347987
2026-07-27 02:00:00+00:00,13.320593,13.320312,13.320704,0.1088,-0.006633,-0.045395,0.02327,-0.08843,-0.604683,0.309964,-0.006652,-0.088624,3600.63,68.5625,74.334844,1778,-6.651325
2026-07-27 03:00:00+00:00,13.32041,13.320312,13.320508,0.097845,-0.005942,-0.038147,0.027084,-0.079199,-0.508137,0.360772,-0.005954,-0.079306,3600.01,68.491446,74.266992,1789,-5.953598
2026-07-27 04:00:00+00:00,13.320224,13.320117,13.320508,0.10653,-0.005801,-0.038147,0.028229,-0.077437,-0.508122,0.376016,-0.0058,-0.07729,3599.416,68.388636,74.150666,1774,-5.800968
2026-07-27 05:00:00+00:00,13.320062,13.319922,13.320312,0.126563,-0.006065,-0.04921,0.028992,-0.080879,-0.655478,0.386167,-0.00608,-0.08101,3601.525,68.449999,74.240585,1772,-6.077226
2026-07-27 06:00:00+00:00,13.319892,13.319727,13.320117,0.134604,-0.006513,-0.046158,0.034332,-0.086717,-0.614819,0.457303,-0.006527,-0.086928,3598.611,68.746592,74.597272,1774,-6.529821
2026-07-27 07:00:00+00:00,13.319815,13.319531,13.319922,0.106759,-0.006614,-0.03624,0.027084,-0.088274,-0.482709,0.360756,-0.00664,-0.088473,3601.486,68.80625,74.615945,1770,-6.637045
2026-07-27 08:00:00+00:00,13.31963,13.319531,13.319922,0.099147,-0.006202,-0.042343,0.025558,-0.08248,-0.563999,0.340432,-0.006187,-0.0824,3598.511,68.548437,74.304716,1781,-6.189182
2026-07-27 09:00:00+00:00,13.319525,13.319336,13.319727,0.138509,-0.005903,-0.037766,0.025177,-0.078767,-0.503019,0.335346,-0.005909,-0.07868,3600.278,68.429545,74.17621,1771,-5.908157
2026-07-27 10:00:00+00:00,13.319414,13.31914,13.319531,0.114714,-0.005778,-0.042725,0.03624,-0.07705,-0.569072,0.482688,-0.005798,-0.077206,3599.511,68.404999,74.158927,1768,-5.799236
2026-07-27 11:00:00+00:00,13.319238,13.318946,13.319336,0.098474,-0.006439,-0.036621,0.021362,-0.085848,-0.487769,0.284528,-0.006437,-0.085709,3601.291,68.5625,74.298453,1776,-6.43477
2026-07-27 12:00:00+00:00,13.319051,13.318946,13.319336,0.104555,-0.006666,-0.045395,0.023651,-0.088432,-0.604621,0.315013,-0.006629,-0.08828,3599.392,68.698685,74.606561,1772,-6.629912
2026-07-27 13:00:00+00:00,13.319039,13.31875,13.31914,0.101711,-0.006436,-0.042343,0.030518,-0.085784,-0.563966,0.406462,-0.006429,-0.08561,3599.808,68.712502,74.584324,1776,-6.428922
2026-07-27 14:00:00+00:00,13.318857,13.31875,13.31914,0.106107,-0.006253,-0.048065,0.027466,-0.083471,-0.640178,0.36581,-0.006253,-0.083285,3599.459,68.615791,74.360546,1767,-6.253454
2026-07-27 15:00:00+00:00,13.318827,13.318555,13.318946,0.115052,-0.005643,-0.04425,0.032806,-0.075095,-0.589361,0.43694,-0.005662,-0.075289,3600.989,68.478125,74.230062,1778,-5.66083
2026-07-27 16:00:00+00:00,13.318654,13.318555,13.318946,0.099645,-0.005764,-0.035858,0.030899,-0.076856,-0.477579,0.411537,-0.005764,-0.07693,3599.457,68.28125,74.086387,1770,-5.765326
2026-07-27 17:00:00+00:00,13.318503,13.318359,13.31875,0.128444,-0.005913,-0.048447,0.027466,-0.078795,-0.64523,0.365805,-0.005915,-0.0788,3600.351,68.216965,74.06664,1778,-5.914415
2026-07-27 18:00:00+00:00,13.318454,13.318164,13.318555,0.10162,-0.00573,-0.038528,0.030899,-0.076445,-0.513143,0.411525,-0.005755,-0.076642,3599.142,68.351562,74.174847,1782,-5.756138
2026-07-27 19:00:00+00:00,13.318269,13.318164,13.318555,0.104834,-0.005841,-0.042725,0.030136,-0.078007,-0.569022,0.401364,-0.005861,-0.078041,3601.349,68.623079,74.523058,1775,-5.859224
2026-07-27 20:00:00+00:00,13.31826,13.317969,13.318359,0.099317,-0.005859,-0.040054,0.026703,-0.078167,-0.53345,0.355633,-0.005866,-0.078175,3599.033,68.613638,74.409218,1780,-5.867603
2026-07-27 21:00:00+00:00,13.318074,13.317969,13.318359,0.104527,-0.006315,-0.045395,0.025558,-0.084073,-0.604577,0.340392,-0.006307,-0.083958,3601.334,68.412499,74.23625,1775,-6.304964
2026-07-27 22:00:00+00:00,13.318061,13.317774,13.318164,0.102654,-0.006495,-0.052643,0.023651,-0.086521,-0.701096,0.314985,-0.00651,-0.086586,3599.33,68.399999,74.182383,1779,-6.510972
2026-07-27 23:00:00+00:00,13.317873,13.317774,13.318164,0.099015,-0.006062,-0.04921,0.023651,-0.080665,-0.655372,0.314985,-0.006073,-0.080763,3600.383,68.347727,74.153039,1776,-6.072295
2026-07-28 00:00:00+00:00,13.317824,13.317578,13.317969,0.12886,-0.006266,-0.03891,0.024796,-0.083483,-0.518193,0.330221,-0.006251,-0.083441,3598.543,68.395999,74.131352,1774,-6.253115
2026-07-28 01:00:00+00:00,13.317676,13.317578,13.317774,0.097832,-0.005996,-0.03891,0.024796,-0.079687,-0.518193,0.330221,-0.005979,-0.079604,3600.526,68.562501,74.363537,1779,-5.978142
2026-07-28 02:00:00+00:00,13.317675,13.317383,13.317774,0.099345,-0.006634,-0.043869,0.024414,-0.088047,-0.584238,0.325141,-0.006621,-0.087911,3601.098,68.640385,74.520464,1783,-6.61882
2026-07-28 03:00:00+00:00,13.317512,13.317383,13.317774,0.121738,-0.005982,-0.04158,0.026703,-0.079905,-0.553748,0.355618,-0.00597,-0.079766,3599.944,68.356249,74.226745,1776,-5.970273
2026-07-28 04:00:00+00:00,13.31748,13.317187,13.317578,0.098438,-0.005803,-0.039673,0.027084,-0.077307,-0.528339,0.360693,-0.00581,-0.077367,3598.98,68.28125,74.063319,1774,-5.811643
2026-07-28 05:00:00+00:00,13.317306,13.317187,13.317578,0.115846,-0.006084,-0.043869,0.022125,-0.080915,-0.584221,0.29465,-0.006059,-0.080709,3600.443,68.160715,73.999034,1778,-6.057993
2026-07-28 06:00:00+00:00,13.317285,13.316993,13.317578,0.098884,-0.00601,-0.044632,0.027466,-0.079972,-0.594372,0.365767,-0.005988,-0.079796,3600.698,68.168751,73.933414,1777,-5.986509
2026-07-28 07:00:00+00:00,13.317214,13.316993,13.317383,0.135572,-0.005419,-0.038528,0.027466,-0.071893,-0.51309,0.365767,-0.005401,-0.071892,3599.268,68.21375,73.972509,1771,-5.401981
2026-07-28 08:00:00+00:00,13.31709,13.316993,13.317383,0.097863,-0.006276,-0.038528,0.025558,-0.08357,-0.51309,0.340362,-0.006268,-0.083468,3599.543,68.5175,74.415885,1770,-6.268445
2026-07-28 09:00:00+00:00,13.31709,13.316993,13.317187,0.097363,-0.006025,-0.040054,0.030136,-0.080321,-0.533403,0.401322,-0.006009,-0.079965,3600.952,68.4875,74.38977,1778,-6.007639
2026-07-28 10:00:00+00:00,13.316918,13.316797,13.317187,0.116105,-0.006117,-0.047302,0.029755,-0.081631,-0.629924,0.396242,-0.006107,-0.08145,3600.228,68.28125,74.107469,1777,-6.106528
2026-07-28 11:00:00+00:00,13.316894,13.316602,13.316993,0.098379,-0.005893,-0.037766,0.02594,-0.078051,-0.502916,0.345442,-0.005881,-0.078266,3599.378,68.401785,74.127046,1770,-5.882327
2026-07-28 12:00:00+00:00,13.316818,13.316602,13.316993,0.137708,-0.005765,-0.04158,0.026703,-0.076764,-0.553715,0.355597,-0.005776,-0.076956,3599.339,68.393749,74.152301,1779,-5.777359
2026-07-28 13:00:00+00:00,13.316701,13.316602,13.316993,0.099493,-0.005992,-0.037003,0.02861,-0.079759,-0.492756,0.380997,-0.005935,-0.07901,3583.062,68.391071,74.138215,1768,-5.963382
2026-07-28 14:00:00+00:00,13.316699,13.316602,13.316797,0.097823,-0.005582,-0.037766,0.030518,-0.074491,-0.502916,0.40639,-0.005621,-0.074678,3600.077,68.393749,74.185418,1776,-5.620412
2026-07-28 15:00:00+00:00,13.316575,13.316406,13.316797,0.135844,-0.006096,-0.045013,0.02594,-0.081267,-0.599426,0.345432,-0.006056,-0.080399,3585.16,68.543749,74.412545,1766,-6.081521
2026-07-28 16:00:00+00:00,13.316504,13.316406,13.316602,0.097815,-0.0063,-0.040054,0.025177,-0.083735,-0.533387,0.335267,-0.006291,-0.083725,3599.165,68.689064,74.544189,1783,-6.29268
2026-07-28 17:00:00+00:00,13.316503,13.316211,13.316602,0.099107,-0.005706,-0.035858,0.024414,-0.076135,-0.477502,0.325108,-0.005723,-0.076206,3599.324,68.389999,74.234671,1774,-5.723701
2026-07-28 18:00:00+00:00,13.316324,13.316211,13.316602,0.110888,-0.006047,-0.045013,0.02861,-0.08062,-0.599417,0.380985,-0.005998,-0.079857,3569.953,68.388636,74.204266,1754,-6.048385
2026-07-28 19:00:00+00:00,13.316308,13.316016,13.316406,0.09833,-0.006031,-0.042343,0.026703,-0.080275,-0.56385,0.355581,-0.006021,-0.080281,3599.637,68.300001,74.160095,1768,-6.021982
2026-07-28 20:00:00+00:00,13.316255,13.316016,13.316406,0.130881,-0.005989,-0.037003,0.028992,-0.079616,-0.492734,0.38606,-0.005955,-0.079335,3600.469,68.291176,74.101111,1777,-5.953952
2026-07-28 21:00:00+00:00,13.316117,13.316016,13.316406,0.10092,-0.005633,-0.038147,0.032043,-0.074974,-0.507973,0.426697,-0.005641,-0.075044,3582.329,68.3375,74.161102,1762,-5.668483
2026-07-28 22:00:00+00:00,13.316113,13.315821,13.316211,0.09792,-0.006446,-0.039291,0.029373,-0.085804,-0.523212,0.391134,-0.006414,-0.085707,3585.812,68.610714,74.537122,1768,-6.439493
2026-07-28 23:00:00+00:00,13.316057,13.315821,13.316211,0.13224,-0.006456,-0.043869,0.033951,-0.086106,-0.584161,0.452089,-0.006475,-0.086223,3598.744,68.88125,74.748958,1777,-6.477632
2026-07-29 00:00:00+00:00,13.31596,13.315821,13.316211,0.126469,-0.005765,-0.040817,0.029755,-0.076797,-0.543523,0.396213,-0.005749,-0.076564,3601.07,68.532499,74.410365,1779,-5.747536
2026-07-29 01:00:00+00:00,13.315919,13.315821,13.316211,0.098366,-0.00584,-0.043488,0.025177,-0.077611,-0.579072,0.335257,-0.005824,-0.077604,3599.095,68.309375,74.151552,1773,-5.82587
2026-07-29 02:00:00+00:00,13.315916,13.315625,13.316016,0.100679,-0.006234,-0.037766,0.026703,-0.082886,-0.502879,0.355571,-0.006199,-0.082547,3599.799,68.283696,74.060493,1777,-6.199195
2026-07-29 03:00:00+00:00,13.31575,13.315625,13.316016,0.119177,-0.005993,-0.042725,0.030899,-0.07973,-0.568913,0.411446,-0.005983,-0.079674,3599.804,,74.095879,1782,-5.983369
2026-07-29 04:00:00+00:00,13.315723,13.315625,13.315821,0.097811,-0.005794,-0.042343,0.025177,-0.07729,-0.563825,0.335252,-0.005759,-0.076673,3599.793,68.397058,74.252574,1782,-5.759147
2026-07-29 05:00:00+00:00,13.315716,13.31543,13.315821,0.10404,-0.006056,-0.04158,0.026321,-0.080834,-0.553675,0.350486,-0.006044,-0.080539,3601.669,68.575736,74.474852,1769,-6.041132
2026-07-29 06:00:00+00:00,13.315583,13.31543,13.315821,0.13233,-0.006006,-0.046158,0.030136,-0.079909,-0.614611,0.401281,-0.005958,-0.079276,3598.865,68.499998,74.300083,1774,-5.960208
2026-07-29 07:00:00+00:00,13.315528,13.31543,13.315821,0.098529,-0.006067,-0.03891,0.031281,-0.080971,-0.518102,0.416514,-0.006049,-0.08053,3600.864,68.389999,74.174513,1783,-6.047325
2026-07-29 08:00:00+00:00,13.315527,13.31543,13.315625,0.097817,-0.006203,-0.037384,0.025177,-0.082584,-0.497792,0.335243,-0.006216,-0.082757,3599.271,68.35284,74.109609,1779,-6.217075
2026-07-29 09:00:00+00:00,13.315493,13.315234,13.315625,0.12445,-0.005703,-0.046539,0.028229,-0.076192,-0.619691,0.375878,-0.005687,-0.075843,3600.592,68.168751,73.989453,1777,-5.685583
2026-07-29 10:00:00+00:00,13.315349,13.315234,13.315625,0.11212,-0.005584,-0.038528,0.031662,-0.074285,-0.513023,0.421587,-0.005563,-0.074069,3599.772,68.253125,74.133164,1776,-5.56368
2026-07-29 11:00:00+00:00,13.315332,13.315234,13.31543,0.097813,-0.006401,-0.047302,0.024796,-0.085215,-0.62984,0.330163,-0.006413,-0.085325,3599.022,68.755358,74.639714,1779,-6.414961
2026-07-29 12:00:00+00:00,13.315332,13.315234,13.31543,0.09784,-0.006572,-0.038147,0.024796,-0.087404,-0.507936,0.330158,-0.00656,-0.08729,3601.72,68.80625,74.589923,1786,-6.55656
2026-07-29 13:00:00+00:00,13.315231,13.31504,13.31543,0.138484,-0.006593,-0.048447,0.030136,-0.087844,-0.645079,0.401269,-0.006581,-0.087704,3598.764,68.610716,74.373349,1778,-6.583454
2026-07-29 14:00:00+00:00,13.315138,13.31504,13.31543,0.098683,-0.006419,-0.043869,0.025558,-0.085505,-0.584118,0.340317,-0.006432,-0.085581,3600.534,68.641251,74.474107,1781,-6.431399
2026-07-29 15:00:00+00:00,13.315136,13.314844,13.315234,0.097898,-0.006361,-0.039291,0.022888,-0.084812,-0.523166,0.304757,-0.006393,-0.08514,3600.554,68.928124,74.806362,1771,-6.39218
2026-07-29 16:00:00+00:00,13.315131,13.314844,13.315234,0.103641,-0.006303,-0.049591,0.027466,-0.084276,-0.660307,0.365709,-0.006334,-0.084427,3598.572,68.939705,74.78013,1778,-6.336882
2026-07-29 17:00:00+00:00,13.315056,13.314844,13.315234,0.137294,-0.006235,-0.043488,0.032425,-0.083019,-0.579038,0.431739,-0.006239,-0.08308,3600.393,68.899999,74.664323,1775,-6.238572
2026-07-29 18:00:00+00:00,13.314946,13.314844,13.315234,0.101646,-0.00648,-0.041199,0.02594,-0.086205,-0.548563,0.345391,-0.006501,-0.086561,3599.895,69.068749,74.935914,1772,-6.501403
2026-07-29 19:00:00+00:00,13.314942,13.314844,13.31504,0.09781,-0.006853,-0.040054,0.029755,-0.091375,-0.533325,0.396184,-0.006857,-0.091322,3599.449,69.3875,75.253029,1778,-6.857998
2026-07-29 20:00:00+00:00,13.314942,13.314844,13.31504,0.097809,-0.006054,-0.040054,0.022507,-0.080693,-0.533317,0.299678,-0.006061,-0.080761,3601.466,69.116964,74.950932,1780,-6.058515
2026-07-29 21:00:00+00:00,13.314933,13.314649,13.31504,0.105733,-0.006299,-0.037003,0.030136,-0.083655,-0.492683,0.401258,-0.006301,-0.083895,3598.96,69.012499,74.848436,1780,-6.303059
2026-07-29 22:00:00+00:00,13.314764,13.314649,13.31504,0.113553,-0.006414,-0.040817,0.02594,-0.085496,-0.543475,0.345381,-0.006426,-0.085584,3601.459,69.329546,75.131691,1778,-6.423755
2026-07-29 23:00:00+00:00,13.314751,13.314649,13.31504,0.102195,-0.006872,-0.039673,0.022125,-0.091354,-0.528238,0.294594,-0.006834,-0.090976,3598.962,69.549999,75.372539,1774,-6.836294
2026-07-30 00:00:00+00:00,13.314746,13.314649,13.314844,0.097808,-0.006836,-0.039291,0.022888,-0.091135,-0.523151,0.304748,-0.00685,-0.091206,3601.026,69.618268,75.424692,1780,-6.848499
2026-07-30 01:00:00+00:00,13.314746,13.314649,13.314844,0.097808,-0.006308,-0.046921,0.02594,-0.084023,-0.624734,0.345381,-0.00631,-0.083989,3599.062,69.390179,75.179798,1776,-6.312097
2026-07-30 02:00:00+00:00,13.314744,13.314453,13.314844,0.099855,-0.006483,-0.04158,0.03891,-0.086146,-0.553626,0.518072,-0.006489,-0.086258,3600.72,69.35,75.118962,1779,-6.487475
2026-07-30 03:00:00+00:00,13.314656,13.314453,13.314844,0.138416,-0.006578,-0.038528,0.032043,-0.087657,-0.512993,0.426647,-0.006555,-0.087396,3599.213,69.401136,75.230747,1776,-6.556102
2026-07-30 04:00:00+00:00,13.314563,13.314453,13.314844,0.109372,-0.006151,-0.040817,0.037766,-0.081964,-0.543467,0.502834,-0.006164,-0.082073,3599.642,69.409211,75.199953,1781,-6.16447
2026-07-30 05:00:00+00:00,13.314551,13.314453,13.314649,0.097812,-0.006566,-0.038147,0.02594,-0.087563,-0.507914,0.345381,-0.006597,-0.087841,3599.873,69.462499,75.268873,1779,-6.596815
2026-07-30 06:00:00+00:00,13.31455,13.314258,13.314649,0.098425,-0.006453,-0.035858,0.02594,-0.086059,-0.477439,0.345381,-0.006466,-0.086044,3600.828,69.428261,75.200979,1778,-6.464714
2026-07-30 07:00:00+00:00,13.314503,13.314258,13.314649,0.130425,-0.006651,-0.039673,0.027847,-0.088495,-0.528222,0.370771,-0.006684,-0.088967,3600.043,69.524999,75.34842,1770,-6.684288
2026-07-30 08:00:00+00:00,13.314381,13.314258,13.314649,0.118425,-0.006558,-0.040054,0.024414,-0.087405,-0.533301,0.32506,-0.006552,-0.087299,3599.881,69.631248,75.426082,1773,-6.552129
2026-07-30 09:00:00+00:00,13.314356,13.314258,13.314649,0.098501,-0.006943,-0.037384,0.025558,-0.092194,-0.497748,0.340292,-0.006933,-0.092336,3599.745,69.631248,75.459002,1775,-6.933977
2026-07-30 10:00:00+00:00,13.314355,13.314258,13.314453,0.097811,-0.006425,-0.044632,0.032043,-0.085672,-0.59425,0.426635,-0.006427,-0.085582,3599.336,69.634209,75.394382,1776,-6.427781
2026-07-30 11:00:00+00:00,13.314353,13.314063,13.314453,0.100028,-0.006738,-0.037766,0.025558,-0.089763,-0.50282,0.340297,-0.006738,-0.089673,3599.84,69.748865,75.555964,1775,-6.73843
2026-07-30 12:00:00+00:00,13.314279,13.314063,13.314453,0.136359,-0.0064,-0.039291,0.033569,-0.085107,-0.523136,0.446951,-0.006406,-0.084724,3554.107,69.713462,75.478211,1744,-6.488388
2026-07-30 13:00:00+00:00,13.314165,13.314063,13.314453,0.102138,-0.006414,-0.040436,0.029373,-0.0854,-0.538373,0.391082,-0.006417,-0.085423,3600.814,69.631248,75.439532,1779,-6.415918
2026-07-30 14:00:00+00:00,13.31416,13.314063,13.314258,0.097344,-0.006956,-0.040054,0.03891,-0.092571,-0.533294,0.518057,-0.006934,-0.09229,3599.343,69.746197,75.461344,1775,-6.935117
2026-07-30 15:00:00+00:00,13.31416,13.314063,13.314258,0.097341,-0.00666,-0.038528,0.02594,-0.088377,-0.51297,0.345366,-0.006638,-0.088309,3600.404,69.743752,75.511107,1775,-6.637259
2026-07-30 16:00:00+00:00,13.314139,13.313868,13.314258,0.115364,-0.006356,-0.043106,0.029755,-0.084671,-0.573917,0.396155,-0.00637,-0.084844,3598.87,69.697728,75.410937,1775,-6.372214
2026-07-30 17:00:00+00:00,13.313972,13.313868,13.314258,0.104261,-0.006588,-0.043869,0.022125,-0.087822,-0.584075,0.294573,-0.006617,-0.088112,3601.065,69.733825,75.441068,1776,-6.614749
2026-07-30 18:00:00+00:00,13.313965,13.313868,13.314063,0.097819,-0.006689,-0.045395,0.026703,-0.089074,-0.604391,0.355519,-0.006716,-0.089408,3599.239,69.800001,75.650148,1767,-6.717212
2026-07-30 19:00:00+00:00,13.313965,13.313868,13.314063,0.097818,-0.00668,-0.044632,0.027466,-0.088613,-0.594224,0.365682,-0.006656,-0.088548,3600.732,69.890001,75.542596,1771,-6.654985
2026-07-30 20:00:00+00:00,13.31396,13.313672,13.314063,0.102628,-0.006515,-0.043106,0.023651,-0.086908,-0.573909,0.314888,-0.006497,-0.086612,3598.723,69.935,75.479896,1778,-6.49888
2026-07-30 21:00:00+00:00,13.313891,13.313672,13.314063,0.137751,-0.006165,-0.048447,0.02594,-0.082074,-0.645012,0.345361,-0.00616,-0.081993,3600.602,69.932353,75.450737,1773,-6.158577
2026-07-30 22:00:00+00:00,13.313773,13.313672,13.314063,0.100308,-0.005984,-0.041962,0.036621,-0.079567,-0.558672,0.487568,-0.005945,-0.079144,3583.794,69.574999,75.291867,1765,-5.972277
2026-07-30 23:00:00+00:00,13.31377,13.313672,13.313868,0.097819,-0.00627,-0.042725,0.026703,-0.083465,-0.56883,0.355519,-0.006204,-0.082767,3582.714,69.568381,75.314337,1759,-6.23379
2026-07-31 00:00:00+00:00,13.313762,13.313477,13.313868,0.105141,-0.00641,-0.040436,0.026703,-0.085224,-0.538349,0.355513,-0.0064,-0.085152,3601.362,69.808037,75.57287,1772,-6.39748
2026-07-31 01:00:00+00:00,13.313725,13.313477,13.313868,0.128241,-0.00641,-0.043869,0.030518,-0.08522,-0.584066,0.406301,-0.006431,-0.085544,3598.904,69.817764,75.565318,1784,-6.432896
2026-07-31 02:00:00+00:00,13.313582,13.313477,13.313868,0.1056,-0.006449,-0.046158,0.030518,-0.085764,-0.61453,0.406301,-0.006474,-0.086114,3600.988,69.837501,75.559205,1776,-6.4724
2026-07-31 03:00:00+00:00,13.313574,13.313477,13.313672,0.097817,-0.00594,-0.042725,0.032425,-0.079164,-0.568821,0.431688,-0.005956,-0.079347,3599.164,69.5675,75.373665,1776,-5.957574
2026-07-31 04:00:00+00:00,13.313573,13.313281,13.313672,0.098835,-0.006484,-0.036621,0.02861,-0.086384,-0.487561,0.380902,-0.006472,-0.086249,3599.589,69.537499,75.271851,1771,-6.472577
2026-07-31 05:00:00+00:00,13.313512,13.313281,13.313672,0.135236,-0.006493,-0.040054,0.025558,-0.086503,-0.533262,0.340272,-0.006486,-0.086347,3600.802,69.6875,75.471981,1781,-6.484118
2026-07-31 06:00:00+00:00,13.313469,13.313281,13.313672,0.13914,-0.006379,-0.045013,0.034332,-0.084872,-0.599285,0.457075,-0.006354,-0.084587,3599.146,69.733825,75.456334,1776,-6.355816
2026-07-31 07:00:00+00:00,13.31338,13.313281,13.313672,0.099299,-0.006108,-0.04425,0.029755,-0.081293,-0.589128,0.396138,-0.006102,-0.081225,3600.451,69.634999,75.357969,1768,-6.101191
2026-07-31 08:00:00+00:00,13.313379,13.313281,13.313477,0.097809,-0.006228,-0.037003,0.030899,-0.082768,-0.492626,0.411368,-0.006226,-0.082911,3599.664,69.747502,75.510077,1777,-6.226573
2026-07-31 09:00:00+00:00,13.313378,13.313087,13.313477,0.098506,-0.006064,-0.040436,0.018692,-0.080835,-0.538333,0.248852,-0.006068,-0.080803,3600.461,69.615178,75.380733,1778,-6.067683
2026-07-31 10:00:00+00:00,13.313264,13.313087,13.313477,0.137541,-0.00649,-0.041199,0.029373,-0.086465,-0.54849,0.391053,-0.006477,-0.086229,3601.334,69.649999,75.394073,1775,-6.474497
2026-07-31 11:00:00+00:00,13.313184,13.313087,13.313477,0.097993,-0.006172,-0.04425,0.025558,-0.082037,-0.589119,0.340267,-0.006155,-0.081928,3599.154,69.631248,75.438282,1778,-6.156196
2026-07-31 12:00:00+00:00,13.313184,13.313087,13.313281,0.097334,-0.00615,-0.036621,0.028229,-0.081652,-0.487547,0.375812,-0.006144,-0.081656,3600.437,69.707353,75.424518,1781,-6.143039
2026-07-31 13:00:00+00:00,13.313184,13.313087,13.313281,0.097344,-0.006035,-0.045013,0.02594,-0.080425,-0.599268,0.345346,-0.006049,-0.080671,3599.36,69.40625,75.16981,1784,-6.050011
2026-07-31 14:00:00+00:00,13.313148,13.312891,13.313281,0.123771,-0.005692,-0.041199,0.027847,-0.075811,-0.548482,0.370733,-0.005704,-0.075942,3599.35,69.293751,75.055009,1782,-5.70481
2026-07-31 15:00:00+00:00,13.312995,13.312891,13.313281,0.103622,-0.005586,-0.034332,0.032806,-0.074471,-0.457069,0.436754,-0.005597,-0.074494,3600.304,69.260001,75.005874,1780,-5.596403
2026-07-31 16:00:00+00:00,13.312989,13.312891,13.313087,0.097814,-0.006037,-0.041962,0.032043,-0.080288,-0.558639,0.426597,-0.006029,-0.080308,3599.781,69.071709,74.877712,1770,-6.029564
2026-07-31 17:00:00+00:00,13.312987,13.312696,13.313087,0.099662,-0.005682,-0.050735,0.027466,-0.075652,-0.675436,0.365649,-0.005578,-0.074288,3553.619,68.8625,74.683525,1750,-5.650931
2026-07-31 18:00:00+00:00,13.312824,13.312696,13.313087,0.121026,-0.006334,-0.042725,0.028992,-0.08447,-0.56878,0.385963,-0.006332,-0.084253,3600.875,69.1875,75.028604,1775,-6.330503
2026-07-31 19:00:00+00:00,13.312794,13.312696,13.313087,0.098891,-0.00651,-0.050354,0.028229,-0.086704,-0.670357,0.375806,-0.00643,-0.085794,3582.716,69.499999,75.305225,1764,-6.46134
2026-07-31 20:00:00+00:00,13.312793,13.312696,13.312891,0.09781,-0.00609,-0.045013,0.032043,-0.081027,-0.599259,0.426591,-0.006095,-0.081094,3598.861,69.582499,75.330402,1776,-6.097236
2026-07-31 21:00:00+00:00,13.312793,13.312696,13.312891,0.097822,-0.006535,-0.037384,0.020218,-0.086909,-0.497682,0.269159,-0.006503,-0.086518,3601.005,69.663392,75.307442,1777,-6.501234
2026-07-31 22:00:00+00:00,13.312793,13.3125,13.312891,0.098577,-0.005751,-0.04158,0.02594,-0.076534,-0.553545,0.345331,-0.005736,-0.076431,3598.594,69.230001,75.085062,1784,-5.738696
2026-07-31 23:00:00+00:00,13.312706,13.3125,13.312891,0.138523,-0.005649,-0.04425,0.032806,-0.075176,-0.589093,0.436748,-0.005406,-0.071957,3468.021,69.186365,74.965036,1709,-5.611573
2026-08-01 00:00:00+00:00,13.312601,13.3125,13.312891,0.100829,-0.005688,-0.038528,0.028229,-0.07581,-0.512917,0.375801,-0.005692,-0.075733,3600.789,69.038462,74.825192,1773,-5.691216
2026-08-01 01:00:00+00:00,13.312597,13.312304,13.312696,0.098286,-0.005521,-0.037766,0.024414,-0.073635,-0.502753,0.325017,-0.005537,-0.073839,3598.432,68.839423,74.609958,1780,-5.539815
2026-08-01 02:00:00+00:00,13.312588,13.312304,13.312696,0.107291,-0.005877,-0.043869,0.027084,-0.078117,-0.584006,0.36056,-0.005865,-0.078201,3601.116,68.88125,74.661025,1776,-5.86353
2026-08-01 03:00:00+00:00,13.312514,13.312304,13.312696,0.138356,-0.00597,-0.04158,0.026703,-0.079219,-0.553536,0.355482,-0.005955,-0.079186,3598.943,68.731251,74.554166,1778,-5.956782
2026-08-01 04:00:00+00:00,13.312403,13.312304,13.312696,0.098444,-0.005618,-0.053787,0.033188,-0.074779,-0.716043,0.441813,-0.005615,-0.074812,3599.85,68.691073,74.581428,1784,-5.615194
2026-08-01 05:00:00+00:00,13.312402,13.312304,13.3125,0.097812,-0.005847,-0.038528,0.034714,-0.077702,-0.51291,0.46212,-0.005827,-0.077574,3600.028,68.618752,74.444844,1783,-5.826906
2026-08-01 06:00:00+00:00,13.312395,13.31211,13.3125,0.104322,-0.005414,-0.045013,0.02861,-0.0721,-0.599232,0.380868,-0.005426,-0.07225,3600.327,68.675001,74.502147,1775,-5.425795
2026-08-01 07:00:00+00:00,13.312247,13.31211,13.3125,0.125222,-0.00599,-0.041199,0.02327,-0.079506,-0.54845,0.309773,-0.00595,-0.078946,3600.941,68.734211,74.563803,1778,-5.948516
2026-08-01 08:00:00+00:00,13.312209,13.31211,13.3125,0.099042,-0.006041,-0.038147,0.025177,-0.080529,-0.507824,0.335164,-0.006024,-0.080428,3599.255,68.731251,74.55574,1782,-6.025115
2026-08-01 09:00:00+00:00,13.312207,13.31211,13.312304,0.097335,-0.005967,-0.043106,0.02861,-0.079458,-0.573833,0.380868,-0.005986,-0.079681,3600.123,68.731251,74.542766,1770,-5.986051
2026-08-01 10:00:00+00:00,13.312207,13.31211,13.312304,0.097362,-0.005721,-0.043106,0.037384,-0.076119,-0.573833,0.49766,-0.005722,-0.076196,3599.687,68.80625,74.60355,1781,-5.72291
2026-08-01 11:00:00+00:00,13.312195,13.311914,13.312304,0.108549,-0.006005,-0.03891,0.027084,-0.079938,-0.517973,0.36055,-0.006017,-0.08009,3599.609,68.846196,74.649702,1780,-6.017292
2026-08-01 12:00:00+00:00,13.312092,13.311914,13.312304,0.13774,-0.005958,-0.035858,0.023651,-0.079324,-0.477348,0.314846,-0.005969,-0.079414,3601.433,,74.694804,1785,-5.966525
2026-08-01 13:00:00+00:00,13.312014,13.311914,13.312304,0.099666,-0.005872,-0.046539,0.037384,-0.078014,-0.619536,0.497653,-0.005858,-0.077741,3584.887,68.7875,74.673177,1771,-5.882554
2026-08-01 14:00:00+00:00,13.312012,13.311719,13.31211,0.098295,-0.005632,-0.049973,0.030518,-0.074922,-0.66523,0.406247,-0.005616,-0.074823,3598.396,68.632814,74.470294,1779,-5.618598
2026-08-01 15:00:00+00:00,13.312012,13.311914,13.31211,0.097818,-0.005763,-0.038528,0.031662,-0.076765,-0.512895,0.421482,-0.005773,-0.076841,3600.92,68.570536,74.394407,1782,-5.771356
2026-08-01 16:00:00+00:00,13.312008,13.311719,13.31211,0.102137,-0.005336,-0.042343,0.029755,-0.071014,-0.563668,0.396091,-0.005338,-0.071082,3600.559,68.47596,74.290156,1777,-5.336983
2026-08-01 17:00:00+00:00,13.311869,13.311719,13.31211,0.130739,-0.005398,-0.041962,0.030899,-0.071841,-0.55859,0.411325,-0.005375,-0.071611,3598.7,68.374999,74.229085,1783,-5.376758
2026-08-01 18:00:00+00:00,13.311817,13.311719,13.311914,0.097841,-0.006136,-0.037384,0.027466,-0.081668,-0.497653,0.365617,-0.006144,-0.081726,3600.914,68.388636,74.315996,1775,-6.142074
2026-08-01 19:00:00+00:00,13.311817,13.311719,13.311914,0.097812,-0.005839,-0.039291,0.029373,-0.07781,-0.523044,0.391013,-0.005837,-0.077765,3599.119,68.484614,74.331082,1768,-5.838015
2026-08-01 20:00:00+00:00,13.311817,13.311719,13.311914,0.097832,-0.005403,-0.042725,0.028229,-0.072008,-0.568738,0.375773,-0.005402,-0.07192,3599.528,68.393749,74.299866,1774,-5.403145
2026-08-01 21:00:00+00:00,13.311798,13.311523,13.311914,0.113695,-0.005853,-0.041962,0.02594,-0.077899,-0.558582,0.345305,-0.00585,-0.07789,3600.575,68.347727,74.228874,1780,-5.849464
2026-08-01 22:00:00+00:00,13.311666,13.311523,13.311914,0.129138,-0.006206,-0.03624,0.027847,-0.082599,-0.482412,0.370695,-0.00619,-0.082493,3600.823,68.499998,74.285504,1776,-6.188597
2026-08-01 23:00:00+00:00,13.311624,13.311523,13.311914,0.100268,-0.005753,-0.043869,0.024033,-0.076697,-0.583972,0.319915,-0.005763,-0.07669,3599.651,68.517499,74.332201,1774,-5.763195
2026-08-02 00:00:00+00:00,13.311621,13.311523,13.311719,0.097813,-0.006355,-0.041962,0.026703,-0.084501,-0.558574,0.355456,-0.006349,-0.084476,3599.14,68.408552,74.315199,1779,-6.350153
2026-08-02 01:00:00+00:00,13.311621,13.311523,13.311719,0.097811,-0.005483,-0.04158,0.030136,-0.073253,-0.553496,0.401163,-0.005487,-0.073183,3600.968,68.286364,74.199916,1772,-5.485454
2026-08-02 02:00:00+00:00,13.311617,13.311328,13.311719,0.102467,-0.005713,-0.043106,0.030518,-0.075964,-0.573808,0.406235,-0.005714,-0.075905,3599.951,68.357954,74.210662,1778,-5.713602
2026-08-02 03:00:00+00:00,13.311603,13.311328,13.311719,0.113474,-0.005756,-0.045395,0.025558,-0.076581,-0.604275,0.340222,-0.005742,-0.076445,3599.87,68.28125,74.156653,1770,-5.742223
2026-08-02 04:00:00+00:00,13.311474,13.311328,13.311719,0.129469,-0.005726,-0.046921,0.027847,-0.076244,-0.624587,0.37069,-0.005766,-0.076573,3599.915,68.2925,74.114532,1771,-5.765976
2026-08-02 05:00:00+00:00,13.311427,13.311328,13.311719,0.099068,-0.005417,-0.041199,0.02594,-0.07217,-0.548418,0.345295,-0.005464,-0.072724,3600.089,68.249107,74.148668,1779,-5.464328
2026-08-02 06:00:00+00:00,13.311426,13.311328,13.311719,0.098244,-0.005414,-0.047684,0.024414,-0.072126,-0.634743,0.324984,-0.005407,-0.072,3598.95,68.25625,74.073386,1781,-5.408804
2026-08-02 07:00:00+00:00,13.311425,13.311133,13.311523,0.098932,-0.005431,-0.043869,0.02594,-0.072104,-0.583955,0.345295,-0.005425,-0.072077,3601.106,68.253125,74.09565,1781,-5.422936
2026-08-02 08:00:00+00:00,13.31142,13.311133,13.311523,0.103764,-0.005588,-0.03891,0.023651,-0.074393,-0.51795,0.314832,-0.00558,-0.074362,3599.31,68.175001,74.039591,1777,-5.581514
2026-08-02 09:00:00+00:00,13.311271,13.311133,13.311523,0.125854,-0.00552,-0.040817,0.02594,-0.073436,-0.543332,0.345295,-0.005519,-0.073472,3599.537,68.255,74.110541,1766,-5.520057
2026-08-02 10:00:00+00:00,13.311233,13.311133,13.311523,0.099543,-0.005644,-0.03891,0.030136,-0.07514,-0.517943,0.401152,-0.005628,-0.075047,3601.199,68.23625,74.095954,1779,-5.62658
2026-08-02 11:00:00+00:00,13.311231,13.311133,13.311328,0.097335,-0.005609,-0.041199,0.031662,-0.074769,-0.548402,0.421463,-0.005621,-0.074756,3600.021,68.398076,74.250766,1779,-5.621452
2026-08-02 12:00:00+00:00,13.311231,13.311133,13.311328,0.097336,-0.006041,-0.037384,0.022507,-0.080366,-0.497624,0.299594,-0.006035,-0.080396,3599.968,68.5625,74.401719,1775,-6.035257
2026-08-02 13:00:00+00:00,13.311231,13.311133,13.311328,0.097381,-0.005517,-0.032806,0.028992,-0.073336,-0.436697,0.385912,-0.005497,-0.073185,3599.663,68.618752,74.437494,1780,-5.497889
2026-08-02 14:00:00+00:00,13.311208,13.310938,13.311328,0.116289,-0.005987,-0.037003,0.027084,-0.079702,-0.492546,0.360523,-0.005997,-0.079845,3599.942,68.40673,74.372857,1776,-5.997247
2026-08-02 15:00:00+00:00,13.311153,13.310938,13.311328,0.137581,-0.005668,-0.040436,0.030136,-0.075496,-0.538246,0.401146,-0.005678,-0.075514,3600.591,68.410293,74.282133,1786,-5.676626
2026-08-02 16:00:00+00:00,13.311058,13.310938,13.311328,0.116464,-0.005262,-0.044632,0.027847,-0.069878,-0.594102,0.370679,-0.005238,-0.069665,3600.428,68.309375,74.190205,1772,-5.236985
2026-08-02 17:00:00+00:00,13.311036,13.310938,13.311133,0.097823,-0.00496,-0.040054,0.022507,-0.066,-0.533168,0.29959,-0.004946,-0.065955,3598.683,68.28125,74.148162,1779,-4.947686
2026-08-02 18:00:00+00:00,13.311036,13.310938,13.311133,0.097808,-0.005731,-0.042343,0.02861,-0.076365,-0.563627,0.380829,-0.005748,-0.076516,3599.505,68.265179,74.101497,1774,-5.748481
2026-08-02 19:00:00+00:00,13.311034,13.310742,13.311133,0.098954,-0.0053,-0.037384,0.028229,-0.070622,-0.497617,0.375751,-0.005311,-0.070723,3601.858,68.3375,74.178367,1778,-5.307973
2026-08-02 20:00:00+00:00,13.311031,13.310742,13.311133,0.102875,-0.005437,-0.039673,0.027466,-0.072419,-0.528083,0.365596,-0.005444,-0.072496,3599.673,68.242308,74.131934,1784,-5.444112
2026-08-02 21:00:00+00:00,13.31098,13.310742,13.311133,0.133268,-0.005678,-0.041199,0.033188,-0.075489,-0.548394,0.441762,-0.005679,-0.075467,3599.768,68.3375,74.161113,1775,-5.678944
2026-08-02 22:00:00+00:00,13.310874,13.310742,13.311133,0.123028,-0.005497,-0.040436,0.030899,-0.073215,-0.538238,0.411295,-0.005506,-0.073374,3599.596,68.249107,74.094083,1778,-5.506864
2026-08-02 23:00:00+00:00,13.310841,13.310742,13.311133,0.099177,-0.006011,-0.04158,0.025558,-0.080038,-0.553471,0.340207,-0.006003,-0.079924,3599.173,68.506248,74.286582,1775,-6.004207
2026-08-03 00:00:00+00:00,13.31084,13.310742,13.310938,0.097811,-0.006093,-0.042725,0.031281,-0.08124,-0.568705,0.416367,-0.006087,-0.081048,3600.791,68.60341,74.415263,1783,-6.086135
2026-08-03 01:00:00+00:00,13.31084,13.310742,13.310938,0.097807,-0.005803,-0.04425,0.027084,-0.077228,-0.589007,0.360513,-0.005826,-0.077545,3600.453,68.309375,74.20119,1774,-5.825217
2026-08-03 02:00:00+00:00,13.310839,13.310547,13.310938,0.098849,-0.00538,-0.046158,0.044632,-0.07175,-0.614395,0.594093,-0.005388,-0.071724,3600.206,68.332386,74.17731,1776,-5.38729
2026-08-03 03:00:00+00:00,13.310835,13.310547,13.310938,0.103396,-0.005199,-0.039673,0.023651,-0.069119,-0.528083,0.314814,-0.005181,-0.069106,3605.02,68.28125,74.14184,1775,-5.173992
2026-08-03 04:00:00+00:00,13.310751,13.310547,13.310938,0.139295,-0.006077,-0.037384,0.02861,-0.080925,-0.497609,0.380823,-0.00606,-0.080755,3593.638,68.168751,74.049484,1770,-6.071107
2026-08-03 05:00:00+00:00,13.310647,13.310547,13.310938,0.100909,-0.005263,-0.039673,0.030518,-0.069764,-0.528075,0.406206,-0.005243,-0.069567,3601.228,68.192858,74.046972,1784,-5.241501
2026-08-03 06:00:00+00:00,13.310645,13.310547,13.310938,0.098309,-0.005831,-0.040054,0.027466,-0.077857,-0.533145,0.365585,-0.005835,-0.077879,3599.061,68.143751,74.036364,1779,-5.836436
2026-08-03 07:00:00+00:00,13.310642,13.310351,13.310742,0.100281,-0.005242,-0.041199,0.032425,-0.069807,-0.548378,0.431594,-0.005238,-0.069719,3600.597,68.104465,73.982873,1768,-5.23695
2026-08-03 08:00:00+00:00,13.310554,13.310351,13.310742,0.138882,-0.005755,-0.043106,0.032043,-0.076607,-0.573766,0.426516,-0.00575,-0.076574,3599.589,68.132955,74.033681,1787,-5.751124
2026-08-03 09:00:00+00:00,13.310478,13.310351,13.310742,0.120637,-0.005477,-0.041962,0.029373,-0.072896,-0.558533,0.390973,-0.005473,-0.072785,3600.897,68.072796,73.966499,1776,-5.471146
2026-08-03 10:00:00+00:00,13.310452,13.310351,13.310742,0.100783,-0.005074,-0.037766,0.02327,-0.067598,-0.502672,0.309727,-0.005073,-0.067594,3599.149,68.276136,74.128642,1779,-5.074578
2026-08-03 11:00:00+00:00,13.310449,13.310351,13.310742,0.098401,-0.005716,-0.038147,0.033569,-0.076237,-0.507757,0.446826,-0.005717,-0.076163,3600.787,68.490908,74.299501,1778,-5.716072
2026-08-03 12:00:00+00:00,13.310449,13.310351,13.310547,0.097808,-0.005957,-0.042343,0.030518,-0.079193,-0.563602,0.4062,-0.005957,-0.079181,3598.614,68.506248,74.403638,1783,-5.959675
2026-08-03 13:00:00+00:00,13.310449,13.310157,13.310547,0.098403,-0.005618,-0.046158,0.029373,-0.074868,-0.614377,0.390967,-0.005642,-0.075091,3600.464,68.618752,74.45222,1774,-5.641593
2026-08-03 14:00:00+00:00,13.310447,13.310157,13.310547,0.10026,-0.005808,-0.040054,0.024033,-0.077331,-0.533137,0.319882,-0.005793,-0.077162,3601.18,68.398076,74.29535,1780,-5.790929
2026-08-03 15:00:00+00:00,13.310358,13.310157,13.310547,0.139159,-0.00557,-0.043488,0.032043,-0.074232,-0.578835,0.42651,-0.005562,-0.07396,3599.111,68.393749,74.292897,1769,-5.563564
2026-08-03 16:00:00+00:00,13.310256,13.310157,13.310547,0.09929,-0.005442,-0.040054,0.026703,-0.072631,-0.533137,0.355425,-0.005447,-0.072588,3600.832,68.537499,74.384911,1781,-5.445462
2026-08-03 17:00:00+00:00,13.310254,13.310157,13.310351,0.097349,-0.005356,-0.044632,0.030136,-0.071079,-0.594067,0.401122,-0.005344,-0.071074,3598.925,68.709616,74.607049,1779,-5.345818
2026-08-03 18:00:00+00:00,13.310255,13.310157,13.310547,0.097797,-0.005724,-0.045395,0.026703,-0.076501,-0.604213,0.355425,-0.005734,-0.076421,3600.668,68.731251,74.621353,1772,-5.733154
2026-08-03 19:00:00+00:00,13.310254,13.310157,13.310351,0.097332,-0.005396,-0.041962,0.022507,-0.071787,-0.558525,0.299572,-0.005395,-0.071693,3600.56,68.736364,74.720375,1776,-5.394378
2026-08-03 20:00:00+00:00,13.310254,13.310157,13.310351,0.097332,-0.00577,-0.054932,0.025558,-0.076774,-0.731159,0.340192,-0.00577,-0.076872,3598.617,68.750001,74.652005,1767,-5.772397
2026-08-03 21:00:00+00:00,13.310245,13.309961,13.310351,0.105454,-0.006229,-0.044632,0.025177,-0.082961,-0.594067,0.33511,-0.006228,-0.082877,3600.469,68.805263,74.755405,1776,-6.22672
2026-08-03 22:00:00+00:00,13.310249,13.309961,13.310351,0.102099,-0.005504,-0.037766,0.028229,-0.073233,-0.502665,0.375735,-0.005458,-0.072841,3584.223,68.853125,74.664053,1770,-5.481815
2026-08-03 23:00:00+00:00,13.310232,13.309961,13.310351,0.116008,-0.005168,-0.046158,0.031662,-0.06876,-0.614368,0.421426,-0.005155,-0.068287,3582.849,68.9375,74.67956,1771,-5.179274
2026-08-04 00:00:00+00:00,13.310213,13.309961,13.310351,0.126193,-0.005911,-0.043488,0.025558,-0.078704,-0.578826,0.340187,-0.005889,-0.078368,3601.013,68.80625,74.652757,1779,-5.887099
2026-08-04 01:00:00+00:00,13.310189,13.309961,13.310351,0.134772,-0.005017,-0.040054,0.027466,-0.066792,-0.533121,0.365574,-0.005014,-0.066757,3599.141,68.343421,74.350478,1782,-5.015342
2026-08-04 02:00:00+00:00,13.310072,13.309961,13.310351,0.108946,-0.004996,-0.03891,0.026703,-0.066459,-0.517897,0.35542,-0.005002,-0.066577,3600.195,68.478124,74.374094,1782,-5.001899
2026-08-04 03:00:00+00:00,13.31006,13.309961,13.310351,0.098382,-0.005362,-0.04158,0.023651,-0.071509,-0.553439,0.3148,-0.005348,-0.071127,3601.285,68.506248,74.444565,1769,-5.346142
2026-08-04 04:00:00+00:00,13.310059,13.309961,13.310157,0.097811,-0.005234,-0.037003,0.026321,-0.069871,-0.49251,0.350337,-0.005235,-0.069708,3599.106,68.618752,74.472318,1772,-5.236406
2026-08-04 05:00:00+00:00,13.310056,13.309766,13.310157,0.100766,-0.005044,-0.055313,0.03624,-0.067273,-0.736215,0.482348,-0.005065,-0.067407,3599.373,68.621197,74.496641,1776,-5.065504
2026-08-04 06:00:00+00:00,13.310046,13.309766,13.310157,0.110128,-0.004973,-0.037384,0.030136,-0.066277,-0.49758,0.401116,-0.004982,-0.066293,3600.033,68.618752,74.503738,1773,-4.981942
2026-08-04 07:00:00+00:00,13.309975,13.309766,13.310157,0.138605,-0.005013,-0.040436,0.023651,-0.066698,-0.538199,0.314796,-0.005028,-0.066854,3601.213,68.615001,74.487525,1781,-5.026349
2026-08-04 08:00:00+00:00,13.309867,13.309766,13.310157,0.10136,-0.005282,-0.038528,0.033188,-0.07018,-0.512812,0.441723,-0.005281,-0.07034,3598.82,68.55125,74.475574,1768,-5.282342
2026-08-04 09:00:00+00:00,13.309864,13.309766,13.310157,0.098381,-0.005088,-0.03891,0.027847,-0.067828,-0.517882,0.370641,-0.005104,-0.067936,3600.129,68.506248,74.438014,1785,-5.103906
2026-08-04 10:00:00+00:00,13.309863,13.30957,13.309961,0.098306,-0.005385,-0.042725,0.033951,-0.071681,-0.568655,0.451877,-0.005305,-0.070679,3583.104,68.546428,74.453031,1759,-5.330447
2026-08-04 11:00:00+00:00,13.309862,13.30957,13.309961,0.099397,-0.005091,-0.03891,0.030899,-0.067664,-0.517882,0.411265,-0.005094,-0.067695,3601.303,68.621197,74.488594,1783,-5.091681
2026-08-04 12:00:00+00:00,13.309859,13.30957,13.309961,0.102195,-0.005273,-0.045776,0.027847,-0.070396,-0.609273,0.370641,-0.005287,-0.070462,3599.535,68.618752,74.509672,1782,-5.287871
2026-08-04 13:00:00+00:00,13.309785,13.30957,13.309961,0.137214,-0.005097,-0.04158,0.027847,-0.067842,-0.553423,0.370641,-0.005098,-0.067834,3599.544,68.618752,74.510685,1774,-5.098283
2026-08-04 14:00:00+00:00,13.309707,13.30957,13.309961,0.126646,-0.005305,-0.042343,0.028992,-0.07076,-0.563577,0.385873,-0.005343,-0.071068,3600.451,68.715179,74.645444,1766,-5.34255
2026-08-04 15:00:00+00:00,13.309673,13.30957,13.309961,0.102984,-0.00558,-0.043488,0.024033,-0.074263,-0.578818,0.319868,-0.005575,-0.074202,3599.489,69.13625,75.103003,1783,-5.575686
2026-08-04 16:00:00+00:00,13.30967,13.30957,13.309961,0.099444,-0.006398,-0.042725,0.030899,-0.085138,-0.568655,0.411259,-0.006377,-0.084799,3600.938,69.617187,75.614578,1778,-6.375252
2026-08-04 17:00:00+00:00,13.309673,13.30957,13.309961,0.102314,-0.005473,-0.038147,0.032043,-0.072644,-0.507727,0.426491,-0.00546,-0.072638,3600.13,69.227273,75.107294,1776,-5.459953
2026-08-04 18:00:00+00:00,13.309668,13.30957,13.309766,0.097825,-0.006902,-0.055313,0.033951,-0.092077,-0.736205,0.451871,-0.006805,-0.09069,3543.374,69.228125,75.088384,1737,-6.913363
2026-08-04 19:00:00+00:00,13.309664,13.309375,13.309766,0.101688,-0.009087,-0.064087,0.035858,-0.121115,-0.852969,0.477264,-0.009096,-0.121107,3599.788,69.200001,75.352635,1769,-9.096763
2026-08-04 20:00:00+00:00,13.309505,13.309375,13.309766,0.123475,-0.008802,-0.060272,0.035858,-0.117038,-0.802197,0.477257,-0.008788,-0.116992,3599.63,69.227274,75.534749,1768,-8.789403
2026-08-04 21:00:00+00:00,13.309472,13.309375,13.30957,0.09782,-0.008959,-0.06485,0.03891,-0.119252,-0.863124,0.517874,-0.00896,-0.119235,3601.421,69.296711,75.505455,1773,-8.956839
2026-08-04 22:00:00+00:00,13.309473,13.309375,13.30957,0.097807,-0.008086,-0.047302,0.040436,-0.107724,-0.629573,0.538175,-0.008092,-0.107787,3599.274,69.36875,75.431153,1775,-8.093337
2026-08-04 23:00:00+00:00,13.309472,13.309375,13.30957,0.097843,-0.009272,-0.051498,0.042343,-0.123626,-0.685412,0.563561,-0.009318,-0.124004,3599.906,69.618269,75.765236,1752,-9.318232
2026-08-05 00:00:00+00:00,13.30947,13.30918,13.30957,0.100116,-0.008939,-0.049973,0.034332,-0.118982,-0.665113,0.456941,-0.008953,-0.119156,3599.735,69.312501,75.500632,1761,-8.953232
2026-08-05 01:00:00+00:00,13.309436,13.30918,13.30957,0.124612,-0.008148,-0.050354,0.030899,-0.108322,-0.67018,0.411247,-0.008151,-0.108416,3601.094,69.004463,75.139025,1772,-8.148111
2026-08-05 02:00:00+00:00,13.309278,13.30918,13.30957,0.098028,-0.008954,-0.048447,0.035095,-0.119308,-0.644785,0.467095,-0.008974,-0.119454,3599.97,69.101315,75.231227,1761,-8.974047
2026-08-05 03:00:00+00:00,13.309277,13.30918,13.309375,0.097338,-0.00885,-0.054932,0.037384,-0.117875,-0.731095,0.497558,-0.008854,-0.11795,3598.658,69.031249,75.226977,1766,-8.857501
2026-08-05 04:00:00+00:00,13.30927,13.308985,13.309375,0.104355,-0.009249,-0.049591,0.037003,-0.123125,-0.660016,0.492474,-0.009254,-0.123201,3600.931,68.97159,75.234172,1767,-9.251998
2026-08-05 05:00:00+00:00,13.30913,13.308985,13.309375,0.128876,-0.009279,-0.051117,0.037766,-0.123498,-0.680325,0.502628,-0.009287,-0.123528,3600.842,69.068748,75.269438,1761,-9.285276
2026-08-05 06:00:00+00:00,13.309087,13.308985,13.309375,0.101959,-0.009241,-0.047302,0.037003,-0.123031,-0.629554,0.492474,-0.009252,-0.123102,3600.091,69.118382,75.351749,1762,-9.251912
2026-08-05 07:00:00+00:00,13.309083,13.308985,13.30918,0.09782,-0.009087,-0.048828,0.037384,-0.120817,-0.649853,0.497551,-0.009087,-0.120842,3600.012,68.945,75.178857,1761,-9.086619
2026-08-05 08:00:00+00:00,13.309082,13.308789,13.30918,0.098353,-0.009189,-0.046921,0.036621,-0.12262,-0.624477,0.48739,-0.009206,-0.122719,3599.004,69.0575,75.280713,1763,-9.208711
2026-08-05 09:00:00+00:00,13.309083,13.308985,13.30918,0.097823,-0.009071,-0.053406,0.035095,-0.120866,-0.710787,0.467089,-0.009105,-0.121111,3600.922,69.087499,75.280977,1751,-9.10254
2026-08-05 10:00:00+00:00,13.309081,13.308789,13.30918,0.099545,-0.00955,-0.05455,0.03624,-0.127111,-0.726007,0.482313,-0.009561,-0.127323,3598.288,69.162501,75.394926,1761,-9.565449
2026-08-05 11:00:00+00:00,13.309076,13.308789,13.30918,0.103917,-0.009189,-0.057983,0.041962,-0.122312,-0.7717,0.558467,-0.009182,-0.12214,3600.014,69.064998,75.242783,1741,-9.181662
2026-08-05 12:00:00+00:00,13.30893,13.308789,13.30918,0.129147,-0.009415,-0.068283,0.045013,-0.125296,-0.908778,0.599083,-0.009437,-0.12555,3600.013,69.138235,75.416575,1758,-9.436686
2026-08-05 13:00:00+00:00,13.308896,13.308789,13.30918,0.106168,-0.009026,-0.053024,0.031281,-0.120063,-0.7057,0.416312,-0.009037,-0.120256,3600.248,69.087499,75.31779,1753,-9.036018
2026-08-05 14:00:00+00:00,13.308889,13.308789,13.30918,0.099671,-0.008862,-0.04425,0.042343,-0.117904,-0.588929,0.563544,-0.008878,-0.118116,3601.196,69.141071,75.232684,1764,-8.875131
2026-08-05 15:00:00+00:00,13.308888,13.308789,13.30918,0.098718,-0.0088,-0.059128,0.031662,-0.117229,-0.786931,0.421389,-0.008829,-0.117519,3599.932,69.06875,75.366297,1758,-8.828964
2026-08-05 16:00:00+00:00,13.308888,13.308594,13.30918,0.09941,-0.008962,-0.053787,0.034332,-0.11926,-0.715843,0.456928,-0.008977,-0.119558,3599.498,69.004999,75.180866,1756,-8.978489
2026-08-05 17:00:00+00:00,13.308887,13.308594,13.308985,0.098308,-0.00883,-0.072098,0.037003,-0.117549,-0.959534,0.492467,-0.008843,-0.1177,3599.574,68.997499,75.162885,1764,-8.843825
2026-08-05 18:00:00+00:00,13.308887,13.308594,13.308985,0.098392,-0.007834,-0.046158,0.036621,-0.104105,-0.614314,0.487382,-0.007831,-0.104163,3599.597,69.17,75.293783,1770,-7.831892
2026-08-05 19:00:00+00:00,13.308887,13.308789,13.308985,0.097812,-0.007901,-0.065994,0.047684,-0.105588,-0.878317,0.634622,-0.007935,-0.105633,3601.721,69.256251,75.276156,1776,-7.931682
2026-08-05 20:00:00+00:00,13.308887,13.308594,13.308985,0.098471,-0.008829,-0.056839,0.033951,-0.117418,-0.756458,0.451844,-0.008824,-0.117375,3599.655,69.101315,75.277098,1764,-8.825167
2026-08-05 21:00:00+00:00,13.308879,13.308594,13.308985,0.105102,-0.009026,-0.045395,0.045395,-0.120073,-0.604151,0.604151,-0.008966,-0.119611,3583.19,69.002271,75.215129,1746,-9.007696
2026-08-05 22:00:00+00:00,13.308859,13.308594,13.308985,0.12059,-0.008906,-0.056076,0.033569,-0.118701,-0.746304,0.446767,-0.008911,-0.118816,3599.471,68.99375,75.201635,1764,-8.912761
2026-08-05 23:00:00+00:00,13.308706,13.308594,13.308985,0.109443,-0.008975,-0.049973,0.030899,-0.119674,-0.665074,0.411223,-0.00885,-0.11827,3543.069,69.078676,75.384025,1712,-8.992659
2026-08-06 00:00:00+00:00,13.308757,13.308594,13.308985,0.134836,-0.00747,-0.045776,0.033951,-0.099562,-0.609228,0.451844,-0.007489,-0.099764,3601.521,68.945,75.011713,1775,-7.485798
2026-08-06 01:00:00+00:00,13.308695,13.308594,13.308985,0.101694,-0.008935,-0.058746,0.028992,-0.119002,-0.781843,0.385844,-0.008945,-0.119039,3599.498,68.835714,75.013291,1760,-8.946517
2026-08-06 02:00:00+00:00,13.308691,13.308594,13.308789,0.097812,-0.0091,-0.053787,0.028992,-0.121328,-0.715843,0.385844,-0.009126,-0.121427,3601.669,68.84375,75.027768,1760,-9.121579
2026-08-06 03:00:00+00:00,13.308692,13.308594,13.308789,0.097816,-0.008824,-0.049591,0.034714,-0.117457,-0.659987,0.461991,-0.008821,-0.117493,3597.486,68.723215,74.993203,1757,-8.826841
2026-08-06 04:00:00+00:00,13.308688,13.308398,13.308789,0.101601,-0.008896,-0.046539,0.032043,-0.118429,-0.619382,0.426453,-0.00892,-0.118678,3601.475,68.731251,74.942476,1748,-8.916728
2026-08-06 05:00:00+00:00,13.308637,13.308398,13.308789,0.132803,-0.009579,-0.066757,0.035477,-0.127459,-0.888444,0.472145,-0.009569,-0.12732,3599.504,68.705001,74.969067,1757,-9.569825
2026-08-06 06:00:00+00:00,13.3085,13.308398,13.308789,0.101583,-0.009313,-0.044632,0.033951,-0.123947,-0.593989,0.451837,-0.009346,-0.124346,3599.588,68.875893,75.203176,1753,-9.346619
2026-08-06 07:00:00+00:00,13.308497,13.308398,13.308789,0.098972,-0.008502,-0.053024,0.038528,-0.113375,-0.705679,0.512759,-0.008522,-0.11355,3599.571,68.729001,74.969206,1757,-8.523342
2026-08-06 08:00:00+00:00,13.308496,13.308204,13.308594,0.098315,-0.008709,-0.053024,0.034714,-0.116035,-0.705679,0.461991,-0.008724,-0.116053,3599.574,68.616501,74.891747,1757,-8.725515
2026-08-06 09:00:00+00:00,13.308495,13.308204,13.308594,0.099392,-0.00896,-0.05188,0.023651,-0.119311,-0.690438,0.314763,-0.008982,-0.119397,3601.562,68.625002,74.901912,1752,-8.978311
2026-08-06 10:00:00+00:00,13.308464,13.308204,13.308594,0.121713,-0.009022,-0.056076,0.049973,-0.120124,-0.746282,0.665054,-0.009034,-0.120258,3599.654,68.618752,74.88043,1764,-9.035363
2026-08-06 11:00:00+00:00,13.308454,13.308204,13.308594,0.126589,-0.007995,-0.047302,0.039673,-0.106445,-0.629517,0.527982,-0.008009,-0.106524,3599.53,68.961363,75.17893,1760,-8.00981
2026-08-06 12:00:00+00:00,13.308367,13.308204,13.308594,0.134876,-0.008928,-0.057983,0.032043,-0.118748,-0.771666,0.426447,-0.008909,-0.118407,3583.11,68.974999,75.142812,1761,-8.951166
2026-08-06 13:00:00+00:00,13.308301,13.308204,13.308398,0.097369,-0.009461,-0.055313,0.04158,-0.126027,-0.736129,0.553366,-0.009475,-0.126095,3599.606,68.942187,75.130713,1775,-9.47617
2026-08-06 14:00:00+00:00,13.308309,13.308204,13.308594,0.104662,-0.007902,-0.053406,0.035477,-0.105246,-0.710745,0.472138,-0.007925,-0.105387,3600.142,68.8125,74.93901,1774,-7.925069
2026-08-06 15:00:00+00:00,13.308301,13.308204,13.308594,0.097823,-0.008954,-0.057983,0.033188,-0.119235,-0.771666,0.441677,-0.008956,-0.119193,3599.778,68.731251,74.966452,1772,-8.956109
2026-08-06 16:00:00+00:00,13.308301,13.308204,13.308398,0.097337,-0.008871,-0.065994,0.034332,-0.118258,-0.878278,0.456908,-0.008882,-0.118247,3599.826,68.871875,75.134434,1761,-8.882683
2026-08-06 17:00:00+00:00,13.308301,13.308204,13.308398,0.097342,-0.007841,-0.041962,0.042343,-0.104482,-0.558443,0.563511,-0.007896,-0.105003,3601.624,68.775001,74.877787,1769,-7.891978
2026-08-06 18:00:00+00:00,13.308294,13.308008,13.308398,0.103949,-0.008948,-0.053787,0.035858,-0.118993,-0.715811,0.477215,-0.008959,-0.119192,3599.782,68.777273,74.908193,1772,-8.959734
2026-08-06 19:00:00+00:00,13.308241,13.308008,13.308398,0.133428,-0.008964,-0.065994,0.045395,-0.119273,-0.878265,0.604125,-0.008967,-0.119381,3599.953,69.173216,75.320019,1778,-8.967433
2026-08-06 20:00:00+00:00,13.308196,13.308008,13.308398,0.138157,-0.008569,-0.046539,0.032043,-0.113866,-0.619355,0.426441,-0.008029,-0.106834,3396.117,68.956249,75.184127,1658,-8.510754
2026-08-06 21:00:00+00:00,13.308117,13.308008,13.308398,0.109149,-0.009011,-0.05188,0.039673,-0.120035,-0.690428,0.527974,-0.00902,-0.120117,3600.087,68.84375,75.011674,1769,-9.019353
2026-08-06 22:00:00+00:00,13.308107,13.308008,13.308398,0.099157,-0.00886,-0.06218,0.034714,-0.117984,-0.827498,0.461978,-0.008858,-0.117902,3599.837,68.986028,75.128449,1764,-8.858549
2026-08-06 23:00:00+00:00,13.308106,13.308008,13.308204,0.097817,-0.008553,-0.051498,0.045395,-0.113824,-0.685341,0.604116,-0.008555,-0.114009,3600.055,69.139063,75.295612,1765,-8.55481
2026-08-07 00:00:00+00:00,13.308106,13.308008,13.308204,0.097811,-0.00933,-0.045013,0.026321,-0.124059,-0.599048,0.350291,-0.00934,-0.12435,3599.995,69.191178,75.406183,1765,-9.339724
2026-08-07 01:00:00+00:00,13.308106,13.308008,13.308204,0.097809,-0.00909,-0.054169,0.044632,-0.121072,-0.720878,0.593971,-0.009109,-0.121125,3599.951,68.932142,75.1701,1765,-9.109599
2026-08-07 02:00:00+00:00,13.308105,13.307813,13.308204,0.098409,-0.008596,-0.041962,0.029755,-0.114547,-0.558426,0.395975,-0.00861,-0.114681,3599.561,68.848864,74.999389,1770,-8.611351
2026-08-07 03:00:00+00:00,13.308099,13.307813,13.308204,0.104817,-0.00879,-0.047302,0.031281,-0.117049,-0.629499,0.416281,-0.008812,-0.117281,3599.516,68.838636,75.079104,1763,-8.812757
2026-08-07 04:00:00+00:00,13.307993,13.307813,13.308204,0.138479,-0.008491,-0.066376,0.032806,-0.11301,-0.883329,0.436588,-0.008517,-0.113316,3601.239,68.731251,74.962628,1767,-8.513571
2026-08-07 05:00:00+00:00,13.307913,13.307813,13.308204,0.100613,-0.008555,-0.048447,0.032806,-0.113886,-0.644728,0.436588,-0.008575,-0.114087,3599.535,68.846196,75.032064,1763,-8.576201
2026-08-07 06:00:00+00:00,13.30791,13.307813,13.308008,0.097811,-0.008515,-0.050354,0.034714,-0.113517,-0.670111,0.461964,-0.008539,-0.113709,3599.564,68.7875,75.037166,1762,-8.539834
2026-08-07 07:00:00+00:00,13.307911,13.307813,13.308204,0.098298,-0.00835,-0.041962,0.040817,-0.111243,-0.558426,0.543196,-0.008371,-0.111384,3601.456,68.733334,74.961055,1765,-8.367424
2026-08-07 08:00:00+00:00,13.307909,13.307617,13.308008,0.099089,-0.00927,-0.059509,0.03624,-0.123489,-0.791938,0.48227,-0.009276,-0.123471,3599.402,68.82125,75.03207,1760,-9.277926
2026-08-07 09:00:00+00:00,13.307909,13.307617,13.308008,0.099943,-0.008915,-0.050735,0.041962,-0.118584,-0.675178,0.558418,-0.008919,-0.118781,3599.346,68.811185,74.97011,1766,-8.920125
2026-08-07 10:00:00+00:00,13.307831,13.307617,13.308008,0.137783,-0.008466,-0.050735,0.027847,-0.112712,-0.675178,0.370587,-0.008472,-0.112748,3599.406,68.84375,75.100785,1765,-8.473655
2026-08-07 11:00:00+00:00,13.307805,13.307617,13.308008,0.138331,-0.007877,-0.048828,0.035477,-0.104874,-0.649796,0.472117,-0.007901,-0.105153,3601.436,68.967499,75.086536,1763,-7.898019
2026-08-07 12:00:00+00:00,13.307843,13.307617,13.308008,0.135723,-0.00754,-0.045013,0.041199,-0.10028,-0.599039,0.548265,-0.00755,-0.100362,3599.456,68.984374,75.056253,1770,-7.551518
2026-08-07 13:00:00+00:00,13.30774,13.307617,13.308008,0.117943,-0.008609,-0.050735,0.035858,-0.114712,-0.675178,0.477194,-0.008643,-0.115221,3599.505,68.945,75.096842,1761,-8.644608
2026-08-07 14:00:00+00:00,13.307747,13.307617,13.308008,0.122316,-0.006998,-0.045395,0.037003,-0.093389,-0.604107,0.492423,-0.006971,-0.093195,3583.831,68.956249,74.974121,1769,-7.002778
2026-08-07 15:00:00+00:00,13.307724,13.307617,13.308008,0.10671,-0.007873,-0.045395,0.03891,-0.104776,-0.604107,0.517806,-0.007874,-0.104786,3599.739,68.949999,75.033914,1771,-7.874878
2026-08-07 16:00:00+00:00,13.307744,13.307617,13.308008,0.120379,-0.006657,-0.04425,0.026703,-0.088528,-0.588877,0.355357,-0.006678,-0.088871,3599.89,68.85625,74.920967,1772,-6.678082
2026-08-07 17:00:00+00:00,13.307715,13.307617,13.308008,0.098522,-0.007692,-0.060654,0.035095,-0.102482,-0.807156,0.467041,-0.007689,-0.1022,3603.631,68.99375,75.027979,1766,-7.681526
2026-08-07 18:00:00+00:00,13.307717,13.307617,13.308008,0.100177,-0.007428,-0.048065,0.028229,-0.098813,-0.639642,0.375663,-0.007409,-0.09866,3597.867,69.036607,75.111845,1774,-7.413503
2026-08-07 19:00:00+00:00,13.307718,13.307617,13.308008,0.100357,-0.006682,-0.048447,0.029373,-0.089118,-0.644719,0.390893,-0.006706,-0.089312,3600.016,68.838636,74.886738,1773,-6.706051
2026-08-07 20:00:00+00:00,13.307715,13.307617,13.307813,0.097815,-0.007489,-0.052261,0.032043,-0.099534,-0.695484,0.426428,-0.007451,-0.098938,3576.396,68.756819,74.842454,1755,-7.500334
2026-08-07 21:00:00+00:00,13.307712,13.307422,13.307813,0.100316,-0.008355,-0.050735,0.038147,-0.111263,-0.675168,0.507645,-0.008375,-0.111474,3600.231,68.792858,75.000851,1776,-8.374717
2026-08-07 22:00:00+00:00,13.307704,13.307422,13.307813,0.10803,-0.009271,-0.070572,0.034714,-0.123379,-0.939144,0.461957,-0.009291,-0.123671,3599.92,69.036606,75.194971,1758,-9.291056
2026-08-07 23:00:00+00:00,13.307661,13.307422,13.307813,0.131347,-0.00734,-0.045776,0.040054,-0.097595,-0.609174,0.533028,-0.007321,-0.09739,3565.814,69.187502,75.206536,1751,-7.391151
2026-08-08 00:00:00+00:00,13.30753,13.307422,13.307813,0.108034,-0.008534,-0.05455,0.035858,-0.11357,-0.725933,0.477187,-0.008544,-0.113647,3600.085,69.315385,75.512422,1763,-8.543641
2026-08-08 01:00:00+00:00,13.307568,13.307422,13.307813,0.1308,-0.007663,-0.048447,0.030899,-0.10217,-0.64471,0.411193,-0.007644,-0.101462,3583.455,69.068748,75.125424,1759,-7.678877
2026-08-08 02:00:00+00:00,13.30752,13.307422,13.307813,0.098429,-0.008484,-0.045013,0.053024,-0.112981,-0.599021,0.705627,-0.008461,-0.112525,3584.993,68.996427,75.23467,1749,-8.496877
2026-08-08 03:00:00+00:00,13.307519,13.307227,13.307617,0.098251,-0.008705,-0.046921,0.032043,-0.116056,-0.624404,0.426416,-0.008737,-0.116304,3597.667,68.984374,75.231763,1748,-8.742406
2026-08-08 04:00:00+00:00,13.307518,13.307227,13.307617,0.099089,-0.008865,-0.052261,0.030899,-0.117934,-0.695474,0.411187,-0.008893,-0.118316,3599.478,68.956249,75.164052,1759,-8.893885
2026-08-08 05:00:00+00:00,13.307506,13.307227,13.307617,0.109342,-0.008381,-0.048828,0.039291,-0.111646,-0.649776,0.522867,-0.008424,-0.11211,3601.415,68.918749,75.126875,1755,-8.421176
2026-08-08 06:00:00+00:00,13.307353,13.307227,13.307617,0.120809,-0.008823,-0.05455,0.034332,-0.117323,-0.725922,0.456874,-0.008846,-0.1176,3599.61,69.031249,75.286754,1762,-8.846529
2026-08-08 07:00:00+00:00,13.307336,13.307227,13.307617,0.10748,-0.008954,-0.059891,0.057602,-0.119262,-0.796991,0.766533,-0.008957,-0.119363,3599.461,68.956249,75.166946,1767,-8.958205
2026-08-08 08:00:00+00:00,13.307325,13.307227,13.307617,0.097796,-0.008779,-0.047302,0.030518,-0.116984,-0.629462,0.40611,-0.008792,-0.117077,3599.544,68.858553,75.127044,1764,-8.793082
2026-08-08 09:00:00+00:00,13.307323,13.307032,13.307422,0.098598,-0.008849,-0.062561,0.038528,-0.117865,-0.832514,0.512714,-0.008873,-0.118072,3601.437,68.84375,75.129406,1759,-8.869462
2026-08-08 10:00:00+00:00,13.307324,13.307032,13.307422,0.098107,-0.007427,-0.048447,0.032043,-0.098978,-0.644691,0.42641,-0.007459,-0.09928,3599.531,68.853676,75.021284,1764,-7.460229
2026-08-08 11:00:00+00:00,13.307321,13.307032,13.307422,0.10023,-0.007616,-0.041199,0.032806,-0.101353,-0.548241,0.436562,-0.007583,-0.100898,3581.776,69.059374,75.141624,1750,-7.621733
2026-08-08 12:00:00+00:00,13.307318,13.307032,13.307422,0.103481,-0.007017,-0.038147,0.022507,-0.093447,-0.50763,0.299502,-0.007045,-0.093749,3599.532,69.181252,75.177929,1772,-7.045865
2026-08-08 13:00:00+00:00,13.307315,13.307032,13.307422,0.106026,-0.008721,-0.052643,0.038147,-0.116099,-0.70053,0.507638,-0.008741,-0.11627,3599.744,69.181252,75.278653,1751,-8.741242
2026-08-08 14:00:00+00:00,13.307254,13.307032,13.307422,0.136782,-0.008957,-0.055695,0.030518,-0.119362,-0.74114,0.406104,-0.008984,-0.119577,3601.597,69.200002,75.372547,1755,-8.980408
2026-08-08 15:00:00+00:00,13.307138,13.307032,13.307422,0.105498,-0.009116,-0.053787,0.050735,-0.121172,-0.715759,0.675148,-0.009111,-0.121092,3599.632,69.312501,75.549641,1765,-9.111485
2026-08-08 16:00:00+00:00,13.307131,13.307032,13.307422,0.0993,-0.008596,-0.056839,0.039673,-0.114517,-0.756369,0.527936,-0.008626,-0.114899,3599.312,69.289424,75.479045,1759,-8.627746
2026-08-08 17:00:00+00:00,13.30713,13.307032,13.307422,0.098351,-0.009158,-0.051498,0.036621,-0.12209,-0.685301,0.487318,-0.009185,-0.122222,3599.576,69.293751,75.479727,1762,-9.185856
2026-08-08 18:00:00+00:00,13.307129,13.307032,13.307227,0.097808,-0.008742,-0.053406,0.033188,-0.116475,-0.710683,0.441638,-0.008775,-0.116676,3601.491,69.396023,75.628388,1767,-8.771803
2026-08-08 19:00:00+00:00,13.307129,13.306836,13.307227,0.098283,-0.0086,-0.061035,0.030899,-0.114429,-0.812197,0.411175,-0.008618,-0.11465,3599.677,69.40625,75.611844,1764,-8.618883
2026-08-08 20:00:00+00:00,13.307129,13.307032,13.307227,0.097819,-0.008907,-0.04921,0.030518,-0.118646,-0.654834,0.406098,-0.008923,-0.118922,3599.387,69.40625,75.598293,1743,-8.924615
2026-08-08 21:00:00+00:00,13.307128,13.306836,13.307227,0.099657,-0.009018,-0.047302,0.030899,-0.120002,-0.629462,0.411175,-0.009032,-0.120193,3599.637,69.62794,75.805146,1755,-9.033267
2026-08-08 22:00:00+00:00,13.307128,13.306836,13.307227,0.098574,-0.008939,-0.052261,0.035477,-0.118871,-0.695443,0.472089,-0.008943,-0.119087,3599.63,69.593749,75.739132,1758,-8.944019
2026-08-08 23:00:00+00:00,13.307129,13.307032,13.307227,0.097853,-0.009282,-0.048447,0.037766,-0.12348,-0.644681,0.502554,-0.009285,-0.123428,3601.54,69.800001,75.839107,1758,-9.281491
2026-08-09 00:00:00+00:00,13.307122,13.306836,13.307227,0.104877,-0.00915,-0.058365,0.037766,-0.12185,-0.776675,0.502547,-0.009169,-0.12203,3599.576,69.739424,75.913754,1754,-9.169777
2026-08-09 01:00:00+00:00,13.307129,13.307032,13.307227,0.097856,-0.009241,-0.053787,0.038147,-0.12298,-0.715748,0.50763,-0.009245,-0.122987,3599.354,69.668749,75.831377,1759,-9.246685
2026-08-09 02:00:00+00:00,13.307112,13.306836,13.307227,0.113078,-0.008844,-0.04425,0.029755,-0.117909,-0.588851,0.395946,-0.008867,-0.118083,3601.396,69.875001,76.005622,1754,-8.863235
2026-08-09 03:00:00+00:00,13.307118,13.306836,13.307227,0.10908,-0.008831,-0.060654,0.030518,-0.117501,-0.807121,0.406098,-0.008861,-0.117795,3599.513,69.739424,75.901797,1752,-8.862677
2026-08-09 04:00:00+00:00,13.307089,13.306836,13.307227,0.126518,-0.008921,-0.065231,0.026321,-0.118725,-0.868035,0.35026,-0.008945,-0.118922,3599.676,69.902718,76.052809,1757,-8.945676
2026-08-09 05:00:00+00:00,13.307016,13.306836,13.307227,0.137897,-0.008958,-0.051117,0.030899,-0.119132,-0.680215,0.411175,-0.008966,-0.119419,3599.371,69.856251,75.948429,1753,-8.967887
2026-08-09 06:00:00+00:00,13.306943,13.306836,13.307227,0.106399,-0.009236,-0.045395,0.034714,-0.122877,-0.604071,0.461937,-0.009239,-0.122939,3599.582,69.992857,76.029808,1756,-9.240438
2026-08-09 07:00:00+00:00,13.30694,13.306836,13.307227,0.103806,-0.008262,-0.051117,0.026321,-0.110026,-0.680215,0.35026,-0.008316,-0.11055,3601.462,69.856251,76.035608,1767,-8.312981
2026-08-09 08:00:00+00:00,13.306936,13.306836,13.307227,0.099953,-0.008562,-0.057602,0.034332,-0.113942,-0.766511,0.456861,-0.008554,-0.113732,3599.591,69.856251,75.929929,1775,-8.555224
2026-08-09 09:00:00+00:00,13.306934,13.306836,13.307032,0.097817,-0.008794,-0.042725,0.029755,-0.117376,-0.568538,0.395946,-0.008833,-0.117706,3599.455,70.00625,76.12356,1759,-8.833877
2026-08-09 10:00:00+00:00,13.306934,13.306836,13.307032,0.097808,-0.009107,-0.057983,0.035477,-0.120936,-0.771587,0.472089,-0.00909,-0.121039,3599.586,69.856251,75.976451,1757,-9.091187
2026-08-09 11:00:00+00:00,13.306934,13.306836,13.307032,0.097811,-0.008628,-0.052643,0.035858,-0.114891,-0.70052,0.477166,-0.008635,-0.114911,3601.536,69.92375,76.091551,1765,-8.631005
2026-08-09 12:00:00+00:00,13.306932,13.306641,13.307032,0.099293,-0.009003,-0.049973,0.03624,-0.119866,-0.664976,0.482235,-0.009004,-0.119765,3599.651,69.856251,76.02253,1760,-9.004996
2026-08-09 13:00:00+00:00,13.306923,13.306641,13.307032,0.108033,-0.008712,-0.05188,0.033188,-0.115963,-0.690357,0.441626,-0.008732,-0.116328,3599.62,69.9125,76.0673,1752,-8.73245
2026-08-09 14:00:00+00:00,13.306916,13.306641,13.307032,0.113252,-0.009107,-0.063705,0.028229,-0.121229,-0.847718,0.375635,-0.009123,-0.121506,3599.532,69.9625,76.090527,1765,-9.123932
2026-08-09 15:00:00+00:00,13.306828,13.306641,13.307032,0.138833,-0.009128,-0.045395,0.039673,-0.1215,-0.604062,0.52792,-0.009137,-0.121562,3599.523,,76.035714,1763,-9.138394
2026-08-09 16:00:00+00:00,13.306754,13.306641,13.307032,0.111639,-0.008913,-0.047684,0.039291,-0.118677,-0.634519,0.522844,-0.00895,-0.11902,3601.528,70.076136,76.204592,1752,-8.946092
2026-08-09 17:00:00+00:00,13.306742,13.306641,13.307032,0.101835,-0.008889,-0.045013,0.037003,-0.118315,-0.598986,0.492387,-0.008908,-0.118533,3599.674,69.96875,76.135103,1753,-8.908658
2026-08-09 18:00:00+00:00,13.30674,13.306641,13.307032,0.099664,-0.008634,-0.048828,0.038528,-0.114946,-0.649748,0.512692,-0.008641,-0.115083,3599.48,70.172114,76.244188,1764,-8.642733
2026-08-09 19:00:00+00:00,13.306738,13.306641,13.306836,0.097809,-0.008857,-0.052643,0.03624,-0.118013,-0.700509,0.482235,-0.008888,-0.118253,3599.499,70.109374,76.251797,1752,-8.888773
2026-08-09 20:00:00+00:00,13.306738,13.306445,13.306836,0.098367,-0.009016,-0.053787,0.030136,-0.120033,-0.715738,0.401016,-0.009039,-0.120114,3601.54,70.228572,76.335895,1772,-9.035099
2026-08-09 21:00:00+00:00,13.306738,13.306445,13.306836,0.098379,-0.008921,-0.05188,0.036621,-0.118827,-0.690357,0.487311,-0.008937,-0.118937,3599.454,70.231249,76.368108,1754,-8.938388
2026-08-09 22:00:00+00:00,13.306738,13.306641,13.306836,0.097822,-0.009265,-0.049591,0.03624,-0.123331,-0.65989,0.482235,-0.009283,-0.123624,3601.504,70.3125,76.438934,1759,-9.27886
2026-08-09 23:00:00+00:00,13.306737,13.306445,13.306836,0.099233,-0.008966,-0.054932,0.028229,-0.119116,-0.730966,0.37563,-0.008953,-0.119065,3597.54,70.301924,76.462598,1767,-8.958881
2026-08-10 00:00:00+00:00,13.306714,13.306445,13.306836,0.11793,-0.008821,-0.057983,0.035095,-0.11758,-0.771576,0.466999,-0.008836,-0.117689,3601.413,70.409376,76.486484,1765,-8.832237
2026-08-10 01:00:00+00:00,13.306661,13.306445,13.306836,0.137512,-0.009107,-0.053024,0.037003,-0.121079,-0.705575,0.492387,-0.009129,-0.121291,3599.445,70.41579,76.555238,1761,-9.130111
2026-08-10 02:00:00+00:00,13.306651,13.306445,13.306836,0.139477,-0.008895,-0.053024,0.032043,-0.118374,-0.705575,0.426397,-0.008917,-0.118666,3599.426,70.53125,76.606842,1766,-8.918539
2026-08-10 03:00:00+00:00,13.306596,13.306445,13.306836,0.132847,-0.008985,-0.056458,0.043869,-0.119571,-0.75126,0.583749,-0.009006,-0.119754,3601.419,70.475,76.590276,1759,-9.002593
2026-08-10 04:00:00+00:00,13.306548,13.306445,13.306836,0.102749,-0.00884,-0.053406,0.039291,-0.117673,-0.710651,0.522836,-0.008859,-0.117984,3599.42,70.480921,76.608285,1764,-8.860301
2026-08-10 05:00:00+00:00,13.306544,13.306445,13.306836,0.099515,-0.009273,-0.065994,0.057983,-0.12344,-0.878162,0.771564,-0.009291,-0.123683,3599.593,70.475001,76.587652,1766,-9.292056
2026-08-10 06:00:00+00:00,13.306543,13.306445,13.306836,0.098343,-0.00941,-0.050354,0.03624,-0.125114,-0.670043,0.482221,-0.009403,-0.125131,3599.391,70.499107,76.649466,1765,-9.404849
2026-08-10 07:00:00+00:00,13.306543,13.306445,13.306641,0.09781,-0.008849,-0.04921,0.033951,-0.117972,-0.654814,0.451765,-0.008869,-0.118057,3599.607,70.5125,76.587516,1754,-8.869554
2026-08-10 08:00:00+00:00,13.306542,13.306251,13.306641,0.098294,-0.008946,-0.065231,0.042725,-0.119318,-0.86801,0.568521,-0.008965,-0.119427,3601.427,70.49375,76.624504,1766,-8.961418
2026-08-10 09:00:00+00:00,13.306542,13.306251,13.306641,0.098393,-0.008831,-0.046539,0.034332,-0.117405,-0.619273,0.456841,-0.008838,-0.117542,3599.513,70.475,76.569272,1759,-8.839547
2026-08-10 10:00:00+00:00,13.30654,13.306251,13.306641,0.101331,-0.008521,-0.043106,0.032806,-0.113501,-0.573589,0.436537,-0.00855,-0.113823,3599.45,70.5,76.577268,1765,-8.551297
2026-08-10 11:00:00+00:00,13.306478,13.306251,13.306641,0.13491,-0.008868,-0.051498,0.033569,-0.118194,-0.685261,0.446689,-0.008896,-0.118455,3601.373,70.430001,76.545878,1759,-8.892498
2026-08-10 12:00:00+00:00,13.306456,13.306251,13.306641,0.137942,-0.008989,-0.053024,0.043106,-0.119428,-0.705565,0.573589,-0.009005,-0.119774,3599.703,70.334376,76.434992,1751,-9.006083
2026-08-10 13:00:00+00:00,13.306358,13.306251,13.306641,0.106739,-0.009287,-0.046921,0.045013,-0.123656,-0.624349,0.598969,-0.009303,-0.123858,3599.573,70.450893,76.580808,1757,-9.304251
2026-08-10 14:00:00+00:00,13.306353,13.306251,13.306641,0.102545,-0.008589,-0.046921,0.033569,-0.114433,-0.624349,0.446689,-0.00861,-0.114578,3599.544,70.303291,76.415136,1773,-8.610905
2026-08-10 15:00:00+00:00,13.306349,13.306251,13.306641,0.098455,-0.008878,-0.05455,0.035858,-0.118215,-0.725869,0.477145,-0.008908,-0.118479,3599.679,70.402207,76.545478,1754,-8.908482
2026-08-10 16:00:00+00:00,13.306348,13.306251,13.306641,0.097785,-0.008993,-0.053024,0.032806,-0.119826,-0.705555,0.43653,-0.009017,-0.119885,3601.522,70.418751,76.483696,1772,-9.012984
2026-08-10 17:00:00+00:00,13.306348,13.306251,13.306445,0.097352,-0.009105,-0.05455,0.03891,-0.12117,-0.725858,0.517753,-0.009119,-0.121315,3599.575,70.395589,76.546668,1750,-9.120481
2026-08-10 18:00:00+00:00,13.306346,13.306055,13.306445,0.099215,-0.00851,-0.054169,0.035095,-0.113257,-0.720782,0.466986,-0.008538,-0.11367,3599.533,70.415442,76.544949,1762,-8.538771
2026-08-10 19:00:00+00:00,13.306337,13.306055,13.306445,0.107119,-0.008475,-0.041199,0.033188,-0.11279,-0.548201,0.441606,-0.008474,-0.112802,3599.486,70.30625,76.424772,1766,-8.475649
2026-08-10 20:00:00+00:00,13.306239,13.306055,13.306445,0.137792,-0.008265,-0.043869,0.040817,-0.109973,-0.583732,0.543125,-0.008268,-0.110104,3601.579,70.159999,76.354531,1775,-8.26401
2026-08-10 21:00:00+00:00,13.306153,13.306055,13.306251,0.097832,-0.008623,-0.057602,0.041962,-0.114532,-0.766466,0.558352,-0.008639,-0.114796,3599.444,70.081249,76.239484,1743,-8.640035
2026-08-10 22:00:00+00:00,13.306153,13.306055,13.306251,0.097811,-0.008414,-0.051117,0.031281,-0.112253,-0.680165,0.416226,-0.008437,-0.11244,3599.785,70.306252,76.380717,1755,-8.437332
2026-08-10 23:00:00+00:00,13.306153,13.306055,13.306251,0.097819,-0.008995,-0.058365,0.031281,-0.119792,-0.776606,0.416226,-0.009015,-0.11994,3599.718,70.306252,76.454134,1762,-9.01553
2026-08-11 00:00:00+00:00,13.306152,13.30586,13.306251,0.09853,-0.008731,-0.054169,0.032806,-0.116253,-0.720772,0.43653,-0.008773,-0.116729,3599.552,70.314287,76.426033,1744,-8.773817
2026-08-11 01:00:00+00:00,13.306151,13.30586,13.306251,0.10021,-0.008725,-0.052643,0.031281,-0.116187,-0.700468,0.41622,-0.008759,-0.116559,3601.341,70.439474,76.609957,1759,-8.755934
2026-08-11 02:00:00+00:00,13.306151,13.30586,13.306251,0.100413,-0.009015,-0.052643,0.039291,-0.120151,-0.700468,0.522813,-0.009045,-0.120363,3599.543,,76.4725,1766,-9.046413
2026-08-11 03:00:00+00:00,13.306119,13.30586,13.306251,0.123317,-0.009023,-0.047302,0.035095,-0.12011,-0.629406,0.466979,-0.009044,-0.120418,3599.326,70.5125,76.614043,1767,-9.045964
2026-08-11 04:00:00+00:00,13.306081,13.30586,13.306251,0.136551,-0.009197,-0.043106,0.047302,-0.12237,-0.573572,0.629406,-0.009199,-0.122384,3599.413,70.418751,76.513906,1759,-9.200348
2026-08-11 05:00:00+00:00,13.305997,13.30586,13.306251,0.125742,-0.008754,-0.060272,0.031662,-0.116627,-0.801985,0.421296,-0.008777,-0.116831,3601.327,70.561538,76.646882,1769,-8.773619
2026-08-11 06:00:00+00:00,13.305984,13.30586,13.306251,0.118641,-0.009171,-0.05722,0.029373,-0.121858,-0.761379,0.390841,-0.009166,-0.121981,3599.495,70.416072,76.56673,1761,-9.167224
2026-08-11 07:00:00+00:00,13.305975,13.30586,13.306251,0.113334,-0.009012,-0.05188,0.037384,-0.12004,-0.690317,0.497434,-0.009045,-0.120326,3599.497,70.475,76.576549,1755,-9.046536
2026-08-11 08:00:00+00:00,13.305957,13.30586,13.306055,0.097892,-0.008873,-0.04425,0.037766,-0.118124,-0.588799,0.50251,-0.008903,-0.118409,3601.568,70.407501,76.607015,1753,-8.898735
2026-08-11 09:00:00+00:00,13.305958,13.30586,13.306055,0.097859,-0.008828,-0.060272,0.040436,-0.117513,-0.801985,0.538041,-0.008834,-0.11755,3599.641,70.464773,76.570167,1766,-8.83471
2026-08-11 10:00:00+00:00,13.305958,13.30586,13.306251,0.098388,-0.008691,-0.046158,0.039673,-0.115837,-0.614179,0.527889,-0.008713,-0.116033,3599.398,70.428677,76.573141,1755,-8.714685
2026-08-11 11:00:00+00:00,13.305957,13.30586,13.306055,0.09781,-0.008752,-0.049591,0.035477,-0.11626,-0.659861,0.472055,-0.008751,-0.116424,3599.592,70.301924,76.445449,1752,-8.751932
2026-08-11 12:00:00+00:00,13.305957,13.305664,13.306055,0.098372,-0.008539,-0.055695,0.033188,-0.113822,-0.741064,0.441593,-0.008574,-0.114126,3599.539,70.430001,76.576294,1752,-8.575409
2026-08-11 13:00:00+00:00,13.305957,13.305664,13.306055,0.098415,-0.008674,-0.045395,0.028229,-0.115623,-0.604018,0.375608,-0.008719,-0.116051,3601.323,70.337502,76.466613,1743,-8.716001
2026-08-11 14:00:00+00:00,13.305957,13.30586,13.306055,0.097852,-0.008714,-0.044632,0.041199,-0.115939,-0.593867,0.548185,-0.008722,-0.116027,3599.533,70.306252,76.410607,1762,-8.723437
2026-08-11 15:00:00+00:00,13.305951,13.305664,13.306055,0.104314,-0.008674,-0.060272,0.038147,-0.115562,-0.801974,0.507586,-0.00871,-0.115894,3599.691,70.446876,76.577768,1745,-8.711098
2026-08-11 16:00:00+00:00,13.305899,13.305664,13.306055,0.133013,-0.008913,-0.05455,0.034714,-0.118581,-0.725837,0.461896,-0.008901,-0.118539,3599.543,70.306252,76.473964,1760,-8.902241
2026-08-11 17:00:00+00:00,13.305779,13.305664,13.306055,0.113025,-0.008964,-0.054169,0.043488,-0.119322,-0.720761,0.578639,-0.008977,-0.119412,3601.639,70.357144,76.561239,1769,-8.972509
2026-08-11 18:00:00+00:00,13.305764,13.305664,13.306055,0.10051,-0.009063,-0.05188,0.034332,-0.120512,-0.690306,0.45682,-0.009056,-0.120417,3599.538,70.415442,76.587927,1770,-9.056795
2026-08-11 19:00:00+00:00,13.305767,13.305664,13.306055,0.103134,-0.008477,-0.055313,0.032043,-0.11299,-0.735988,0.426366,-0.008507,-0.113298,3599.474,,76.495508,1748,-8.507932
2026-08-11 20:00:00+00:00,13.305762,13.305664,13.30586,0.097814,-0.008242,-0.05455,0.038147,-0.109986,-0.725837,0.507578,-0.008293,-0.1104,3599.486,70.306251,76.501908,1746,-8.294481
2026-08-11 21:00:00+00:00,13.305762,13.305664,13.30586,0.097808,-0.008851,-0.05455,0.042343,-0.117869,-0.725837,0.563412,-0.008876,-0.118063,3601.552,70.196194,76.362688,1754,-8.871805
2026-08-11 22:00:00+00:00,13.305761,13.305469,13.30586,0.099098,-0.008723,-0.050735,0.032806,-0.116369,-0.675079,0.436511,-0.008753,-0.116412,3599.549,70.290178,76.43893,1751,-8.753998
2026-08-11 23:00:00+00:00,13.305761,13.305469,13.30586,0.099057,-0.008586,-0.050735,0.037766,-0.114321,-0.675069,0.502503,-0.008593,-0.114478,3599.551,70.407501,76.520896,1768,-8.59433
2026-08-12 00:00:00+00:00,13.305751,13.305469,13.30586,0.10739,-0.008793,-0.046539,0.035095,-0.117105,-0.619236,0.466965,-0.008826,-0.117392,3599.425,70.306252,76.462732,1750,-8.827265
2026-08-12 01:00:00+00:00,13.30568,13.305469,13.30586,0.139061,-0.008735,-0.049591,0.047302,-0.116187,-0.659842,0.629388,-0.008745,-0.116392,3599.641,70.475,76.622567,1762,-8.746195
2026-08-12 02:00:00+00:00,13.305664,13.305469,13.30586,0.140248,-0.008782,-0.045013,0.032806,-0.116776,-0.598934,0.436517,-0.008811,-0.117114,3601.373,70.418751,76.485057,1763,-8.807815
2026-08-12 03:00:00+00:00,13.305616,13.305469,13.30586,0.130653,-0.009338,-0.046921,0.033188,-0.124365,-0.624312,0.44158,-0.009343,-0.124511,3599.425,70.55,76.635828,1760,-9.344768
2026-08-12 04:00:00+00:00,13.30558,13.305469,13.30586,0.110112,-0.008901,-0.048447,0.042343,-0.118449,-0.644615,0.563404,-0.00891,-0.118562,3599.412,70.416668,76.537888,1761,-8.911148
2026-08-12 05:00:00+00:00,13.305567,13.305469,13.30586,0.098718,-0.008662,-0.05188,0.036621,-0.115382,-0.690296,0.487268,-0.008696,-0.11559,3601.447,70.464773,76.6126,1757,-8.692793
2026-08-12 06:00:00+00:00,13.305566,13.305469,13.305664,0.097844,-0.008977,-0.055313,0.032043,-0.119607,-0.735978,0.426359,-0.008989,-0.119643,3599.444,70.418751,76.601469,1764,-8.990421
2026-08-12 07:00:00+00:00,13.305567,13.305469,13.30586,0.098316,-0.008847,-0.051117,0.038528,-0.117599,-0.680135,0.512639,-0.008701,-0.115391,3529.577,70.362501,76.494332,1726,-8.874209
2026-08-12 08:00:00+00:00,13.305566,13.305469,13.305664,0.097809,-0.008784,-0.052643,0.043869,-0.117081,-0.700448,0.583706,-0.008823,-0.117285,3599.503,70.463158,76.643906,1758,-8.824587
2026-08-12 09:00:00+00:00,13.305566,13.305469,13.305664,0.097809,-0.008754,-0.046539,0.031662,-0.11645,-0.619227,0.421284,-0.008773,-0.116608,3601.548,70.362501,76.490586,1758,-8.768929
2026-08-12 10:00:00+00:00,13.305565,13.305274,13.305664,0.099869,-0.008825,-0.046921,0.046539,-0.117651,-0.624303,0.619227,-0.008843,-0.117798,3599.327,70.430001,76.601861,1741,-8.844684
2026-08-12 11:00:00+00:00,13.305559,13.305274,13.305664,0.105209,-0.008796,-0.050735,0.030899,-0.117061,-0.675059,0.411126,-0.008808,-0.117193,3599.563,70.373751,76.520866,1762,-8.80943
2026-08-12 12:00:00+00:00,13.305541,13.305274,13.305664,0.119023,-0.008553,-0.042343,0.03891,-0.113837,-0.563395,0.517715,-0.008571,-0.114066,3601.39,70.303291,76.417001,1765,-8.568062
2026-08-12 13:00:00+00:00,13.305488,13.305274,13.305664,0.137663,-0.008421,-0.054169,0.033569,-0.111991,-0.72074,0.446656,-0.00844,-0.112242,3599.357,70.379809,76.554171,1765,-8.441137
2026-08-12 14:00:00+00:00,13.30538,13.305274,13.305664,0.105765,-0.00857,-0.050354,0.032425,-0.114167,-0.669974,0.431429,-0.008591,-0.114445,3599.425,70.303806,76.425527,1751,-8.592367
2026-08-12 15:00:00+00:00,13.305371,13.305274,13.305469,0.097359,-0.008891,-0.050354,0.041199,-0.118228,-0.669984,0.548168,-0.008909,-0.118527,3599.438,70.362501,76.412739,1749,-8.910699
2026-08-12 16:00:00+00:00,13.305371,13.305274,13.305469,0.097335,-0.009365,-0.045013,0.032043,-0.124688,-0.598925,0.426353,-0.009379,-0.124706,3601.583,70.415001,76.60715,1751,-9.374487
2026-08-12 17:00:00+00:00,13.305371,13.305274,13.305469,0.097329,-0.00845,-0.05188,0.035858,-0.112804,-0.690286,0.477103,-0.008454,-0.112643,3599.478,70.306252,76.455938,1755,-8.455249
2026-08-12 18:00:00+00:00,13.305371,13.305079,13.305469,0.097891,-0.008959,-0.054932,0.041962,-0.119331,-0.730891,0.558312,-0.008979,-0.119394,3599.3,70.326706,76.439844,1752,-8.981154
2026-08-12 19:00:00+00:00,13.305369,13.305079,13.305469,0.100155,-0.00892,-0.048828,0.028229,-0.118901,-0.649672,0.375591,-0.00897,-0.119353,3601.514,70.456251,76.61442,1743,-8.96659
2026-08-12 20:00:00+00:00,13.305363,13.305079,13.305469,0.105811,-0.009541,-0.05188,0.033951,-0.126927,-0.690276,0.451725,-0.009548,-0.126988,3599.381,,76.48752,1762,-9.549252
2026-08-12 21:00:00+00:00,13.30535,13.305079,13.305469,0.116079,-0.00897,-0.059128,0.043869,-0.11931,-0.786712,0.583689,-0.008993,-0.119637,3599.568,70.49375,76.639836,1763,-8.993606
2026-08-12 22:00:00+00:00,13.30531,13.305079,13.305469,0.134601,-0.009047,-0.052261,0.045013,-0.120434,-0.695352,0.598916,-0.009091,-0.120889,3599.432,70.523214,76.638644,1757,-9.092291
2026-08-12 23:00:00+00:00,13.305211,13.305079,13.305469,0.123313,-0.008792,-0.046158,0.035477,-0.116939,-0.614143,0.472027,-0.008808,-0.117026,3601.434,70.55,76.648266,1761,-8.804062
2026-08-13 00:00:00+00:00,13.305203,13.305079,13.305469,0.119497,-0.008548,-0.051117,0.032806,-0.113818,-0.680125,0.436498,-0.00855,-0.113872,3599.464,70.528804,76.68893,1765,-8.551549
2026-08-13 01:00:00+00:00,13.305184,13.305079,13.305469,0.105249,-0.009095,-0.055313,0.03624,-0.121037,-0.735956,0.482178,-0.009098,-0.121144,3599.396,70.539286,76.582876,1764,-9.099169
2026-08-13 02:00:00+00:00,13.305178,13.305079,13.305469,0.098925,-0.008917,-0.045395,0.030518,-0.118643,-0.603992,0.406045,-0.008923,-0.118631,3599.492,70.56875,76.765605,1765,-8.924095
2026-08-13 03:00:00+00:00,13.305177,13.305079,13.305469,0.098433,-0.009197,-0.04921,0.036621,-0.122392,-0.654747,0.487247,-0.009207,-0.122385,3601.514,70.527941,76.620861,1768,-9.202764
2026-08-13 04:00:00+00:00,13.305176,13.305079,13.305274,0.09782,-0.009418,-0.064087,0.03624,-0.125253,-0.852694,0.482171,-0.00941,-0.125201,3599.613,70.639422,76.749327,1758,-9.41137
2026-08-13 05:00:00+00:00,13.305176,13.305079,13.305274,0.097808,-0.009344,-0.048065,0.034332,-0.124359,-0.63952,0.456794,-0.009363,-0.124593,3601.538,70.527941,76.659265,1754,-9.358903
2026-08-13 06:00:00+00:00,13.305176,13.305079,13.305274,0.097813,-0.009158,-0.056076,0.043106,-0.121818,-0.746107,0.57353,-0.009098,-0.120977,3583.555,70.603571,76.753625,1740,-9.13984
2026-08-13 07:00:00+00:00,13.305176,13.304883,13.305274,0.09853,-0.008873,-0.061798,0.032425,-0.118227,-0.822228,0.431416,-0.008911,-0.11846,3601.376,70.523214,76.624361,1759,-8.907602
2026-08-13 08:00:00+00:00,13.305174,13.304883,13.305274,0.099921,-0.008627,-0.051117,0.037003,-0.11495,-0.680125,0.492322,-0.008666,-0.115367,3599.361,70.618181,76.639704,1760,-8.667797
2026-08-13 09:00:00+00:00,13.305149,13.304883,13.305274,0.119631,-0.008931,-0.050354,0.034714,-0.11883,-0.669964,0.461869,-0.008958,-0.119206,3599.264,70.492308,76.61465,1766,-8.960106
2026-08-13 10:00:00+00:00,13.305155,13.304883,13.305274,0.115818,-0.009082,-0.043869,0.032806,-0.120812,-0.583689,0.436492,-0.009109,-0.121119,3601.526,70.5065,76.60636,1743,-9.105114
2026-08-13 11:00:00+00:00,13.305048,13.304883,13.305274,0.135261,-0.008921,-0.046539,0.032043,-0.118829,-0.619209,0.426341,-0.008956,-0.119276,3599.538,70.492308,76.648471,1754,-8.957594
2026-08-13 12:00:00+00:00,13.305048,13.304883,13.305274,0.136096,-0.009062,-0.051498,0.044632,-0.120504,-0.68519,0.593832,-0.009055,-0.120444,3599.427,70.415442,76.488486,1757,-9.056359
2026-08-13 13:00:00+00:00,13.304993,13.304883,13.305274,0.108591,-0.008676,-0.06752,0.044632,-0.115581,-0.898361,0.593832,-0.008715,-0.11599,3599.434,70.555357,76.62113,1748,-8.716112
2026-08-13 14:00:00+00:00,13.304986,13.304883,13.305274,0.103754,-0.009169,-0.047684,0.029755,-0.122101,-0.634436,0.395888,-0.009202,-0.122371,3601.425,70.415442,76.515495,1762,-9.198763
2026-08-13 15:00:00+00:00,13.304984,13.304883,13.305274,0.100836,-0.008876,-0.050735,0.045395,-0.118102,-0.675039,0.603983,-0.008883,-0.118357,3599.388,70.306252,76.450057,1766,-8.884898
2026-08-13 16:00:00+00:00,13.304981,13.304883,13.305079,0.097811,-0.009068,-0.05722,0.046539,-0.120749,-0.761312,0.6192,-0.009081,-0.120801,3599.495,70.475,76.594951,1771,-9.081785
2026-08-13 17:00:00+00:00,13.304981,13.304883,13.305079,0.097807,-0.008452,-0.057602,0.033569,-0.112476,-0.766387,0.446636,-0.00848,-0.112802,3599.412,70.415442,76.488141,1754,-8.48122
2026-08-13 18:00:00+00:00,13.30498,13.304688,13.305079,0.099056,-0.008955,-0.046921,0.040436,-0.119101,-0.624285,0.538001,-0.008962,-0.119157,3601.491,70.475,76.595604,1778,-8.958434
2026-08-13 19:00:00+00:00,13.304974,13.304688,13.305079,0.104313,-0.00899,-0.050735,0.033569,-0.119609,-0.67503,0.446636,-0.009001,-0.119818,3599.356,70.418751,76.575387,1770,-9.003077
2026-08-13 20:00:00+00:00,13.304958,13.304688,13.305079,0.116972,-0.00917,-0.046921,0.032806,-0.122023,-0.624275,0.436485,-0.009172,-0.12203,3599.442,70.418751,76.509713,1755,-9.173273
2026-08-13 21:00:00+00:00,13.304883,13.304688,13.305079,0.138785,-0.009128,-0.059891,0.035095,-0.121472,-0.796839,0.466938,-0.009145,-0.121566,3601.5,70.552885,76.713681,1756,-9.141241
2026-08-13 22:00:00+00:00,13.304838,13.304688,13.305079,0.131736,-0.008822,-0.04921,0.037003,-0.117432,-0.654728,0.492315,-0.008852,-0.117709,3599.566,70.52,76.596479,1753,-8.853491
2026-08-13 23:00:00+00:00,13.304802,13.304688,13.305079,0.112378,-0.008394,-0.047684,0.042725,-0.1118,-0.634426,0.568446,-0.008432,-0.112358,3599.414,70.65673,76.725175,1753,-8.432989
2026-08-14 00:00:00+00:00,13.304799,13.304688,13.305079,0.109633,-0.008552,-0.070572,0.039291,-0.113848,-0.938951,0.522767,-0.008557,-0.113912,3599.415,70.53125,76.653387,1756,-8.558782
2026-08-14 01:00:00+00:00,13.304793,13.304688,13.305079,0.105762,-0.009175,-0.053406,0.030136,-0.121894,-0.710557,0.400957,-0.00921,-0.122259,3601.565,70.681249,76.775698,1742,-9.20604
2026-08-14 02:00:00+00:00,13.304788,13.304688,13.305079,0.100668,-0.008836,-0.056839,0.035477,-0.117929,-0.756225,0.472013,-0.008878,-0.118342,3599.669,70.526923,76.659384,1748,-8.879239
2026-08-14 03:00:00+00:00,13.304785,13.304688,13.304883,0.097818,-0.008965,-0.045013,0.028992,-0.119217,-0.598898,0.385731,-0.008971,-0.119497,3599.447,70.65909,76.775201,1768,-8.972254
2026-08-14 04:00:00+00:00,13.304785,13.304688,13.304883,0.097814,-0.009004,-0.069809,0.044632,-0.120023,-0.928786,0.593814,-0.009045,-0.120293,3599.548,70.53125,76.659872,1754,-9.0463
2026-08-14 05:00:00+00:00,13.304786,13.304688,13.305079,0.098297,-0.009242,-0.062943,0.041199,-0.123102,-0.83743,0.548144,-0.009275,-0.123229,3601.516,70.685936,76.782677,1755,-9.270946
2026-08-14 06:00:00+00:00,13.304785,13.304492,13.304883,0.098322,-0.008512,-0.052261,0.034332,-0.113357,-0.695321,0.456787,-0.008535,-0.113578,3599.463,70.526136,76.63129,1757,-8.536017
2026-08-14 07:00:00+00:00,13.304785,13.304688,13.304883,0.097824,-0.009095,-0.053024,0.040436,-0.121076,-0.705482,0.537986,-0.009099,-0.121057,3599.524,70.637499,76.691978,1734,-9.100331
2026-08-14 08:00:00+00:00,13.304785,13.304688,13.304883,0.097818,-0.008885,-0.05722,0.046539,-0.118207,-0.7613,0.619191,-0.008892,-0.118354,3599.505,70.526136,76.640303,1762,-8.893395
2026-08-14 09:00:00+00:00,13.304781,13.304492,13.304883,0.102099,-0.008684,-0.050735,0.037766,-0.115763,-0.67502,0.502458,-0.008729,-0.116041,3601.52,70.571429,76.661696,1766,-8.725009
2026-08-14 10:00:00+00:00,13.304772,13.304492,13.304883,0.110286,-0.009045,-0.047302,0.041962,-0.120342,-0.629342,0.558287,-0.009072,-0.120649,3599.57,70.485227,76.610034,1746,-9.072948
2026-08-14 11:00:00+00:00,13.304754,13.304492,13.304883,0.122597,-0.008826,-0.043488,0.028992,-0.117326,-0.578588,0.385725,-0.008839,-0.117682,3599.515,70.475,76.588758,1751,-8.840416
2026-08-14 12:00:00+00:00,13.304678,13.304492,13.304883,0.138277,-0.008785,-0.052643,0.034332,-0.11692,-0.700396,0.45678,-0.008808,-0.117165,3599.538,70.44853,76.620203,1755,-8.809131
2026-08-14 13:00:00+00:00,13.3046,13.304492,13.304883,0.107667,-0.008656,-0.04921,0.035858,-0.115159,-0.654718,0.477082,-0.008666,-0.115301,3599.481,70.413637,76.458242,1762,-8.666758
2026-08-14 14:00:00+00:00,13.304591,13.304492,13.304883,0.099202,-0.009127,-0.046539,0.052261,-0.121641,-0.619191,0.695321,-0.009143,-0.121614,3601.559,70.485227,76.621456,1757,-9.138953
2026-08-14 15:00:00+00:00,13.30459,13.304492,13.304883,0.098449,-0.008835,-0.045395,0.034714,-0.11771,-0.603956,0.461856,-0.008858,-0.117944,3599.448,70.415442,76.492997,1745,-8.859071
2026-08-14 16:00:00+00:00,13.30459,13.304492,13.304688,0.097811,-0.009097,-0.050354,0.035858,-0.121072,-0.669944,0.477082,-0.009095,-0.121003,3599.489,70.418751,76.455291,1754,-9.096067
2026-08-14 17:00:00+00:00,13.30459,13.304492,13.304688,0.09781,-0.008784,-0.056076,0.038528,-0.116952,-0.746074,0.512601,-0.008801,-0.117141,3599.458,70.52,76.620188,1762,-8.802461
2026-08-14 18:00:00+00:00,13.304589,13.304297,13.304688,0.098311,-0.0085,-0.04921,0.041962,-0.11332,-0.654709,0.558279,-0.008537,-0.113425,3601.518,70.418751,76.521148,1763,-8.533553
2026-08-14 19:00:00+00:00,13.304589,13.304297,13.304688,0.09846,-0.008981,-0.045395,0.035095,-0.119578,-0.603965,0.466924,-0.009002,-0.119889,3599.37,70.480114,76.564361,1762,-9.003903
2026-08-14 20:00:00+00:00,13.304584,13.304297,13.304688,0.103832,-0.008759,-0.059128,0.032806,-0.116662,-0.786677,0.436472,-0.008807,-0.117155,3599.521,70.5425,76.681619,1746,-8.808101
2026-08-14 21:00:00+00:00,13.304571,13.304297,13.304688,0.113262,-0.008457,-0.046158,0.041962,-0.112619,-0.614107,0.558279,-0.008467,-0.112597,3601.406,70.550001,76.563175,1767,-8.463583
2026-08-14 22:00:00+00:00,13.304469,13.304297,13.304688,0.138054,-0.009149,-0.050735,0.029373,-0.121667,-0.67501,0.390795,-0.00917,-0.121888,3599.477,70.643749,76.743917,1748,-9.17165
2026-08-14 23:00:00+00:00,13.304426,13.304297,13.304688,0.12125,-0.008858,-0.050735,0.029373,-0.11787,-0.67501,0.390795,-0.008885,-0.118367,3599.486,70.544231,76.628194,1746,-8.88654
2026-08-15 00:00:00+00:00,13.304411,13.304297,13.304688,0.112349,-0.009298,-0.054169,0.040054,-0.123634,-0.720687,0.532902,-0.009282,-0.123521,3599.485,70.684999,76.790379,1764,-9.283434
2026-08-15 01:00:00+00:00,13.304403,13.304297,13.304688,0.106083,-0.009064,-0.053024,0.026321,-0.120555,-0.705461,0.350193,-0.009061,-0.120385,3601.47,70.53125,76.609803,1761,-9.05733
2026-08-15 02:00:00+00:00,13.304396,13.304297,13.304688,0.098274,-0.009291,-0.046158,0.030899,-0.12374,-0.614107,0.411096,-0.0093,-0.123844,3599.418,70.671874,76.763241,1754,-9.301818
2026-08-15 03:00:00+00:00,13.304395,13.304297,13.304688,0.097964,-0.008778,-0.043869,0.032425,-0.117052,-0.583655,0.431397,-0.008814,-0.117297,3599.604,70.573437,76.663156,1747,-8.815237
2026-08-15 04:00:00+00:00,13.304395,13.304297,13.304688,0.097837,-0.009227,-0.052643,0.034332,-0.122692,-0.700376,0.456773,-0.009226,-0.12278,3599.445,70.643749,76.758377,1761,-9.227826
2026-08-15 05:00:00+00:00,13.304395,13.304297,13.304688,0.0978,-0.008748,-0.061417,0.030899,-0.116598,-0.817105,0.411096,-0.008771,-0.116693,3601.464,70.526136,76.555432,1753,-8.767878
2026-08-15 06:00:00+00:00,13.304394,13.304102,13.304492,0.097837,-0.008857,-0.045013,0.02861,-0.117931,-0.598872,0.380639,-0.008873,-0.118062,3599.507,70.574265,76.712726,1756,-8.874399
2026-08-15 07:00:00+00:00,13.304395,13.304297,13.304492,0.097344,-0.008937,-0.050354,0.028992,-0.118975,-0.669925,0.385714,-0.00895,-0.119145,3599.577,70.444319,76.536859,1758,-8.950667
2026-08-15 08:00:00+00:00,13.304395,13.304297,13.304492,0.097341,-0.008942,-0.051498,0.03891,-0.118911,-0.68516,0.517669,-0.008963,-0.119272,3599.532,70.456251,76.585593,1755,-8.963758
2026-08-15 09:00:00+00:00,13.304395,13.304297,13.304492,0.09734,-0.008364,-0.047684,0.045395,-0.111466,-0.634408,0.603956,-0.008404,-0.111774,3601.534,70.427632,76.554086,1762,-8.400427
2026-08-15 10:00:00+00:00,13.304393,13.304102,13.304492,0.099042,-0.008639,-0.045395,0.04425,-0.115078,-0.603956,0.588722,-0.008655,-0.115076,3599.44,70.306252,76.403097,1757,-8.656053
2026-08-15 11:00:00+00:00,13.30435,13.304102,13.304492,0.127622,-0.009209,-0.052643,0.026321,-0.122566,-0.700376,0.350188,-0.009203,-0.122594,3599.522,70.418751,76.524504,1761,-9.204115
2026-08-15 12:00:00+00:00,13.304256,13.304102,13.304492,0.132481,-0.008447,-0.053787,0.037766,-0.112399,-0.715601,0.502443,-0.008465,-0.112647,3599.59,70.280683,76.361867,1763,-8.465542
2026-08-15 13:00:00+00:00,13.304212,13.304102,13.304492,0.109367,-0.008925,-0.055313,0.030899,-0.118693,-0.735902,0.41109,-0.008943,-0.118774,3601.502,70.295,76.357924,1767,-8.939463
2026-08-15 14:00:00+00:00,13.304211,13.304102,13.304492,0.108953,-0.008364,-0.057602,0.055313,-0.111408,-0.766342,0.735902,-0.0084,-0.111813,3599.552,70.300001,76.367737,1766,-8.400628
2026-08-15 15:00:00+00:00,13.3042,13.304102,13.304297,0.097822,-0.008504,-0.050735,0.036621,-0.113303,-0.675,0.487218,-0.008518,-0.113388,3599.422,70.193748,76.280118,1768,-8.519484
2026-08-15 16:00:00+00:00,13.3042,13.304102,13.304297,0.097811,-0.008839,-0.052261,0.038528,-0.117712,-0.695301,0.512594,-0.008851,-0.117718,3599.529,70.219999,76.36796,1749,-8.852372
2026-08-15 17:00:00+00:00,13.304199,13.303906,13.304297,0.098347,-0.008887,-0.06218,0.033569,-0.118496,-0.827255,0.44661,-0.008923,-0.118675,3601.464,70.295001,76.391358,1763,-8.91958
2026-08-15 18:00:00+00:00,13.3042,13.304102,13.304297,0.097838,-0.008799,-0.05722,0.032425,-0.116874,-0.761267,0.431385,-0.008808,-0.11709,3599.596,70.192044,76.278953,1765,-8.80929
2026-08-15 19:00:00+00:00,13.304168,13.303906,13.304297,0.121913,-0.008634,-0.055313,0.032043,-0.114863,-0.735891,0.426309,-0.00867,-0.115401,3599.582,70.245108,76.379901,1758,-8.67095
2026-08-15 20:00:00+00:00,13.304127,13.303906,13.304297,0.136297,-0.008919,-0.056839,0.037766,-0.118682,-0.756192,0.502436,-0.008933,-0.118862,3599.443,70.306252,76.39777,1749,-8.934189
2026-08-15 21:00:00+00:00,13.304074,13.303906,13.304297,0.135748,-0.008835,-0.060654,0.038528,-0.117559,-0.806943,0.512586,-0.008792,-0.116963,3575.597,70.212499,76.304388,1747,-8.852141
2026-08-15 22:00:00+00:00,13.30401,13.303906,13.304297,0.103594,-0.008756,-0.045395,0.03624,-0.11654,-0.603938,0.482136,-0.008793,-0.116726,3603.628,70.346429,76.455068,1759,-8.783673
2026-08-15 23:00:00+00:00,13.304017,13.303906,13.304297,0.109782,-0.008536,-0.057602,0.03891,-0.113876,-0.766342,0.517661,-0.008546,-0.114112,3597.524,70.303291,76.382656,1755,-8.551863
2026-08-16 00:00:00+00:00,13.304004,13.303906,13.304102,0.097865,-0.008886,-0.045776,0.035858,-0.117983,-0.609013,0.477061,-0.008887,-0.118116,3599.517,70.25,76.312087,1764,-8.888632
2026-08-16 01:00:00+00:00,13.304005,13.303906,13.304297,0.098284,-0.008964,-0.046921,0.042725,-0.119386,-0.624239,0.568413,-0.008975,-0.119419,3599.532,70.348439,76.476083,1758,-8.976021
2026-08-16 02:00:00+00:00,13.304004,13.303906,13.304102,0.097813,-0.008559,-0.043869,0.034714,-0.11396,-0.583638,0.461835,-0.008569,-0.113951,3601.524,70.278126,76.331043,1772,-8.565786
2026-08-16 03:00:00+00:00,13.304004,13.303711,13.304102,0.098322,-0.008956,-0.05188,0.045395,-0.119204,-0.690205,0.603938,-0.008973,-0.119442,3599.614,70.368751,76.454674,1757,-8.974178
2026-08-16 04:00:00+00:00,13.304004,13.303906,13.304102,0.097818,-0.008852,-0.049973,0.037003,-0.11766,-0.66484,0.492279,-0.008846,-0.117761,3599.428,70.231249,76.332932,1766,-8.847303
2026-08-16 05:00:00+00:00,13.304,13.303711,13.304102,0.101988,-0.008519,-0.054932,0.029755,-0.113417,-0.730805,0.395853,-0.008541,-0.113621,3599.556,70.201784,76.30084,1757,-8.542257
2026-08-16 06:00:00+00:00,13.303986,13.303711,13.304102,0.113136,-0.008977,-0.054169,0.032806,-0.119233,-0.720666,0.436453,-0.008975,-0.119348,3599.598,70.231249,76.400563,1754,-8.976187
2026-08-16 07:00:00+00:00,13.303999,13.303711,13.304102,0.103272,-0.008518,-0.057602,0.033569,-0.113254,-0.766331,0.446603,-0.00855,-0.113573,3601.453,70.193748,76.236523,1763,-8.546582
2026-08-16 08:00:00+00:00,13.303983,13.303711,13.304102,0.116774,-0.008594,-0.053787,0.037003,-0.114589,-0.71558,0.492279,-0.008635,-0.115065,3599.545,70.209821,76.310458,1761,-8.636168
2026-08-16 09:00:00+00:00,13.303879,13.303711,13.304102,0.135823,-0.008443,-0.05188,0.046539,-0.112434,-0.690205,0.619155,-0.008512,-0.113166,3599.498,70.074999,76.219855,1738,-8.512975
2026-08-16 10:00:00+00:00,13.30384,13.303711,13.304102,0.121731,-0.008254,-0.053787,0.051117,-0.109798,-0.71558,0.680055,-0.008284,-0.110063,3601.426,70.025,76.126875,1755,-8.280913
2026-08-16 11:00:00+00:00,13.303833,13.303711,13.304102,0.117092,-0.008469,-0.050735,0.043488,-0.112645,-0.67498,0.578554,-0.008498,-0.112956,3599.493,69.96875,76.082806,1763,-8.498768
2026-08-16 12:00:00+00:00,13.303809,13.303711,13.304102,0.09846,-0.008653,-0.045776,0.045013,-0.115319,-0.609004,0.598846,-0.008653,-0.115324,3599.49,70.033653,76.189915,1771,-8.654528
2026-08-16 13:00:00+00:00,13.303809,13.303711,13.303906,0.097809,-0.00857,-0.045395,0.028229,-0.114137,-0.603921,0.375553,-0.008612,-0.114459,3599.531,69.96875,76.066224,1758,-8.61306
2026-08-16 14:00:00+00:00,13.303809,13.303711,13.303906,0.097825,-0.008431,-0.050735,0.032425,-0.112328,-0.67498,0.431372,-0.008472,-0.112676,3599.566,69.856251,75.977328,1758,-8.472774
2026-08-16 15:00:00+00:00,13.303807,13.303515,13.303906,0.099516,-0.008745,-0.048447,0.030899,-0.116403,-0.64452,0.411072,-0.008755,-0.116355,3601.562,69.958824,76.062531,1757,-8.750745
2026-08-16 16:00:00+00:00,13.303804,13.303515,13.303906,0.102675,-0.008676,-0.049973,0.030136,-0.11551,-0.66483,0.400922,-0.008694,-0.115743,3599.447,69.922727,76.072179,1752,-8.695832
2026-08-16 17:00:00+00:00,13.303773,13.303515,13.303906,0.123585,-0.008961,-0.052261,0.030899,-0.119269,-0.69527,0.411072,-0.008955,-0.119127,3599.607,69.852501,75.971259,1761,-8.956023
2026-08-16 18:00:00+00:00,13.303713,13.303515,13.303906,0.139342,-0.008529,-0.055695,0.035095,-0.113523,-0.740945,0.466897,-0.008559,-0.11384,3599.421,69.916827,76.029944,1759,-8.560345
2026-08-16 19:00:00+00:00,13.303631,13.303515,13.303906,0.113457,-0.008989,-0.04425,0.032806,-0.119628,-0.588696,0.436447,-0.009,-0.119776,3601.421,69.966071,76.146765,1770,-8.996217
2026-08-16 20:00:00+00:00,13.303617,13.303515,13.303906,0.101735,-0.009021,-0.048447,0.043488,-0.12011,-0.64452,0.578537,-0.009055,-0.120432,3599.477,69.96875,76.019466,1741,-9.056777
2026-08-16 21:00:00+00:00,13.303613,13.303515,13.303711,0.09782,-0.008752,-0.03891,0.035095,-0.116512,-0.517646,0.466897,-0.008757,-0.116497,3599.561,70.073214,76.097073,1766,-8.758041
2026-08-16 22:00:00+00:00,13.303613,13.303515,13.303711,0.097818,-0.00857,-0.046921,0.035858,-0.114322,-0.62422,0.477047,-0.008586,-0.114208,3599.559,69.96875,76.115348,1749,-8.58699
2026-08-16 23:00:00+00:00,13.303614,13.303515,13.303906,0.099036,-0.008855,-0.051498,0.041962,-0.117608,-0.68511,0.558246,-0.00888,-0.117872,3601.533,69.964423,76.046359,1769,-8.876518
2026-08-17 00:00:00+00:00,13.303613,13.303515,13.303711,0.097809,-0.008892,-0.048828,0.030899,-0.11861,-0.649595,0.411066,-0.008912,-0.118743,3599.391,70.032031,76.142942,1761,-8.913724
2026-08-17 01:00:00+00:00,13.303613,13.303515,13.303711,0.097812,-0.008972,-0.060654,0.027084,-0.119446,-0.806919,0.360317,-0.008981,-0.119487,3599.255,70.012499,76.126558,1767,-8.982752
2026-08-17 02:00:00+00:00,13.303613,13.303515,13.303711,0.097815,-0.008812,-0.047684,0.029755,-0.11741,-0.634361,0.395841,-0.008835,-0.117492,3601.451,69.9725,76.033806,1772,-8.831939
2026-08-17 03:00:00+00:00,13.303613,13.303321,13.303711,0.098299,-0.009041,-0.048065,0.043488,-0.120231,-0.639436,0.578537,-0.009065,-0.120532,3599.521,70.053124,76.155912,1747,-9.066016
2026-08-17 04:00:00+00:00,13.303613,13.303515,13.303711,0.097811,-0.00879,-0.050354,0.039291,-0.116962,-0.669895,0.522721,-0.008794,-0.11703,3599.527,69.9665,76.06,1771,-8.795421
2026-08-17 05:00:00+00:00,13.303613,13.303515,13.303711,0.097848,-0.008685,-0.042725,0.040817,-0.115649,-0.568388,0.543013,-0.008719,-0.115984,3599.579,70.062499,76.109854,1752,-8.719967
2026-08-17 06:00:00+00:00,13.303599,13.303321,13.303711,0.110533,-0.008942,-0.061798,0.035477,-0.119132,-0.822132,0.471965,-0.008966,-0.119282,3601.406,69.981731,76.092019,1764,-8.96273
2026-08-17 07:00:00+00:00,13.303589,13.303321,13.303711,0.118286,-0.008756,-0.074005,0.042343,-0.116419,-0.984528,0.563313,-0.008766,-0.116559,3599.414,69.848215,75.980899,1769,-8.766946
2026-08-17 08:00:00+00:00,13.303582,13.303321,13.303711,0.122552,-0.009019,-0.044632,0.038147,-0.120043,-0.593762,0.507489,-0.009032,-0.120191,3599.714,69.965,76.108988,1761,-9.033058
2026-08-17 09:00:00+00:00,13.303587,13.303321,13.303711,0.118463,-0.00902,-0.053024,0.033569,-0.120009,-0.705409,0.44659,-0.009036,-0.120166,3599.589,69.871592,76.015332,1765,-9.037122
2026-08-17 10:00:00+00:00,13.303523,13.303321,13.303711,0.138093,-0.00883,-0.055313,0.048447,-0.11744,-0.735859,0.644511,-0.008846,-0.117592,3601.482,69.858929,75.918409,1767,-8.84191
2026-08-17 11:00:00+00:00,13.303431,13.303321,13.303711,0.110092,-0.00898,-0.048828,0.040817,-0.119598,-0.649586,0.543013,-0.009012,-0.120025,3599.538,69.93125,76.08868,1752,-9.012748
2026-08-17 12:00:00+00:00,13.303447,13.303321,13.303711,0.120637,-0.008792,-0.050735,0.035095,-0.116984,-0.67496,0.466883,-0.008798,-0.117099,3599.495,69.850001,75.938152,1758,-8.798945
2026-08-17 13:00:00+00:00,13.303426,13.303321,13.303711,0.105996,-0.009018,-0.048828,0.028992,-0.120088,-0.649586,0.385692,-0.009028,-0.120179,3599.56,69.856251,75.874616,1759,-9.028668
2026-08-17 14:00:00+00:00,13.303419,13.303321,13.303711,0.098646,-0.008975,-0.048065,0.037766,-0.119401,-0.639436,0.502414,-0.008977,-0.11943,3599.523,69.904465,76.024453,1760,-8.978014
2026-08-17 15:00:00+00:00,13.30342,13.303321,13.303711,0.099179,-0.008716,-0.045013,0.029755,-0.116144,-0.598837,0.395841,-0.008731,-0.116241,3601.51,69.743752,75.877683,1764,-8.727481
2026-08-17 16:00:00+00:00,13.303418,13.303321,13.303515,0.097332,-0.008382,-0.04921,0.037766,-0.111364,-0.654651,0.502407,-0.008395,-0.111559,3599.475,69.741306,75.792246,1769,-8.396018
2026-08-17 17:00:00+00:00,13.303418,13.303321,13.303515,0.097335,-0.00894,-0.049973,0.035858,-0.119036,-0.664801,0.47704,-0.008958,-0.119152,3599.394,69.848215,75.941614,1761,-8.959254
2026-08-17 18:00:00+00:00,13.303416,13.303125,13.303515,0.098923,-0.009059,-0.051117,0.041199,-0.120455,-0.680025,0.54808,-0.009049,-0.120372,3601.553,69.741306,75.842094,1765,-9.044831
2026-08-17 19:00:00+00:00,13.303414,13.303125,13.303515,0.102015,-0.009106,-0.054169,0.043488,-0.121114,-0.720624,0.578529,-0.009114,-0.121302,3599.433,,75.787578,1755,-9.115754
2026-08-17 20:00:00+00:00,13.303379,13.303125,13.303515,0.125253,-0.009006,-0.045776,0.032043,-0.119809,-0.608978,0.426284,-0.009023,-0.12009,3599.505,69.800001,75.920781,1749,-9.023865
2026-08-17 21:00:00+00:00,13.303252,13.303125,13.303515,0.121031,-0.008687,-0.050735,0.052261,-0.115644,-0.67495,0.69525,-0.008677,-0.115416,3599.501,69.743752,75.903424,1766,-8.678363
2026-08-17 22:00:00+00:00,13.303258,13.303125,13.303515,0.12376,-0.008714,-0.061798,0.03624,-0.115939,-0.82212,0.482107,-0.00875,-0.1163,3601.43,69.642499,75.765613,1755,-8.746415
2026-08-17 23:00:00+00:00,13.303225,13.303125,13.303515,0.099549,-0.008985,-0.043869,0.03891,-0.119672,-0.583604,0.517631,-0.009013,-0.11986,3599.54,69.631248,75.766783,1758,-9.014585
2026-08-18 00:00:00+00:00,13.303224,13.303125,13.303515,0.098264,-0.008623,-0.047302,0.040817,-0.11506,-0.629277,0.543005,-0.008653,-0.115322,3599.468,69.762502,75.926338,1760,-8.653965
2026-08-18 01:00:00+00:00,13.303223,13.303125,13.303321,0.09781,-0.008519,-0.053787,0.039291,-0.113831,-0.715549,0.522706,-0.008574,-0.114056,3599.518,69.636362,75.790139,1747,-8.575317
2026-08-18 02:00:00+00:00,13.303223,13.303125,13.303321,0.09781,-0.008792,-0.048065,0.032043,-0.117025,-0.639427,0.426284,-0.008803,-0.117125,3599.628,69.631248,75.721977,1759,-8.803644
2026-08-18 03:00:00+00:00,13.303223,13.303125,13.303321,0.097822,-0.00903,-0.045013,0.039673,-0.120108,-0.598819,0.527773,-0.009058,-0.120318,3601.475,69.762501,75.875255,1759,-9.053841
2026-08-18 04:00:00+00:00,13.303223,13.303125,13.303321,0.097856,-0.008706,-0.05188,0.052643,-0.115998,-0.690165,0.700314,-0.008686,-0.115805,3599.507,69.626135,75.765248,1764,-8.68745
2026-08-18 05:00:00+00:00,13.303181,13.30293,13.303321,0.127139,-0.009119,-0.053787,0.032425,-0.121322,-0.715538,0.431353,-0.009129,-0.121425,3599.38,69.631248,75.691881,1762,-9.130843
2026-08-18 06:00:00+00:00,13.30309,13.30293,13.303321,0.135218,-0.008787,-0.052643,0.030136,-0.117022,-0.700314,0.400904,-0.008805,-0.117215,3601.369,69.735716,75.830346,1755,-8.801595
2026-08-18 07:00:00+00:00,13.303076,13.30293,13.303321,0.129484,-0.00882,-0.046539,0.029755,-0.117324,-0.619118,0.39583,-0.008828,-0.117421,3599.453,69.62857,75.741582,1750,-8.829365
2026-08-18 08:00:00+00:00,13.303037,13.30293,13.303321,0.107351,-0.009124,-0.047684,0.036621,-0.121295,-0.634342,0.487175,-0.00914,-0.1215,3599.516,69.518749,75.664399,1764,-9.141081
2026-08-18 09:00:00+00:00,13.30303,13.30293,13.303321,0.099783,-0.009068,-0.047684,0.032043,-0.120663,-0.634342,0.426278,-0.009067,-0.120658,3599.501,69.673437,75.802215,1751,-9.067915
2026-08-18 10:00:00+00:00,13.303028,13.30293,13.303321,0.098514,-0.008366,-0.04921,0.038147,-0.11142,-0.654641,0.507474,-0.008403,-0.111738,3601.522,69.563749,75.704872,1752,-8.399781
2026-08-18 11:00:00+00:00,13.303029,13.30293,13.303321,0.099116,-0.009074,-0.044632,0.028229,-0.120677,-0.593745,0.375531,-0.009069,-0.120677,3599.532,69.516071,75.648186,1761,-9.070211
2026-08-18 12:00:00+00:00,13.303028,13.30293,13.303125,0.097809,-0.009039,-0.04425,0.03891,-0.12032,-0.58867,0.517623,-0.009051,-0.120439,3599.488,69.597499,75.750258,1756,-9.052047
2026-08-18 13:00:00+00:00,13.303028,13.30293,13.303125,0.09781,-0.008817,-0.05188,0.031662,-0.117325,-0.690165,0.421203,-0.008828,-0.117454,3599.464,69.515441,75.660737,1756,-8.829167
2026-08-18 14:00:00+00:00,13.303028,13.30293,13.303125,0.097817,-0.008724,-0.047302,0.029755,-0.116313,-0.629258,0.395824,-0.00877,-0.116449,3603.344,69.518749,75.58621,1766,-8.761521
2026-08-18 15:00:00+00:00,13.303027,13.302734,13.303125,0.099001,-0.008252,-0.046158,0.030899,-0.109804,-0.614034,0.411048,-0.008273,-0.110199,3597.431,69.40625,75.568067,1762,-8.279299
2026-08-18 16:00:00+00:00,13.303018,13.302734,13.303125,0.10675,-0.008368,-0.046921,0.040054,-0.111418,-0.624184,0.53284,-0.008427,-0.112046,3599.379,69.518749,75.638469,1754,-8.428488
2026-08-18 17:00:00+00:00,13.302989,13.302734,13.303125,0.125807,-0.008872,-0.048447,0.032043,-0.11798,-0.644482,0.426272,-0.008881,-0.117991,3601.501,69.540384,75.712813,1769,-8.877387
2026-08-18 18:00:00+00:00,13.302965,13.302734,13.303125,0.134153,-0.008915,-0.046921,0.044632,-0.118654,-0.624193,0.593736,-0.008933,-0.118904,3599.535,69.516304,75.603755,1743,-8.934588
2026-08-18 19:00:00+00:00,13.302885,13.302734,13.303125,0.132639,-0.00907,-0.054932,0.038147,-0.120659,-0.730752,0.507466,-0.009099,-0.12104,3599.507,69.462499,75.589578,1753,-9.10003
2026-08-18 20:00:00+00:00,13.302844,13.302734,13.303125,0.109051,-0.00837,-0.051117,0.038528,-0.111479,-0.680005,0.512541,-0.008396,-0.111748,3599.66,69.40625,75.533117,1760,-8.397261
2026-08-18 21:00:00+00:00,13.30284,13.302734,13.303125,0.105596,-0.007732,-0.053787,0.045013,-0.103018,-0.715528,0.59881,-0.007766,-0.103321,3599.595,69.36125,75.392385,1767,-7.767184
2026-08-18 22:00:00+00:00,13.302845,13.302734,13.303125,0.109024,-0.006986,-0.053406,0.045395,-0.092966,-0.710443,0.603885,-0.006993,-0.093071,3601.646,69.40625,75.363744,1775,-6.989668
2026-08-18 23:00:00+00:00,13.302832,13.302734,13.30293,0.097824,-0.007999,-0.052643,0.040054,-0.106499,-0.700293,0.532832,-0.008009,-0.106498,3599.521,69.40625,75.544109,1760,-8.009752
2026-08-19 00:00:00+00:00,13.302834,13.302734,13.303125,0.099745,-0.007592,-0.042725,0.033188,-0.101096,-0.568362,0.441489,-0.007593,-0.101078,3599.559,69.361843,75.487316,1763,-7.594381
2026-08-19 01:00:00+00:00,13.302846,13.302734,13.303125,0.11205,-0.006967,-0.046921,0.039291,-0.092721,-0.624184,0.52269,-0.006982,-0.092854,3599.432,69.3275,75.294844,1779,-6.983405
2026-08-19 02:00:00+00:00,13.302832,13.302734,13.30293,0.097813,-0.008126,-0.042343,0.047302,-0.1081,-0.563288,0.629258,-0.00813,-0.108214,3601.472,69.064421,75.228546,1771,-8.126724
2026-08-19 03:00:00+00:00,13.302832,13.302734,13.30293,0.09781,-0.007205,-0.052643,0.032806,-0.095867,-0.700304,0.436421,-0.007221,-0.096046,3599.603,69.150001,75.275656,1778,-7.221862
2026-08-19 04:00:00+00:00,13.302832,13.302734,13.30293,0.097821,-0.008105,-0.055313,0.053406,-0.107796,-0.735826,0.710443,-0.00809,-0.107963,3598.87,68.986028,75.194777,1771,-8.092571
2026-08-19 05:00:00+00:00,13.302826,13.302539,13.30293,0.104366,-0.008147,-0.050735,0.039291,-0.10825,-0.674921,0.522683,-0.008161,-0.108607,3599.395,68.978749,75.158173,1773,-8.162417
2026-08-19 06:00:00+00:00,13.302753,13.302539,13.30293,0.137857,-0.008293,-0.046539,0.035477,-0.110286,-0.6191,0.471937,-0.008323,-0.110628,3601.409,69.068748,75.215316,1767,-8.319396
2026-08-19 07:00:00+00:00,13.302724,13.302539,13.30293,0.138314,-0.008272,-0.053787,0.045776,-0.110086,-0.715517,0.608951,-0.008298,-0.110326,3599.768,69.087499,75.265047,1776,-8.298874
2026-08-19 08:00:00+00:00,13.30271,13.302539,13.30293,0.136912,-0.008192,-0.054169,0.037384,-0.109052,-0.720592,0.49731,-0.008184,-0.109042,3599.471,69.153126,75.282348,1774,-8.185336
2026-08-19 09:00:00+00:00,13.302648,13.302539,13.30293,0.107822,-0.008091,-0.065613,0.033569,-0.107683,-0.87283,0.446564,-0.008082,-0.107521,3599.512,68.959999,75.164348,1776,-8.083512
2026-08-19 10:00:00+00:00,13.302637,13.302539,13.30293,0.098379,-0.008186,-0.04921,0.03624,-0.109207,-0.654622,0.482086,-0.00823,-0.109316,3601.477,69.068748,75.25497,1777,-8.226827
2026-08-19 11:00:00+00:00,13.302637,13.302539,13.30293,0.098345,-0.006975,-0.046539,0.033951,-0.092632,-0.6191,0.451639,-0.006964,-0.092661,3599.543,69.125,75.207969,1764,-6.964684
2026-08-19 12:00:00+00:00,13.302637,13.302539,13.302734,0.097808,-0.007348,-0.056076,0.040436,-0.097735,-0.745954,0.537907,-0.007349,-0.097793,3599.472,69.183335,75.267722,1771,-7.350458
2026-08-19 13:00:00+00:00,13.302637,13.302539,13.30293,0.098381,-0.006618,-0.046921,0.040054,-0.088262,-0.624175,0.532832,-0.006631,-0.088247,3599.468,69.181252,75.182028,1776,-6.631578
2026-08-19 14:00:00+00:00,13.302638,13.302539,13.30293,0.099056,-0.006465,-0.06218,0.043106,-0.086111,-0.827146,0.573429,-0.00647,-0.08608,3599.55,69.181252,75.23375,1778,-6.470928
2026-08-19 15:00:00+00:00,13.302637,13.302539,13.30293,0.098891,-0.007341,-0.066376,0.035477,-0.097979,-0.882979,0.471937,-0.007139,-0.095531,3513.887,69.092856,75.251391,1729,-7.313761
2026-08-19 16:00:00+00:00,13.302637,13.302539,13.302734,0.09781,-0.006924,-0.056076,0.035477,-0.09217,-0.745954,0.471937,-0.006934,-0.092164,3599.558,69.170001,75.284895,1773,-6.934817
2026-08-19 17:00:00+00:00,13.302637,13.302539,13.302734,0.097811,-0.006959,-0.054169,0.032425,-0.092423,-0.720581,0.43134,-0.006964,-0.092663,3599.56,69.094999,75.118975,1767,-6.964595
2026-08-19 18:00:00+00:00,13.302637,13.302539,13.302734,0.097814,-0.006495,-0.059128,0.034714,-0.086324,-0.78655,0.461781,-0.006498,-0.086544,3599.37,69.072499,75.116617,1770,-6.499314
2026-08-19 19:00:00+00:00,13.302636,13.302344,13.302734,0.098553,-0.007967,-0.045395,0.030518,-0.106049,-0.603867,0.405961,-0.007972,-0.106084,3601.551,69.063635,75.272875,1763,-7.968898
2026-08-19 20:00:00+00:00,13.302622,13.302344,13.302734,0.110863,-0.008279,-0.057983,0.045776,-0.110249,-0.771326,0.608942,-0.008289,-0.110227,3599.697,69.068748,75.228277,1763,-8.290173
2026-08-19 21:00:00+00:00,13.302544,13.302344,13.302734,0.138631,-0.007832,-0.055695,0.051498,-0.104253,-0.740879,0.68506,-0.007854,-0.104562,3599.59,69.087499,75.283761,1766,-7.854426
2026-08-19 22:00:00+00:00,13.302551,13.302344,13.302734,0.13831,-0.006931,-0.048828,0.037003,-0.092203,-0.649538,0.492228,-0.006948,-0.092356,3599.386,69.173216,75.320839,1779,-6.949079
2026-08-19 23:00:00+00:00,13.30247,13.302344,13.302734,0.11966,-0.007666,-0.058365,0.037766,-0.102127,-0.776401,0.502377,-0.007723,-0.102576,3601.486,69.18456,75.290447,1774,-7.719422
2026-08-20 00:00:00+00:00,13.302446,13.302344,13.302734,0.101689,-0.00857,-0.054169,0.050735,-0.113738,-0.720581,0.674901,-0.008571,-0.113741,3599.589,69.237501,75.428401,1768,-8.572427
2026-08-20 01:00:00+00:00,13.302443,13.302344,13.302734,0.098941,-0.008759,-0.051117,0.037003,-0.11692,-0.679975,0.492228,-0.008695,-0.116068,3579.794,69.278948,75.51092,1758,-8.744131
2026-08-20 02:00:00+00:00,13.302442,13.302344,13.302539,0.097342,-0.007895,-0.045013,0.037384,-0.105235,-0.598793,0.497295,-0.007933,-0.105534,3599.546,69.179547,75.374401,1760,-7.934436
2026-08-20 03:00:00+00:00,13.302442,13.302344,13.302539,0.097333,-0.007824,-0.059128,0.038147,-0.103974,-0.78655,0.507452,-0.007824,-0.103999,3601.485,69.068748,75.308168,1772,-7.821063
2026-08-20 04:00:00+00:00,13.302441,13.302149,13.302539,0.097801,-0.008222,-0.053787,0.045395,-0.109547,-0.715496,0.603859,-0.008243,-0.109605,3599.389,69.112019,75.298529,1758,-8.244427
2026-08-20 05:00:00+00:00,13.302441,13.302149,13.302539,0.097973,-0.008482,-0.048065,0.051117,-0.113242,-0.63938,0.679975,-0.008516,-0.113474,3599.484,69.151786,75.344855,1767,-8.516916
2026-08-20 06:00:00+00:00,13.302442,13.302344,13.302539,0.097394,-0.008171,-0.053787,0.038147,-0.108796,-0.715507,0.507444,-0.008198,-0.109004,3599.554,69.068748,75.239543,1768,-8.198596
2026-08-20 07:00:00+00:00,13.302433,13.302149,13.302539,0.105755,-0.007692,-0.073624,0.046158,-0.102354,-0.979367,0.614007,-0.007727,-0.102545,3601.621,68.993749,75.18257,1770,-7.72364
2026-08-20 08:00:00+00:00,13.30236,13.302149,13.302539,0.137783,-0.008013,-0.061035,0.035095,-0.106711,-0.811911,0.466849,-0.008037,-0.107011,3599.519,68.956249,75.188107,1781,-8.038071
2026-08-20 09:00:00+00:00,13.302338,13.302149,13.302539,0.139102,-0.007546,-0.049591,0.053787,-0.100351,-0.659677,0.715496,-0.007572,-0.100735,3599.545,69.068748,75.2209,1772,-7.573368
2026-08-20 10:00:00+00:00,13.302272,13.302149,13.302539,0.118135,-0.007927,-0.052261,0.03891,-0.105222,-0.695199,0.517593,-0.007917,-0.105277,3599.548,69.106249,75.38095,1780,-7.918439
2026-08-20 11:00:00+00:00,13.302248,13.302149,13.302539,0.099693,-0.008233,-0.048828,0.04158,-0.109522,-0.649519,0.553114,-0.008229,-0.109481,3599.502,69.301786,75.464527,1772,-8.230506
2026-08-20 12:00:00+00:00,13.302249,13.302149,13.302539,0.100577,-0.007868,-0.046158,0.037384,-0.104668,-0.614007,0.497295,-0.007875,-0.104714,3601.507,69.282501,75.443588,1777,-7.871355
2026-08-20 13:00:00+00:00,13.302252,13.302149,13.302539,0.103264,-0.008652,-0.051117,0.031662,-0.11507,-0.679975,0.421179,-0.008639,-0.114886,3599.54,69.29569,75.457599,1761,-8.640223
2026-08-20 14:00:00+00:00,13.302261,13.302149,13.302539,0.110939,-0.006415,-0.048828,0.033188,-0.085315,-0.649529,0.441476,-0.006423,-0.085469,3599.557,69.237502,75.226868,1771,-6.423684
2026-08-20 15:00:00+00:00,13.302282,13.302149,13.302539,0.123309,-0.006771,-0.049973,0.032806,-0.090139,-0.664752,0.436402,-0.006794,-0.090389,3599.468,69.181252,75.224366,1772,-6.794978
2026-08-20 16:00:00+00:00,13.302275,13.302149,13.302539,0.120554,-0.007694,-0.054932,0.04158,-0.102345,-0.73072,0.553114,-0.007712,-0.102491,3601.597,69.090384,75.314676,1770,-7.7085
2026-08-20 17:00:00+00:00,13.302408,13.302149,13.302539,0.123289,-0.005526,-0.052261,0.027466,-0.073524,-0.695199,0.36536,-0.00553,-0.073593,3599.524,69.068748,75.069701,1767,-5.53055
2026-08-20 18:00:00+00:00,13.302258,13.302149,13.302539,0.108578,-0.008181,-0.055695,0.047684,-0.108939,-0.740858,0.634305,-0.008186,-0.109032,3599.469,69.068748,75.21704,1769,-8.187658
2026-08-20 19:00:00+00:00,13.302247,13.302149,13.302344,0.097823,-0.008241,-0.048828,0.03891,-0.109738,-0.649529,0.517593,-0.008243,-0.109662,3599.602,69.101315,75.325625,1769,-8.24379
2026-08-20 20:00:00+00:00,13.302246,13.301953,13.302344,0.098267,-0.008033,-0.049591,0.031662,-0.107041,-0.659677,0.421179,-0.008078,-0.107407,3601.457,69.181252,75.407693,1766,-8.074437
2026-08-20 21:00:00+00:00,13.302247,13.302149,13.302344,0.097806,-0.008002,-0.04921,0.035095,-0.106497,-0.654603,0.466842,-0.008016,-0.10669,3599.564,69.260001,75.398221,1758,-8.016572
2026-08-20 22:00:00+00:00,13.302244,13.301953,13.302344,0.10047,-0.008302,-0.046158,0.031662,-0.110538,-0.614007,0.421172,-0.008334,-0.110915,3599.394,69.314474,75.506797,1770,-8.335057
2026-08-20 23:00:00+00:00,13.302246,13.301953,13.302344,0.098568,-0.007944,-0.046539,0.044632,-0.105711,-0.619073,0.593701,-0.007983,-0.106125,3599.684,69.502678,75.691958,1765,-7.983253
2026-08-21 00:00:00+00:00,13.302247,13.302149,13.302344,0.09782,-0.007561,-0.045776,0.031281,-0.100761,-0.608924,0.416098,-0.007592,-0.101052,3599.655,69.398214,75.527108,1771,-7.592749
2026-08-21 01:00:00+00:00,13.302246,13.302149,13.302344,0.097816,-0.008162,-0.051498,0.042725,-0.10849,-0.68505,0.568329,-0.008151,-0.108453,3601.432,69.237501,75.294129,1773,-8.147721
2026-08-21 02:00:00+00:00,13.302245,13.301953,13.302344,0.0995,-0.008619,-0.054169,0.037003,-0.114764,-0.720571,0.492214,-0.008637,-0.114912,3599.484,69.251564,75.467187,1766,-8.638185
2026-08-21 03:00:00+00:00,13.302244,13.301953,13.302344,0.100188,-0.008332,-0.048447,0.039673,-0.110898,-0.644445,0.527742,-0.008343,-0.110927,3599.581,69.178573,75.359425,1775,-8.344104
2026-08-21 04:00:00+00:00,13.302236,13.301953,13.302344,0.107735,-0.007911,-0.053406,0.033951,-0.105301,-0.710411,0.451619,-0.007921,-0.105355,3599.656,69.168751,75.328486,1770,-7.921994
2026-08-21 05:00:00+00:00,13.302114,13.301953,13.302344,0.135404,-0.008364,-0.048828,0.029755,-0.111288,-0.649519,0.395801,-0.008416,-0.111896,3601.446,69.170001,75.388221,1765,-8.41276
2026-08-21 06:00:00+00:00,13.302097,13.301953,13.302344,0.128594,-0.008012,-0.056076,0.033951,-0.10653,-0.745932,0.451619,-0.008003,-0.106474,3599.61,69.170001,75.319896,1767,-8.004319
2026-08-21 07:00:00+00:00,13.302067,13.301953,13.302344,0.112538,-0.007829,-0.055695,0.048065,-0.10428,-0.740858,0.639361,-0.007862,-0.104725,3599.503,,75.296753,1769,-7.862684
2026-08-21 08:00:00+00:00,13.302054,13.301953,13.302344,0.100997,-0.007762,-0.060654,0.044632,-0.103204,-0.806824,0.593701,-0.00774,-0.103046,3599.461,69.068748,75.285846,1770,-7.741175
2026-08-21 09:00:00+00:00,13.302051,13.301953,13.302344,0.098374,-0.008505,-0.062561,0.032425,-0.113314,-0.832196,0.431321,-0.008491,-0.112905,3601.542,69.185578,75.388197,1771,-8.487803
2026-08-21 10:00:00+00:00,13.302051,13.301953,13.302149,0.097808,-0.008266,-0.049591,0.043869,-0.110134,-0.659658,0.583552,-0.008288,-0.110207,3599.44,69.181252,75.353877,1771,-8.289647
2026-08-21 11:00:00+00:00,13.302051,13.301953,13.302149,0.097812,-0.007794,-0.049973,0.038528,-0.104347,-0.664732,0.512504,-0.00784,-0.104334,3599.543,69.179168,75.346699,1765,-7.841408
2026-08-21 12:00:00+00:00,13.302051,13.301953,13.302149,0.09781,-0.006196,-0.056076,0.027847,-0.082572,-0.745921,0.370429,-0.006198,-0.082503,3599.513,69.181252,75.142904,1765,-6.199146
2026-08-21 13:00:00+00:00,13.302051,13.301953,13.302149,0.09781,-0.008291,-0.062943,0.031281,-0.11034,-0.837271,0.416098,-0.008279,-0.110103,3601.525,69.269644,75.481501,1768,-8.275985
2026-08-21 14:00:00+00:00,13.302051,13.301953,13.302149,0.09781,-0.006964,-0.04425,0.04158,-0.093065,-0.588627,0.553098,-0.007011,-0.093275,3599.482,69.293751,75.319336,1774,-7.012168
2026-08-21 15:00:00+00:00,13.302051,13.301758,13.302149,0.098298,-0.006605,-0.043106,0.033188,-0.087865,-0.573395,0.441463,-0.006615,-0.087883,3581.729,69.158751,75.170927,1766,-6.648345
2026-08-21 16:00:00+00:00,13.302051,13.301953,13.302149,0.097813,-0.006779,-0.050354,0.028992,-0.090094,-0.669807,0.385646,-0.006772,-0.090077,3599.515,69.181252,75.201737,1768,-6.772748
2026-08-21 17:00:00+00:00,13.302051,13.301953,13.302149,0.097812,-0.005634,-0.035858,0.028229,-0.075075,-0.476983,0.375498,-0.00556,-0.073706,3543.793,69.068748,74.999674,1734,-5.648614
2026-08-21 18:00:00+00:00,13.302051,13.301953,13.302149,0.097814,-0.005607,-0.048065,0.041962,-0.075245,-0.639361,0.314606,-0.005601,-0.074811,3585.362,69.012499,74.914969,1761,-5.623541
2026-08-21 19:00:00+00:00,13.302051,13.301758,13.302344,0.099286,-0.006635,-0.056076,0.035477,-0.088184,-0.745932,0.55818,-0.006682,-0.088569,3599.534,69.071427,75.061001,1776,-6.682729
2026-08-21 20:00:00+00:00,13.302051,13.301953,13.302149,0.097824,-0.007414,-0.047302,0.036621,-0.098655,-0.629221,0.487139,-0.007444,-0.098986,3599.522,69.068748,75.14734,1767,-7.444978
2026-08-21 21:00:00+00:00,13.302042,13.301758,13.302149,0.106739,-0.00808,-0.047684,0.045776,-0.107525,-0.634287,0.608915,-0.008101,-0.107773,3599.575,69.068748,75.258465,1775,-8.102449
2026-08-21 22:00:00+00:00,13.301971,13.301758,13.302149,0.137674,-0.007556,-0.056076,0.031281,-0.100113,-0.745921,0.416092,-0.00754,-0.10002,3601.669,69.237501,75.270666,1775,-7.536749
2026-08-21 23:00:00+00:00,13.301863,13.301758,13.302149,0.105385,-0.008963,-0.051117,0.043488,-0.119514,-0.679955,0.578469,-0.008966,-0.119601,3599.512,69.290001,75.490455,1763,-8.966811
2026-08-22 00:00:00+00:00,13.301863,13.301758,13.302149,0.104631,-0.007586,-0.053787,0.042725,-0.101258,-0.715475,0.568321,-0.007613,-0.101341,3599.599,69.177501,75.264078,1775,-7.613724
2026-08-22 01:00:00+00:00,13.301883,13.301758,13.302149,0.11946,-0.005762,-0.033951,0.030136,-0.076699,-0.451612,0.400869,-0.00575,-0.07645,3582.06,69.094317,75.000555,1770,-5.778866
2026-08-22 02:00:00+00:00,13.301944,13.301758,13.302149,0.138745,-0.006008,-0.037003,0.032806,-0.07998,-0.492206,0.436383,-0.006039,-0.08029,3599.643,69.037498,74.94316,1782,-6.039165
2026-08-22 03:00:00+00:00,13.30188,13.301758,13.302149,0.118342,-0.007328,-0.048447,0.032425,-0.097659,-0.644435,0.431315,-0.007343,-0.097712,3601.51,68.956249,75.009013,1767,-7.339971
2026-08-22 04:00:00+00:00,13.301856,13.301758,13.301953,0.09782,-0.008001,-0.057602,0.047302,-0.10632,-0.766218,0.629212,-0.008023,-0.106443,3601.499,68.956249,75.098201,1766,-8.02001
2026-08-22 05:00:00+00:00,13.301855,13.301562,13.301953,0.098458,-0.007984,-0.053024,0.033569,-0.106298,-0.705316,0.446531,-0.008003,-0.106573,3597.455,69.048294,75.206032,1772,-8.008494
2026-08-22 06:00:00+00:00,13.301852,13.301562,13.301953,0.101063,-0.00846,-0.053024,0.041199,-0.112507,-0.705327,0.548016,-0.008482,-0.112791,3599.649,69.031249,75.146922,1758,-8.482446
2026-08-22 07:00:00+00:00,13.301825,13.301562,13.301953,0.121286,-0.008102,-0.056458,0.043106,-0.107796,-0.750984,0.573387,-0.008125,-0.108107,3601.581,68.95431,75.07963,1771,-8.121159
2026-08-22 08:00:00+00:00,13.30173,13.301562,13.301953,0.136473,-0.007875,-0.048447,0.038147,-0.104741,-0.644426,0.507422,-0.0079,-0.104969,3599.396,68.956249,75.038915,1757,-7.901244
2026-08-22 09:00:00+00:00,13.301668,13.301562,13.301953,0.105482,-0.008997,-0.060272,0.035477,-0.119866,-0.801726,0.471902,-0.009021,-0.120116,3599.62,69.037498,75.196191,1772,-9.021848
2026-08-22 10:00:00+00:00,13.301662,13.301562,13.301953,0.100177,-0.007676,-0.053787,0.03891,-0.102385,-0.715465,0.517563,-0.007688,-0.102241,3599.573,68.956249,75.075493,1768,-7.689116
2026-08-22 11:00:00+00:00,13.30166,13.301562,13.301758,0.097835,-0.007825,-0.058746,0.040817,-0.10419,-0.78143,0.542941,-0.007841,-0.104324,3599.477,68.956249,75.061097,1767,-7.842362
2026-08-22 12:00:00+00:00,13.30166,13.301562,13.301953,0.098269,-0.00864,-0.051498,0.043106,-0.114849,-0.685019,0.573387,-0.008638,-0.114926,3601.653,68.956249,75.143293,1766,-8.633868
2026-08-22 13:00:00+00:00,13.30166,13.301562,13.301758,0.09781,-0.00691,-0.043488,0.028992,-0.092011,-0.578452,0.385635,-0.006912,-0.092033,3599.605,69.018749,75.095958,1780,-6.912792
2026-08-22 14:00:00+00:00,13.30166,13.301562,13.301758,0.097817,-0.005861,-0.037003,0.026703,-0.077877,-0.492199,0.35519,-0.005873,-0.078096,3599.502,69.068748,74.912476,1779,-5.873489
2026-08-22 15:00:00+00:00,13.301661,13.301562,13.301953,0.098438,-0.005907,-0.037384,0.02861,-0.07873,-0.497273,0.380561,-0.00592,-0.078743,3599.696,68.956249,74.898189,1770,-5.920984
2026-08-22 16:00:00+00:00,13.30166,13.301562,13.301953,0.098576,-0.005717,-0.037766,0.026321,-0.076056,-0.502348,0.350121,-0.005695,-0.07523,3582.362,68.949218,74.794405,1759,-5.722969
2026-08-22 17:00:00+00:00,13.30166,13.301562,13.301758,0.097824,-0.006975,-0.052643,0.029373,-0.093015,-0.700242,0.390709,-0.006996,-0.093196,3599.533,68.918749,74.889993,1772,-6.996817
2026-08-22 18:00:00+00:00,13.30166,13.301562,13.301758,0.097813,-0.007041,-0.058365,0.032043,-0.093608,-0.776355,0.426228,-0.007061,-0.094008,3599.452,68.84375,74.860448,1775,-7.062443
2026-08-22 19:00:00+00:00,13.30166,13.301368,13.301758,0.098451,-0.00854,-0.051498,0.038147,-0.113865,-0.685009,0.507414,-0.008563,-0.113916,3599.579,68.84375,75.038884,1755,-8.563969
2026-08-22 20:00:00+00:00,13.301648,13.301368,13.301758,0.109493,-0.008308,-0.048447,0.03624,-0.110502,-0.644426,0.482044,-0.00831,-0.110456,3601.498,69.02857,75.080961,1769,-8.306274
2026-08-22 21:00:00+00:00,13.301584,13.301368,13.301758,0.13766,-0.0084,-0.053787,0.040054,-0.111797,-0.715454,0.532785,-0.008425,-0.112117,3599.68,69.023749,75.196015,1769,-8.425297
2026-08-22 22:00:00+00:00,13.301638,13.301368,13.301758,0.115678,-0.005758,-0.046158,0.034332,-0.076607,-0.613971,0.456673,-0.005753,-0.076629,3599.487,68.956249,74.914788,1778,-5.753541
2026-08-22 23:00:00+00:00,13.301516,13.301368,13.301758,0.130731,-0.008403,-0.047684,0.044632,-0.111848,-0.634268,0.593675,-0.008367,-0.111317,3572.436,68.953571,75.007031,1750,-8.431268
2026-08-23 00:00:00+00:00,13.301502,13.301368,13.301758,0.124302,-0.007574,-0.056076,0.027466,-0.100886,-0.745899,0.365338,-0.0076,-0.101094,3599.515,69.068748,75.125919,1771,-7.601417
2026-08-23 01:00:00+00:00,13.301643,13.301368,13.301758,0.112208,-0.00594,-0.046158,0.027847,-0.07912,-0.613971,0.370412,-0.00596,-0.079209,3601.662,68.956249,74.851321,1776,-5.957368
2026-08-23 02:00:00+00:00,13.301612,13.301368,13.301758,0.129289,-0.006919,-0.052261,0.035477,-0.091999,-0.695158,0.471895,-0.00692,-0.092003,3599.367,68.953289,74.882449,1781,-6.92164
2026-08-23 03:00:00+00:00,13.301644,13.301368,13.301758,0.112292,-0.005852,-0.037384,0.02594,-0.077984,-0.497266,0.345042,-0.005876,-0.078122,3599.652,69.064421,74.91509,1770,-5.876676
2026-08-23 04:00:00+00:00,13.301653,13.301368,13.301758,0.104851,-0.005866,-0.034332,0.022888,-0.077949,-0.456673,0.304449,-0.005882,-0.078275,3599.625,68.952499,74.791348,1770,-5.883029
2026-08-23 05:00:00+00:00,13.301654,13.301368,13.301758,0.103174,-0.005816,-0.04425,0.031662,-0.077229,-0.588601,0.42116,-0.005827,-0.077393,3601.539,68.787498,74.703366,1773,-5.824023
2026-08-23 06:00:00+00:00,13.301649,13.301368,13.301758,0.10867,-0.006045,-0.037766,0.025558,-0.080369,-0.50234,0.339968,-0.006037,-0.080265,3599.691,68.941447,74.849346,1766,-6.037104
2026-08-23 07:00:00+00:00,13.301656,13.301368,13.301758,0.101804,-0.006232,-0.038147,0.024414,-0.08312,-0.507414,0.32475,-0.006275,-0.083595,3599.647,68.871875,74.714385,1761,-6.275943
2026-08-23 08:00:00+00:00,13.301659,13.301368,13.301758,0.099379,-0.005558,-0.03891,0.02327,-0.074046,-0.517563,0.309523,-0.005595,-0.074351,3599.605,68.84181,74.642763,1774,-5.595644
2026-08-23 09:00:00+00:00,13.301657,13.301368,13.301758,0.100762,-0.005672,-0.033951,0.024414,-0.075558,-0.451605,0.324745,-0.005695,-0.075767,3599.677,68.862501,74.643522,1763,-5.6951
2026-08-23 10:00:00+00:00,13.301651,13.301368,13.301758,0.106369,-0.005769,-0.030518,0.023651,-0.076705,-0.405931,0.314597,-0.005785,-0.076869,3601.475,68.956249,74.787656,1777,-5.782599
2026-08-23 11:00:00+00:00,13.30157,13.301368,13.301758,0.138727,-0.007026,-0.048828,0.032806,-0.093639,-0.64949,0.436376,-0.00706,-0.094011,3599.457,,74.877708,1764,-7.060618
2026-08-23 12:00:00+00:00,13.30159,13.301368,13.301758,0.135943,-0.006451,-0.054169,0.029755,-0.085798,-0.720528,0.395783,-0.006444,-0.085789,3599.52,,74.797364,1772,-6.444617
2026-08-23 13:00:00+00:00,13.301468,13.301368,13.301758,0.100426,-0.00903,-0.056458,0.035477,-0.120112,-0.750973,0.471895,-0.009019,-0.119941,3599.523,68.956249,75.101695,1766,-9.020377
2026-08-23 14:00:00+00:00,13.301472,13.301368,13.301758,0.103887,-0.006064,-0.039673,0.02594,-0.080516,-0.527711,0.345042,-0.006076,-0.080833,3601.448,68.956249,74.815279,1782,-6.073669
2026-08-23 15:00:00+00:00,13.301467,13.301368,13.301758,0.099081,-0.006082,-0.043488,0.027084,-0.080978,-0.578452,0.360264,-0.006095,-0.081089,3599.588,68.8375,74.731933,1770,-6.096147
2026-08-23 16:00:00+00:00,13.301465,13.301368,13.301758,0.097797,-0.006737,-0.043869,0.028992,-0.089797,-0.583518,0.385629,-0.006743,-0.089729,3599.436,68.934615,74.850552,1773,-6.743717
2026-08-23 17:00:00+00:00,13.301464,13.301172,13.301562,0.098534,-0.007636,-0.048447,0.04158,-0.101724,-0.644407,0.553074,-0.007661,-0.102041,3599.543,68.84375,74.915069,1771,-7.662011
2026-08-23 18:00:00+00:00,13.301459,13.301172,13.301562,0.103555,-0.007785,-0.045776,0.02861,-0.103667,-0.608888,0.380555,-0.007815,-0.103893,3599.565,68.84375,74.874089,1777,-7.815509
2026-08-23 19:00:00+00:00,13.301464,13.301172,13.301562,0.098998,-0.005944,-0.037766,0.031662,-0.07906,-0.50234,0.421148,-0.005954,-0.079101,3601.549,,74.779896,1767,-5.951536
2026-08-23 20:00:00+00:00,13.301456,13.301172,13.301562,0.106044,-0.006182,-0.046158,0.033569,-0.08235,-0.613962,0.446518,-0.006218,-0.082717,3599.589,68.988392,74.876583,1771,-6.218319
2026-08-23 21:00:00+00:00,13.301386,13.301172,13.301562,0.137429,-0.006198,-0.039291,0.02594,-0.082346,-0.522629,0.345037,-0.006169,-0.082168,3599.608,68.827679,74.698323,1779,-6.169433
2026-08-23 22:00:00+00:00,13.301285,13.301172,13.301562,0.110832,-0.006959,-0.043869,0.03624,-0.092562,-0.583518,0.482037,-0.006971,-0.092705,3601.546,68.958695,74.956231,1776,-6.968366
2026-08-23 23:00:00+00:00,13.301274,13.301172,13.301562,0.102807,-0.007455,-0.05455,0.032043,-0.099159,-0.725592,0.426222,-0.007476,-0.099194,3599.495,68.956249,74.940957,1766,-7.476638
2026-08-24 00:00:00+00:00,13.30127,13.301172,13.301368,0.097813,-0.007497,-0.061035,0.045776,-0.099908,-0.811851,0.608888,-0.007514,-0.100003,3599.543,69.046249,75.102174,1767,-7.51531
2026-08-24 01:00:00+00:00,13.301272,13.301172,13.301562,0.100152,-0.00569,-0.039673,0.027466,-0.075872,-0.527703,0.365333,-0.005705,-0.075945,3599.69,68.88875,74.790333,1770,-5.705026
2026-08-24 02:00:00+00:00,13.30127,13.301172,13.301368,0.097812,-0.005501,-0.029373,0.020218,-0.073292,-0.390703,0.268926,-0.005518,-0.073423,3599.475,68.84375,74.656705,1776,-5.518316
2026-08-24 03:00:00+00:00,13.30127,13.301172,13.301368,0.09781,-0.005613,-0.03624,0.02327,-0.074578,-0.482037,0.309514,-0.005601,-0.074475,3599.586,68.825,74.667606,1773,-5.601683
2026-08-24 04:00:00+00:00,13.30127,13.301172,13.301368,0.097806,-0.005652,-0.039673,0.024033,-0.075147,-0.527703,0.319666,-0.00566,-0.075234,3601.51,68.840789,74.697538,1777,-5.65767
2026-08-24 05:00:00+00:00,13.30127,13.301172,13.301368,0.09782,-0.007054,-0.060654,0.048065,-0.093838,-0.806765,0.639323,-0.007065,-0.094064,3599.494,68.84375,74.700768,1769,-7.066395
2026-08-24 06:00:00+00:00,13.301232,13.300977,13.301368,0.125819,-0.008329,-0.053024,0.033569,-0.11078,-0.705285,0.446518,-0.008343,-0.110941,3599.555,68.84375,74.900686,1766,-8.344417
2026-08-24 07:00:00+00:00,13.301086,13.300977,13.301368,0.108232,-0.008313,-0.04921,0.035095,-0.110616,-0.654545,0.466807,-0.008322,-0.110657,3599.472,68.951136,75.050818,1775,-8.323232
2026-08-24 08:00:00+00:00,13.30108,13.300977,13.301368,0.103269,-0.007044,-0.041962,0.039291,-0.093657,-0.558139,0.522621,-0.00705,-0.093864,3601.475,68.84375,74.804449,1769,-7.046882
2026-08-24 09:00:00+00:00,13.301082,13.300977,13.301368,0.105089,-0.006,-0.037766,0.021362,-0.079689,-0.502325,0.284144,-0.005993,-0.079647,3599.466,68.8325,74.6028,1772,-5.993442
2026-08-24 10:00:00+00:00,13.301083,13.300977,13.301368,0.105469,-0.005981,-0.03891,0.025177,-0.079609,-0.51754,0.334884,-0.006004,-0.079918,3599.563,68.952941,74.770934,1771,-6.004959
2026-08-24 11:00:00+00:00,13.301075,13.300977,13.301368,0.09893,-0.006603,-0.069427,0.033569,-0.08797,-0.923453,0.446512,-0.006626,-0.088069,3599.633,,74.851784,1763,-6.627059
2026-08-24 12:00:00+00:00,13.301075,13.300977,13.301368,0.098363,-0.00776,-0.046158,0.03624,-0.103454,-0.613944,0.482022,-0.00778,-0.103502,3601.4,68.839423,74.899485,1767,-7.776836
2026-08-24 13:00:00+00:00,13.301071,13.300781,13.301172,0.10105,-0.008824,-0.057983,0.046539,-0.117148,-0.771236,0.619018,-0.008816,-0.117133,3599.711,68.775001,74.972206,1762,-8.816238
2026-08-24 14:00:00+00:00,13.30107,13.300781,13.301172,0.102295,-0.007174,-0.055313,0.029373,-0.095631,-0.735718,0.390692,-0.007125,-0.095452,3580.124,68.731251,74.776148,1764,-7.164912
2026-08-24 15:00:00+00:00,13.301069,13.300781,13.301172,0.103124,-0.006949,-0.051117,0.035095,-0.092468,-0.679905,0.466807,-0.006961,-0.092542,3599.453,68.631251,74.661023,1771,-6.96184
2026-08-24 16:00:00+00:00,13.30098,13.300781,13.301172,0.138955,-0.008188,-0.045776,0.031281,-0.108762,-0.60887,0.416061,-0.008165,-0.108509,3601.548,68.618752,74.712686,1768,-8.161689
2026-08-24 17:00:00+00:00,13.301046,13.300781,13.301172,0.120137,-0.006175,-0.04921,0.026703,-0.082174,-0.654536,0.355174,-0.006194,-0.082426,3599.657,68.84375,74.756658,1773,-6.194687
2026-08-24 18:00:00+00:00,13.30106,13.300781,13.301172,0.110472,-0.00619,-0.058746,0.035858,-0.082252,-0.781384,0.476948,-0.006211,-0.082614,3599.711,68.735578,74.674427,1770,-6.211279
2026-08-24 19:00:00+00:00,13.300945,13.300781,13.301172,0.134954,-0.007624,-0.066376,0.04425,-0.101637,-0.882862,0.588575,-0.007631,-0.101509,3581.759,68.712501,74.739963,1754,-7.669844
2026-08-24 20:00:00+00:00,13.30089,13.300781,13.301172,0.107379,-0.008498,-0.051498,0.038528,-0.113112,-0.684979,0.512466,-0.00852,-0.113551,3599.469,68.801563,74.937187,1769,-8.521201
2026-08-24 21:00:00+00:00,13.300882,13.300781,13.301172,0.10022,-0.007717,-0.059891,0.041962,-0.102983,-0.796605,0.558131,-0.00763,-0.101569,3583.202,68.733929,74.852486,1753,-7.665415
2026-08-24 22:00:00+00:00,13.300889,13.300781,13.301172,0.106783,-0.007014,-0.052261,0.029755,-0.093313,-0.695127,0.395766,-0.00702,-0.093392,3599.656,68.731251,74.674813,1769,-7.020737
2026-08-24 23:00:00+00:00,13.300894,13.300781,13.301172,0.111449,-0.005477,-0.033188,0.020599,-0.072881,-0.441431,0.273992,-0.005474,-0.072811,3599.565,68.779465,74.666421,1780,-5.474166
2026-08-25 00:00:00+00:00,13.300881,13.300781,13.301172,0.099922,-0.00717,-0.057602,0.03624,-0.095301,-0.766162,0.482022,-0.00715,-0.095105,3580.224,68.88125,74.918418,1757,-7.189042
2026-08-25 01:00:00+00:00,13.300882,13.300781,13.301172,0.100871,-0.008027,-0.046158,0.035095,-0.106928,-0.613944,0.466801,-0.007972,-0.10657,3581.896,68.777718,74.826625,1757,-8.012733
2026-08-25 02:00:00+00:00,13.300879,13.300781,13.300977,0.097807,-0.008922,-0.061798,0.031281,-0.118688,-0.821975,0.416055,-0.008938,-0.118807,3601.585,68.717188,74.874,1772,-8.93404
2026-08-25 03:00:00+00:00,13.300881,13.300781,13.301172,0.099456,-0.006673,-0.048447,0.049591,-0.088628,-0.644388,0.65961,-0.006676,-0.088857,3599.533,68.72829,74.770562,1774,-6.676882
2026-08-25 04:00:00+00:00,13.30088,13.300781,13.301172,0.099077,-0.007028,-0.05188,0.04158,-0.093663,-0.690053,0.553057,-0.007067,-0.093925,3586.994,68.731251,74.671147,1773,-7.092795
2026-08-25 05:00:00+00:00,13.30088,13.300781,13.301172,0.098723,-0.005727,-0.030136,0.020981,-0.076418,-0.40084,0.279066,-0.005736,-0.076341,3599.658,68.75,74.570683,1779,-5.736661
2026-08-25 06:00:00+00:00,13.300883,13.300781,13.301172,0.101835,-0.006579,-0.043488,0.033188,-0.087482,-0.578427,0.441431,-0.00659,-0.087666,3599.455,68.815625,74.724951,1774,-6.591358
2026-08-25 07:00:00+00:00,13.300898,13.300781,13.301172,0.11401,-0.005954,-0.030899,0.021744,-0.079254,-0.410988,0.289213,-0.005963,-0.079304,3601.586,68.728805,74.59457,1764,-5.960661
2026-08-25 08:00:00+00:00,13.300881,13.300781,13.301172,0.099991,-0.006059,-0.056076,0.031281,-0.080362,-0.745866,0.416061,-0.006038,-0.080292,3599.537,68.652501,74.551332,1777,-6.038373
2026-08-25 09:00:00+00:00,13.300882,13.300781,13.301172,0.101442,-0.007442,-0.062943,0.041962,-0.09909,-0.837184,0.558131,-0.007468,-0.099308,3599.558,68.712501,74.73159,1763,-7.468997
2026-08-25 10:00:00+00:00,13.300881,13.300781,13.301172,0.100449,-0.006525,-0.034714,0.037384,-0.086835,-0.461727,0.497244,-0.006519,-0.086743,3599.457,68.729436,74.687157,1775,-6.520228
2026-08-25 11:00:00+00:00,13.300879,13.300781,13.300977,0.097809,-0.007861,-0.061035,0.03624,-0.104775,-0.811827,0.482015,-0.007863,-0.104672,3598.675,68.731251,74.797545,1769,-7.86603
2026-08-25 12:00:00+00:00,13.30088,13.300781,13.301172,0.098436,-0.005994,-0.043869,0.038147,-0.079664,-0.583501,0.507392,-0.006002,-0.079703,3601.545,,74.554199,1774,-5.999882
2026-08-25 13:00:00+00:00,13.300882,13.300781,13.301172,0.101402,-0.00603,-0.036621,0.022125,-0.080444,-0.487096,0.294287,-0.006014,-0.080101,3579.238,68.72,74.622943,1758,-6.04872
2026-08-25 14:00:00+00:00,13.30088,13.300781,13.301172,0.099116,-0.007184,-0.056076,0.043488,-0.095477,-0.745866,0.578427,-0.007185,-0.095546,3599.603,68.725001,74.646636,1770,-7.186147
2026-08-25 15:00:00+00:00,13.300879,13.300781,13.300977,0.09781,-0.008557,-0.051498,0.043106,-0.113921,-0.684969,0.573345,-0.00858,-0.114067,3601.544,68.614424,74.742174,1760,-8.576475
2026-08-25 16:00:00+00:00,13.300879,13.300781,13.300977,0.097832,-0.00765,-0.054169,0.039673,-0.101611,-0.720486,0.52768,-0.00766,-0.101839,3599.539,68.620691,74.721827,1766,-7.660829
2026-08-25 17:00:00+00:00,13.300875,13.300586,13.300977,0.102244,-0.008171,-0.053024,0.039291,-0.108745,-0.705275,0.522606,-0.008166,-0.108849,3599.549,68.656251,74.82402,1770,-8.167369
2026-08-25 18:00:00+00:00,13.300862,13.300586,13.300977,0.112793,-0.00686,-0.053406,0.035858,-0.091224,-0.710338,0.476941,-0.006871,-0.091353,3599.662,68.7625,74.79395,1771,-6.871255
2026-08-25 19:00:00+00:00,13.300734,13.300586,13.300977,0.130879,-0.007602,-0.051498,0.039673,-0.101129,-0.684969,0.52768,-0.007623,-0.10139,3599.55,68.84375,74.86571,1776,-7.624397
2026-08-25 20:00:00+00:00,13.300785,13.300586,13.300977,0.138757,-0.007138,-0.049591,0.043106,-0.094962,-0.6596,0.573345,-0.007156,-0.095007,3601.43,68.90625,74.86249,1772,-7.153197
2026-08-25 21:00:00+00:00,13.300692,13.300586,13.300977,0.105599,-0.007647,-0.054169,0.047302,-0.101725,-0.720486,0.629157,-0.00768,-0.102062,3599.683,68.953804,75.053327,1779,-7.680428
2026-08-25 22:00:00+00:00,13.300697,13.300586,13.300977,0.109994,-0.008406,-0.057983,0.041962,-0.111793,-0.771224,0.558123,-0.008418,-0.112022,3599.542,68.956249,74.93688,1773,-8.41909
2026-08-25 23:00:00+00:00,13.300685,13.300586,13.300977,0.098876,-0.008586,-0.048447,0.040054,-0.114292,-0.644369,0.532754,-0.008605,-0.114525,3599.521,69.059375,75.191136,1764,-8.606079
2026-08-26 00:00:00+00:00,13.300683,13.300586,13.300781,0.097809,-0.008299,-0.051498,0.035095,-0.110557,-0.684959,0.466794,-0.00832,-0.110623,3599.632,69.063635,75.156025,1771,-8.320385
2026-08-26 01:00:00+00:00,13.300683,13.300586,13.300781,0.097813,-0.00848,-0.061035,0.038147,-0.112824,-0.811803,0.507385,-0.008495,-0.112885,3582.159,68.924107,75.050021,1749,-8.537471
2026-08-26 02:00:00+00:00,13.300683,13.300586,13.300781,0.097809,-0.008546,-0.067902,0.043869,-0.113742,-0.903131,0.583492,-0.008402,-0.113222,3582.354,68.731251,74.857404,1749,-8.443801
2026-08-26 03:00:00+00:00,13.300682,13.300391,13.300781,0.098946,-0.007925,-0.056839,0.040436,-0.105782,-0.756003,0.53782,-0.007963,-0.106045,3599.616,68.732955,74.82101,1766,-7.963353
2026-08-26 04:00:00+00:00,13.300679,13.300391,13.300781,0.102663,-0.008243,-0.049591,0.045395,-0.109691,-0.65959,0.603779,-0.008249,-0.109741,3599.544,68.685715,74.780937,1768,-8.250496
2026-08-26 05:00:00+00:00,13.300636,13.300391,13.300781,0.129537,-0.008445,-0.054169,0.032806,-0.112511,-0.720475,0.436344,-0.00848,-0.112699,3601.444,68.618752,74.811849,1760,-8.476406
2026-08-26 06:00:00+00:00,13.300509,13.300391,13.300781,0.114352,-0.007986,-0.052643,0.039673,-0.106289,-0.70018,0.527672,-0.008014,-0.106585,3599.454,68.614424,74.735619,1771,-8.015
2026-08-26 07:00:00+00:00,13.300488,13.300391,13.300586,0.097341,-0.008561,-0.059509,0.032043,-0.114035,-0.791508,0.426191,-0.008576,-0.114088,3599.626,68.620835,74.72527,1765,-8.57737
2026-08-26 08:00:00+00:00,13.300488,13.300391,13.300586,0.097337,-0.008179,-0.055313,0.035095,-0.108831,-0.735697,0.46678,-0.008191,-0.108917,3599.456,68.731251,74.864375,1769,-8.192294
2026-08-26 09:00:00+00:00,13.300488,13.300391,13.300586,0.097332,-0.007849,-0.059509,0.03624,-0.104467,-0.791497,0.482008,-0.007868,-0.104531,3601.575,68.618752,74.75037,1772,-7.864547
2026-08-26 10:00:00+00:00,13.300488,13.300391,13.300586,0.097341,-0.008208,-0.061035,0.038528,-0.109697,-0.811791,0.512451,-0.008255,-0.109868,3599.501,68.618752,74.736982,1762,-8.25602
2026-08-26 11:00:00+00:00,13.300485,13.300196,13.300586,0.100826,-0.008175,-0.053024,0.038147,-0.108924,-0.705244,0.50737,-0.008212,-0.109131,3599.491,68.663751,74.771634,1763,-8.213108
2026-08-26 12:00:00+00:00,13.300488,13.300196,13.300586,0.098469,-0.006692,-0.048447,0.040054,-0.088942,-0.644359,0.532746,-0.006707,-0.089151,3599.387,68.753751,74.761971,1769,-6.707708
2026-08-26 13:00:00+00:00,13.300488,13.300391,13.300586,0.097332,-0.007123,-0.059128,0.035095,-0.09477,-0.786434,0.466787,-0.007128,-0.094711,3601.609,68.731251,74.657048,1769,-7.12499
2026-08-26 14:00:00+00:00,13.300488,13.300391,13.300586,0.097337,-0.007244,-0.053787,0.03624,-0.096421,-0.715391,0.482001,-0.00725,-0.096381,3599.632,,74.657041,1775,-7.250783
2026-08-26 15:00:00+00:00,13.300489,13.300196,13.300781,0.098928,-0.006812,-0.055313,0.045395,-0.090639,-0.735686,0.603779,-0.006821,-0.090684,3599.627,68.618752,74.606997,1768,-6.82191
2026-08-26 16:00:00+00:00,13.300488,13.300391,13.300586,0.097334,-0.007088,-0.04425,0.041962,-0.094458,-0.588557,0.558115,-0.007086,-0.09441,3599.59,68.675001,74.720708,1773,-7.086782
2026-08-26 17:00:00+00:00,13.300488,13.300391,13.300586,0.097355,-0.005853,-0.037766,0.042725,-0.077688,-0.502296,0.568262,-0.00587,-0.077733,3599.364,68.502498,74.410651,1774,-5.870886
2026-08-26 18:00:00+00:00,13.300489,13.300391,13.300781,0.097814,-0.006383,-0.053406,0.052261,-0.085093,-0.710328,0.695096,-0.006418,-0.085273,3601.696,68.510576,74.447428,1772,-6.415029
2026-08-26 19:00:00+00:00,13.300488,13.300391,13.300586,0.097339,-0.006791,-0.049973,0.03624,-0.090502,-0.664664,0.482001,-0.006825,-0.090843,3597.44,68.692309,74.704412,1764,-6.829926
