time_utc,voltage,current,power
2026-07-16 18:10:01.394000+00:00,13.260157,-0.009537,-0.19165
2026-07-16 18:10:03.419000+00:00,13.260157,-0.011063,-0.192871
2026-07-16 18:10:05.417000+00:00,13.260352,-0.01564,-0.192871
2026-07-16 18:10:07.423000+00:00,13.260352,-0.011444,-0.252686
2026-07-16 18:10:09.418000+00:00,13.260352,-0.013351,-0.200195
2026-07-16 18:10:11.408000+00:00,13.260547,-0.011444,-0.209961
2026-07-16 18:10:13.428000+00:00,13.260547,-0.013351,-0.200195
2026-07-16 18:10:15.418000+00:00,13.260547,-0.012207,-0.229492
2026-07-16 18:10:17.424000+00:00,13.260742,-0.009918,-0.19043
2026-07-16 18:10:19.432000+00:00,13.260742,-0.013351,-0.183105
2026-07-16 18:10:21.428000+00:00,13.260938,-0.011063,-0.217285
2026-07-16 18:10:23.445000+00:00,13.260938,-0.008392,-0.206299
2026-07-16 18:10:25.447000+00:00,13.260938,-0.012207,-0.200195
2026-07-16 18:10:27.455000+00:00,13.261133,-0.011063,-0.213623
2026-07-16 18:10:29.452000+00:00,13.261133,-0.011826,-0.227051
2026-07-16 18:10:31.445000+00:00,13.261133,-0.012207,-0.20874
2026-07-16 18:10:33.465000+00:00,13.261133,-0.0103,-0.209961
2026-07-16 18:10:35.470000+00:00,13.261329,-0.013733,-0.178223
2026-07-16 18:10:37.477000+00:00,13.261329,-0.009918,-0.239258
2026-07-16 18:10:39.481000+00:00,13.261329,-0.01297,-0.209961
2026-07-16 18:10:41.470000+00:00,13.261329,-0.011444,-0.20874
2026-07-16 18:10:43.492000+00:00,13.261523,-0.011063,-0.197754
2026-07-16 18:10:45.488000+00:00,13.261523,-0.01297,-0.209961
2026-07-16 18:10:47.497000+00:00,13.261719,-0.013351,-0.240479
2026-07-16 18:10:49.481000+00:00,13.261719,-0.011444,-0.218506
2026-07-16 18:10:51.491000+00:00,13.261719,-0.013733,-0.19043
2026-07-16 18:10:53.512000+00:00,13.261719,-0.010681,-0.212402
2026-07-16 18:10:55.519000+00:00,13.261914,-0.011826,-0.20752
2026-07-16 18:10:57.516000+00:00,13.261914,-0.008392,-0.209961
2026-07-16 18:10:59.515000+00:00,13.261914,-0.011063,-0.170898
2026-07-16 18:11:01.500000+00:00,13.26211,-0.012589,-0.205078
2026-07-16 18:11:03.522000+00:00,13.26211,-0.009918,-0.209961
2026-07-16 18:11:05.524000+00:00,13.26211,-0.014877,-0.187988
2026-07-16 18:11:07.530000+00:00,13.262305,-0.009918,-0.229492
2026-07-16 18:11:09.544000+00:00,13.262305,-0.009537,-0.19043
2026-07-16 18:11:11.515000+00:00,13.262305,-0.012589,-0.186768
2026-07-16 18:11:13.538000+00:00,13.262305,-0.011444,-0.218506
2026-07-16 18:11:15.523000+00:00,13.2625,-0.014496,-0.197754
2026-07-16 18:11:17.524000+00:00,13.2625,-0.01297,-0.224609
2026-07-16 18:11:19.540000+00:00,13.2625,-0.011826,-0.211182
2026-07-16 18:11:21.535000+00:00,13.262695,-0.012589,-0.203857
2026-07-16 18:11:23.555000+00:00,13.262695,-0.0103,-0.213623
2026-07-16 18:11:25.556000+00:00,13.262695,-0.011063,-0.197754
2026-07-16 18:11:29.561000+00:00,13.262891,-0.014877,-0.195312
2026-07-16 18:11:31.550000+00:00,13.262891,-0.011063,-0.234375
2026-07-16 18:11:33.563000+00:00,13.263086,-0.011826,-0.19043
2026-07-16 18:11:37.569000+00:00,13.263086,-0.011444,-0.196533
2026-07-16 18:11:39.575000+00:00,13.263086,-0.012207,-0.19043
2026-07-16 18:11:41.557000+00:00,13.263086,-0.010681,-0.216064
2026-07-16 18:11:43.580000+00:00,13.263282,-0.012589,-0.206299
2026-07-16 18:11:45.591000+00:00,13.263282,-0.012207,-0.216064
2026-07-16 18:11:47.587000+00:00,13.263476,-0.011063,-0.211182
2026-07-16 18:11:49.576000+00:00,13.263476,-0.012207,-0.196533
2026-07-16 18:11:51.583000+00:00,13.263476,-0.011826,-0.20752
2026-07-16 18:11:53.602000+00:00,13.263672,-0.012207,-0.205078
2026-07-16 18:11:55.607000+00:00,13.263476,-0.014114,-0.217285
2026-07-16 18:11:57.612000+00:00,13.263672,-0.01297,-0.231934
2026-07-16 18:11:59.624000+00:00,13.263867,-0.0103,-0.20874
2026-07-16 18:12:01.598000+00:00,13.263867,-0.012207,-0.195312
2026-07-16 18:12:03.610000+00:00,13.263867,-0.009155,-0.213623
2026-07-16 18:12:05.615000+00:00,13.263867,-0.012207,-0.205078
2026-07-16 18:12:07.619000+00:00,13.264063,-0.011063,-0.202637
2026-07-16 18:12:09.617000+00:00,13.264063,-0.011444,-0.206299
2026-07-16 18:12:11.607000+00:00,13.264063,-0.013351,-0.19043
2026-07-16 18:12:13.629000+00:00,13.264063,-0.011444,-0.217285
2026-07-16 18:12:15.619000+00:00,13.264258,-0.011063,-0.211182
2026-07-16 18:12:17.622000+00:00,13.264258,-0.012589,-0.20752
2026-07-16 18:12:19.624000+00:00,13.264258,-0.01297,-0.206299
2026-07-16 18:12:21.630000+00:00,13.264453,-0.012207,-0.20874
2026-07-16 18:12:23.644000+00:00,13.264258,-0.013733,-0.211182
2026-07-16 18:12:25.648000+00:00,13.264453,-0.01297,-0.222168
2026-07-16 18:12:27.648000+00:00,13.264648,-0.011063,-0.216064
2026-07-16 18:12:29.648000+00:00,13.264648,-0.0103,-0.186768
2026-07-16 18:12:31.632000+00:00,13.264648,-0.012589,-0.189209
2026-07-16 18:12:33.652000+00:00,13.264844,-0.011826,-0.213623
2026-07-16 18:12:35.651000+00:00,13.264648,-0.014496,-0.229492
2026-07-16 18:12:37.652000+00:00,13.264844,-0.012207,-0.22583
2026-07-16 18:12:39.654000+00:00,13.264844,-0.012589,-0.219727
2026-07-16 18:12:43.665000+00:00,13.265039,-0.011826,-0.213623
2026-07-16 18:12:45.670000+00:00,13.265039,-0.012207,-0.209961
2026-07-16 18:12:47.675000+00:00,13.265039,-0.011826,-0.213623
2026-07-16 18:12:51.665000+00:00,13.265235,-0.012207,-0.197754
2026-07-16 18:12:53.675000+00:00,13.265235,-0.01297,-0.205078
2026-07-16 18:12:55.680000+00:00,13.265429,-0.009918,-0.235596
2026-07-16 18:12:57.676000+00:00,13.265235,-0.014877,-0.211182
2026-07-16 18:12:59.682000+00:00,13.265429,-0.012207,-0.235596
2026-07-16 18:13:03.685000+00:00,13.265429,-0.010681,-0.201416
2026-07-16 18:13:07.694000+00:00,13.265625,-0.012207,-0.201416
2026-07-16 18:13:09.697000+00:00,13.270703,2.811813,-0.22583
2026-07-16 18:13:11.678000+00:00,13.285156,9.954834,37.60376
2026-07-16 18:13:13.698000+00:00,13.287109,9.955978,132.250977
2026-07-16 18:13:15.683000+00:00,13.28789,9.958267,132.285156
2026-07-16 18:13:17.678000+00:00,13.288281,9.954071,132.321777
2026-07-16 18:13:19.684000+00:00,13.302344,17.352676,132.27417
2026-07-16 18:13:21.683000+00:00,13.431641,79.296494,231.169434
2026-07-16 18:13:23.719000+00:00,13.437891,79.227066,1065.084229
2026-07-16 18:13:25.718000+00:00,13.442969,79.168701,1064.638672
2026-07-16 18:13:27.723000+00:00,13.450976,79.066467,1064.255371
2026-07-16 18:13:29.727000+00:00,13.454493,79.019547,1063.521729
2026-07-16 18:13:31.693000+00:00,13.457812,78.98407,1063.172607
2026-07-16 18:13:33.725000+00:00,13.460938,78.946686,1062.95166
2026-07-16 18:13:35.726000+00:00,13.466797,78.881454,1062.696533
2026-07-16 18:13:37.738000+00:00,13.469337,78.859711,1062.275391
2026-07-16 18:13:39.722000+00:00,13.471875,78.837204,1062.189941
2026-07-16 18:13:41.728000+00:00,13.474805,78.81813,1062.091064
2026-07-16 18:13:43.729000+00:00,13.479297,78.77388,1062.054443
2026-07-16 18:13:45.735000+00:00,13.481445,78.763199,1061.810303
2026-07-16 18:13:47.739000+00:00,13.483398,78.751373,1061.837158
2026-07-16 18:13:49.728000+00:00,13.485352,78.734207,1061.832275
2026-07-16 18:13:51.723000+00:00,13.489062,78.710175,1061.762695
2026-07-16 18:13:53.736000+00:00,13.491015,78.69606,1061.729736
2026-07-16 18:13:55.743000+00:00,13.492579,78.687668,1061.687012
2026-07-16 18:13:57.739000+00:00,13.495898,78.673172,1061.695557
2026-07-16 18:13:59.744000+00:00,13.497461,78.663635,1061.766357
2026-07-16 18:14:01.734000+00:00,13.499023,78.655243,1061.762695
2026-07-16 18:14:03.750000+00:00,13.500587,78.649521,1061.77124
2026-07-16 18:14:05.752000+00:00,13.503321,78.64418,1061.810303
2026-07-16 18:14:07.750000+00:00,13.504687,78.638077,1061.953125
2026-07-16 18:14:09.756000+00:00,13.506055,78.637314,1061.982422
2026-07-16 18:14:13.765000+00:00,13.509766,78.636551,1062.177734
2026-07-16 18:14:15.750000+00:00,13.510938,78.635788,1062.364502
2026-07-16 18:14:17.755000+00:00,13.512305,78.63884,1062.44751
2026-07-16 18:14:19.762000+00:00,13.513282,78.635025,1062.58667
2026-07-16 18:14:21.765000+00:00,13.515625,78.639603,1062.714844
2026-07-16 18:14:25.794000+00:00,13.517774,78.633499,1062.938232
2026-07-16 18:14:27.790000+00:00,13.519922,78.638458,1062.944336
2026-07-16 18:14:29.798000+00:00,13.520703,78.637314,1063.188477
2026-07-16 18:14:31.767000+00:00,13.521875,78.64151,1063.236084
2026-07-16 18:14:33.802000+00:00,13.522656,78.645706,1063.371582
2026-07-16 18:14:35.800000+00:00,13.52461,78.646469,1063.50708
2026-07-16 18:14:37.800000+00:00,13.525391,78.650665,1063.660889
2026-07-16 18:14:39.799000+00:00,13.526367,78.649139,1063.78418
2026-07-16 18:14:41.784000+00:00,13.527344,78.646851,1063.834229
2026-07-16 18:14:43.801000+00:00,13.528907,78.651047,1063.875732
2026-07-16 18:14:45.797000+00:00,13.529688,78.652954,1064.055176
2026-07-16 18:14:47.801000+00:00,13.530469,78.655243,1064.145508
2026-07-16 18:14:49.786000+00:00,13.53125,78.65448,1064.233398
2026-07-16 18:14:51.790000+00:00,13.532618,78.65181,1064.291992
2026-07-16 18:14:53.802000+00:00,13.533399,78.656387,1064.366455
2026-07-16 18:14:55.805000+00:00,13.53418,78.651047,1064.489746
2026-07-16 18:14:57.812000+00:00,13.535547,78.657532,1064.483643
2026-07-16 18:14:59.809000+00:00,13.536328,78.655243,1064.680176
2026-07-16 18:15:01.797000+00:00,13.537109,78.651047,1064.702148
2026-07-16 18:15:05.833000+00:00,13.539258,78.654861,1064.755859
2026-07-16 18:15:07.829000+00:00,13.539649,78.658295,1064.920654
2026-07-16 18:15:09.840000+00:00,13.540235,78.662109,1065.007324
2026-07-16 18:15:11.813000+00:00,13.54082,78.658676,1065.109863
2026-07-16 18:15:13.832000+00:00,13.542188,78.653717,1065.107422
2026-07-16 18:15:15.827000+00:00,13.542773,78.661346,1065.140381
2026-07-16 18:15:17.821000+00:00,13.54336,78.656387,1065.296631
2026-07-16 18:15:21.829000+00:00,13.545313,78.656769,1065.330811
2026-07-16 18:15:25.862000+00:00,13.546289,78.660202,1065.469971
2026-07-16 18:15:27.856000+00:00,13.547462,78.654099,1065.557861
2026-07-16 18:15:29.871000+00:00,13.547852,78.656387,1065.55542
2026-07-16 18:15:31.839000+00:00,13.548438,78.660583,1065.625
2026-07-16 18:15:33.876000+00:00,13.549024,78.661346,1065.732422
2026-07-16 18:15:35.856000+00:00,13.550196,78.66478,1065.776367
2026-07-16 18:15:37.862000+00:00,13.550781,78.662491,1065.919189
2026-07-16 18:15:39.872000+00:00,13.551172,78.661728,1065.932617
2026-07-16 18:15:41.846000+00:00,13.551758,78.668213,1065.958252
2026-07-16 18:15:43.870000+00:00,13.552734,78.673553,1066.090088
2026-07-16 18:15:45.863000+00:00,13.553321,78.682709,1066.240234
2026-07-16 18:15:47.870000+00:00,13.553515,78.68576,1066.40625
2026-07-16 18:15:49.852000+00:00,13.554102,78.689957,1066.474609
2026-07-16 18:15:51.853000+00:00,13.555079,78.695679,1066.575928
2026-07-16 18:15:55.874000+00:00,13.556055,78.691101,1066.766357
2026-07-16 18:15:57.881000+00:00,13.557032,78.708267,1066.748047
2026-07-16 18:15:59.885000+00:00,13.557617,78.701019,1067.052002
2026-07-16 18:16:01.878000+00:00,13.558008,78.710175,1066.994629
2026-07-16 18:16:03.898000+00:00,13.558398,78.707504,1067.159424
2026-07-16 18:16:05.900000+00:00,13.559375,78.725052,1067.1521
2026-07-16 18:16:07.899000+00:00,13.559961,78.718185,1067.46582
2026-07-16 18:16:09.905000+00:00,13.560157,78.726578,1067.404785
2026-07-16 18:16:11.892000+00:00,13.560547,78.726196,1067.55127
2026-07-16 18:16:15.891000+00:00,13.561914,78.730011,1067.640381
2026-07-16 18:16:17.892000+00:00,13.562304,78.734589,1067.724609
2026-07-16 18:16:19.901000+00:00,13.562696,78.736115,1067.818604
2026-07-16 18:16:21.897000+00:00,13.563477,78.73764,1067.873535
2026-07-16 18:16:23.932000+00:00,13.563868,78.733444,1067.957764
2026-07-16 18:16:25.932000+00:00,13.564258,78.737259,1067.928467
2026-07-16 18:16:27.935000+00:00,13.56504,78.742218,1068.005371
2026-07-16 18:16:29.936000+00:00,13.56543,78.747177,1068.139648
2026-07-16 18:16:31.909000+00:00,13.565821,78.74527,1068.242188
2026-07-16 18:16:33.947000+00:00,13.566211,78.744125,1068.234863
2026-07-16 18:16:35.950000+00:00,13.566993,78.757858,1068.261719
2026-07-16 18:16:37.957000+00:00,13.567383,78.759766,1068.505859
2026-07-16 18:16:39.955000+00:00,13.567774,78.762817,1068.566895
2026-07-16 18:16:41.920000+00:00,13.568359,78.760529,1068.641357
2026-07-16 18:16:43.950000+00:00,13.568946,78.766251,1068.651123
2026-07-16 18:16:45.957000+00:00,13.569336,78.763199,1068.775635
2026-07-16 18:16:47.961000+00:00,13.569727,78.76091,1068.765869
2026-07-16 18:16:51.931000+00:00,13.570899,78.767776,1068.792725
2026-07-16 18:16:53.968000+00:00,13.571094,78.765106,1068.944092
2026-07-16 18:16:55.973000+00:00,13.571485,78.764343,1068.930664
2026-07-16 18:16:57.980000+00:00,13.572266,78.766632,1068.952637
2026-07-16 18:16:59.984000+00:00,13.572657,78.768158,1069.046631
2026-07-16 18:17:01.957000+00:00,13.573047,78.760147,1069.089355
2026-07-16 18:17:03.993000+00:00,13.573438,78.764343,1069.01001
2026-07-16 18:17:05.997000+00:00,13.574219,78.767776,1069.100342
2026-07-16 18:17:07.994000+00:00,13.574414,78.765488,1069.204102
2026-07-16 18:17:09.999000+00:00,13.574805,78.762436,1069.197998
2026-07-16 18:17:11.972000+00:00,13.575195,78.766632,1069.189453
2026-07-16 18:17:14.010000+00:00,13.575976,78.759766,1069.276123
2026-07-16 18:17:15.982000+00:00,13.576172,78.763199,1069.238281
2026-07-16 18:17:17.984000+00:00,13.576563,78.768921,1069.300537
2026-07-16 18:17:19.986000+00:00,13.576953,78.767014,1069.414062
2026-07-16 18:17:21.988000+00:00,13.577735,78.768921,1069.417725
2026-07-16 18:17:24.022000+00:00,13.578125,78.768158,1069.498291
2026-07-16 18:17:26.017000+00:00,13.578321,78.77121,1069.517822
2026-07-16 18:17:28.025000+00:00,13.579102,78.769302,1069.584961
2026-07-16 18:17:30.025000+00:00,13.579493,78.77121,1069.616699
2026-07-16 18:17:32.003000+00:00,13.579883,78.772736,1069.666748
2026-07-16 18:17:34.027000+00:00,13.580274,78.767776,1069.719238
2026-07-16 18:17:36.032000+00:00,13.580859,78.769302,1069.682617
2026-07-16 18:17:38.033000+00:00,13.58125,78.773499,1069.752197
2026-07-16 18:17:40.036000+00:00,13.581641,78.769302,1069.840088
2026-07-16 18:17:42.016000+00:00,13.582031,78.769684,1069.80957
2026-07-16 18:17:44.035000+00:00,13.582618,78.773117,1069.842529
2026-07-16 18:17:46.035000+00:00,13.582812,78.767014,1069.943848
2026-07-16 18:17:48.039000+00:00,13.583203,78.767395,1069.881592
2026-07-16 18:17:50.025000+00:00,13.583594,78.773117,1069.907227
2026-07-16 18:17:52.023000+00:00,13.584375,78.764343,1070.018311
2026-07-16 18:17:54.044000+00:00,13.584571,78.770828,1069.962158
2026-07-16 18:17:56.045000+00:00,13.584961,78.77655,1070.068359
2026-07-16 18:17:58.052000+00:00,13.585547,78.772736,1070.167236
2026-07-16 18:18:00.047000+00:00,13.585938,78.775787,1070.168457
2026-07-16 18:18:02.033000+00:00,13.586133,78.780746,1070.236816
2026-07-16 18:18:04.054000+00:00,13.586524,78.77655,1070.32959
2026-07-16 18:18:06.057000+00:00,13.58711,78.774643,1070.301514
2026-07-16 18:18:08.063000+00:00,13.587501,78.778076,1070.319824
2026-07-16 18:18:10.059000+00:00,13.587695,78.778458,1070.391846
2026-07-16 18:18:12.049000+00:00,13.588086,78.775787,1070.422363
2026-07-16 18:18:14.065000+00:00,13.588672,78.787613,1070.408936
2026-07-16 18:18:16.052000+00:00,13.588867,78.774643,1070.616455
2026-07-16 18:18:18.058000+00:00,13.589258,78.781509,1070.463867
2026-07-16 18:18:20.063000+00:00,13.589454,78.785706,1070.578613
2026-07-16 18:18:22.065000+00:00,13.590039,78.781128,1070.648193
2026-07-16 18:18:24.103000+00:00,13.590235,78.792191,1070.64209
2026-07-16 18:18:26.109000+00:00,13.590625,78.786469,1070.805664
2026-07-16 18:18:28.113000+00:00,13.591211,78.792572,1070.761719
2026-07-16 18:18:30.111000+00:00,13.591601,78.78952,1070.887451
2026-07-16 18:18:32.075000+00:00,13.591797,78.788376,1070.86792
2026-07-16 18:18:34.113000+00:00,13.592188,78.783798,1070.876465
2026-07-16 18:18:36.124000+00:00,13.592773,78.792191,1070.834961
2026-07-16 18:18:38.114000+00:00,13.592969,78.787994,1071.002197
2026-07-16 18:18:40.125000+00:00,13.59336,78.791809,1070.963135
2026-07-16 18:18:42.089000+00:00,13.59375,78.794861,1071.048584
2026-07-16 18:18:44.122000+00:00,13.594337,78.797531,1071.115723
2026-07-16 18:18:46.137000+00:00,13.594531,78.800964,1071.196289
2026-07-16 18:18:48.130000+00:00,13.594922,78.793716,1071.26709
2026-07-16 18:18:50.105000+00:00,13.595313,78.794098,1071.196289
2026-07-16 18:18:52.111000+00:00,13.595899,78.797531,1071.229248
2026-07-16 18:18:54.159000+00:00,13.596094,78.797913,1071.31958
2026-07-16 18:18:56.144000+00:00,13.596484,78.799057,1071.342773
2026-07-16 18:18:58.144000+00:00,13.597071,78.792572,1071.387939
2026-07-16 18:19:00.140000+00:00,13.597266,78.798294,1071.351318
2026-07-16 18:19:02.114000+00:00,13.597656,78.797531,1071.447754
2026-07-16 18:19:04.153000+00:00,13.597852,78.794098,1071.459961
2026-07-16 18:19:06.150000+00:00,13.598437,78.796768,1071.434326
2026-07-16 18:19:08.153000+00:00,13.598828,78.78952,1071.517334
2026-07-16 18:19:10.152000+00:00,13.599219,78.797913,1071.452637
2026-07-16 18:19:12.119000+00:00,13.599414,78.805161,1071.589355
2026-07-16 18:19:14.155000+00:00,13.600196,78.802872,1071.702881
2026-07-16 18:19:16.125000+00:00,13.600196,78.80249,1071.726074
2026-07-16 18:19:18.127000+00:00,13.600586,78.799438,1071.734619
2026-07-16 18:19:20.135000+00:00,13.600781,78.796768,1071.711426
2026-07-16 18:19:22.130000+00:00,13.601367,78.795624,1071.695557
2026-07-16 18:19:24.159000+00:00,13.601562,78.800583,1071.732178
2026-07-16 18:19:26.155000+00:00,13.601954,78.801727,1071.809082
2026-07-16 18:19:28.161000+00:00,13.602344,78.791809,1071.848145
2026-07-16 18:19:30.166000+00:00,13.602735,78.799057,1071.75415
2026-07-16 18:19:32.132000+00:00,13.603126,78.795624,1071.883545
2026-07-16 18:19:34.164000+00:00,13.60332,78.794479,1071.856689
2026-07-16 18:19:36.168000+00:00,13.603907,78.797531,1071.864014
2026-07-16 18:19:38.172000+00:00,13.604102,78.790665,1071.950684
2026-07-16 18:19:40.172000+00:00,13.604492,78.794861,1071.883545
2026-07-16 18:19:42.141000+00:00,13.604688,78.793335,1071.959229
2026-07-16 18:19:44.173000+00:00,13.605273,78.791428,1071.956787
2026-07-16 18:19:46.178000+00:00,13.605664,78.796768,1071.982422
2026-07-16 18:19:48.174000+00:00,13.60586,78.794479,1072.08252
2026-07-16 18:19:50.157000+00:00,13.60625,78.794861,1072.067871
2026-07-16 18:19:52.161000+00:00,13.606836,78.794479,1072.10083
2026-07-16 18:19:54.183000+00:00,13.607032,78.796387,1072.142334
2026-07-16 18:19:56.180000+00:00,13.607226,78.800964,1072.186279
2026-07-16 18:19:58.188000+00:00,13.607813,78.793335,1072.258301
2026-07-16 18:20:00.184000+00:00,13.608008,78.800201,1072.207031
2026-07-16 18:20:04.204000+00:00,13.608594,78.800964,1072.341309
2026-07-16 18:20:06.185000+00:00,13.608985,78.799438,1072.37793
2026-07-16 18:20:08.185000+00:00,13.609375,78.796387,1072.388916
2026-07-16 18:20:10.191000+00:00,13.609571,78.803253,1072.363281
2026-07-16 18:20:12.177000+00:00,13.609962,78.80249,1072.475586
2026-07-16 18:20:14.195000+00:00,13.610352,78.808212,1072.501221
2026-07-16 18:20:16.182000+00:00,13.610743,78.806686,1072.607422
2026-07-16 18:20:18.174000+00:00,13.610938,78.79715,1072.611084
2026-07-16 18:20:20.193000+00:00,13.611328,78.799438,1072.501221
2026-07-16 18:20:22.182000+00:00,13.611719,78.796387,1072.556152
2026-07-16 18:20:24.250000+00:00,13.611915,78.799057,1072.543945
2026-07-16 18:20:26.251000+00:00,13.612109,78.801727,1072.60498
2026-07-16 18:20:28.248000+00:00,13.612696,78.80249,1072.653809
2026-07-16 18:20:30.243000+00:00,13.612891,78.805542,1072.706299
2026-07-16 18:20:32.204000+00:00,13.613086,78.806305,1072.772217
2026-07-16 18:20:34.250000+00:00,13.613281,78.800964,1072.799072
2026-07-16 18:20:36.259000+00:00,13.613672,78.811264,1072.738037
2026-07-16 18:20:38.261000+00:00,13.614062,78.805923,1072.91626
2026-07-16 18:20:40.258000+00:00,13.614258,78.810501,1072.869873
2026-07-16 18:20:42.199000+00:00,13.614649,78.81012,1072.940674
2026-07-16 18:20:44.268000+00:00,13.615039,78.809357,1072.961426
2026-07-16 18:20:46.263000+00:00,13.615234,78.81813,1072.987061
2026-07-16 18:20:48.275000+00:00,13.61543,78.821564,1073.126221
2026-07-16 18:20:50.214000+00:00,13.615625,78.829575,1073.195801
2026-07-16 18:20:52.203000+00:00,13.616211,78.820038,1073.310547
2026-07-16 18:20:54.270000+00:00,13.616406,78.805923,1073.225098
2026-07-16 18:20:56.273000+00:00,13.616602,78.809357,1073.054199
2026-07-16 18:20:58.275000+00:00,13.616992,78.817368,1073.109131
2026-07-16 18:21:00.275000+00:00,13.617188,78.831482,1073.253174
2026-07-16 18:21:02.217000+00:00,13.617383,78.801346,1073.468018
2026-07-16 18:21:04.273000+00:00,13.617774,78.811264,1073.071289
2026-07-16 18:21:06.284000+00:00,13.61836,78.801346,1073.231201
2026-07-16 18:21:08.289000+00:00,13.61836,78.824997,1073.137207
2026-07-16 18:21:10.288000+00:00,13.618555,78.814316,1073.47168
2026-07-16 18:21:12.224000+00:00,13.618945,78.808975,1073.337402
2026-07-16 18:21:14.293000+00:00,13.619336,78.79982,1073.294678
2026-07-16 18:21:16.231000+00:00,13.619532,78.802109,1073.195801
2026-07-16 18:21:18.237000+00:00,13.619727,78.81012,1073.249512
2026-07-16 18:21:20.238000+00:00,13.619922,78.815079,1073.366699
2026-07-16 18:21:22.249000+00:00,13.620508,78.809357,1073.453369
2026-07-16 18:21:24.307000+00:00,13.620704,78.830719,1073.422852
2026-07-16 18:21:26.312000+00:00,13.620898,78.801346,1073.723145
2026-07-16 18:21:28.316000+00:00,13.621289,78.821564,1073.345947
2026-07-16 18:21:30.320000+00:00,13.621485,78.836441,1073.64502
2026-07-16 18:21:32.262000+00:00,13.62168,78.814316,1073.861084
2026-07-16 18:21:34.357000+00:00,13.62168,78.834152,1073.579102
2026-07-16 18:21:36.327000+00:00,13.62207,78.823853,1073.861084
2026-07-16 18:21:38.327000+00:00,13.622461,78.81012,1073.747559
2026-07-16 18:21:40.342000+00:00,13.622657,78.802872,1073.583984
2026-07-16 18:21:42.266000+00:00,13.622851,78.820038,1073.496094
2026-07-16 18:21:44.330000+00:00,13.623047,78.833771,1073.747559
2026-07-16 18:21:46.330000+00:00,13.623242,78.824234,1073.963623
2026-07-16 18:21:48.334000+00:00,13.623438,78.824615,1073.843994
2026-07-16 18:21:50.275000+00:00,13.623633,78.81546,1073.861084
2026-07-16 18:21:52.270000+00:00,13.624219,78.830719,1073.752441
2026-07-16 18:21:54.328000+00:00,13.624219,78.807449,1073.999023
2026-07-16 18:21:56.334000+00:00,13.62461,78.82576,1073.687744
2026-07-16 18:21:58.337000+00:00,13.624804,78.823853,1073.961182
2026-07-16 18:22:00.335000+00:00,13.625,78.820419,1073.951416
2026-07-16 18:22:02.278000+00:00,13.625196,78.813171,1073.929443
2026-07-16 18:22:04.340000+00:00,13.625391,78.815842,1073.83667
2026-07-16 18:22:06.346000+00:00,13.625587,78.824997,1073.892822
2026-07-16 18:22:08.348000+00:00,13.625781,78.835678,1074.034424
2026-07-16 18:22:12.295000+00:00,13.626172,78.822327,1074.217529
2026-07-16 18:22:16.302000+00:00,13.626758,78.826904,1074.071045
2026-07-16 18:22:18.303000+00:00,13.626758,78.827286,1074.152832
2026-07-16 18:22:20.308000+00:00,13.626953,78.832245,1074.160156
2026-07-16 18:22:22.311000+00:00,13.627344,78.8311,1074.244385
2026-07-16 18:22:24.380000+00:00,13.627344,78.817749,1074.248047
2026-07-16 18:22:26.382000+00:00,13.62754,78.818893,1074.078369
2026-07-16 18:22:28.380000+00:00,13.62793,78.856277,1074.107666
2026-07-16 18:22:30.381000+00:00,13.62793,78.81279,1074.649658
2026-07-16 18:22:32.326000+00:00,13.628125,78.820038,1074.057617
2026-07-16 18:22:34.383000+00:00,13.628125,78.82576,1074.169922
2026-07-16 18:22:36.387000+00:00,13.628516,78.810501,1074.246826
2026-07-16 18:22:38.391000+00:00,13.628711,78.821945,1074.066162
2026-07-16 18:22:40.393000+00:00,13.628906,78.835678,1074.237061
2026-07-16 18:22:42.323000+00:00,13.628906,78.812408,1074.445801
2026-07-16 18:22:44.395000+00:00,13.629102,78.833389,1074.125977
2026-07-16 18:22:46.396000+00:00,13.629297,78.81813,1074.431152
2026-07-16 18:22:48.399000+00:00,13.629493,78.833008,1074.239502
2026-07-16 18:22:50.331000+00:00,13.629493,78.855133,1074.453125
2026-07-16 18:22:52.335000+00:00,13.629883,78.829956,1074.760742
2026-07-16 18:22:54.403000+00:00,13.629883,78.824615,1074.440918
2026-07-16 18:22:56.398000+00:00,13.630078,78.826904,1074.370117
2026-07-16 18:22:58.403000+00:00,13.630274,78.82309,1074.412842
2026-07-16 18:23:00.407000+00:00,13.630469,78.829575,1074.377441
2026-07-16 18:23:02.337000+00:00,13.630469,78.819275,1074.482422
2026-07-16 18:23:04.409000+00:00,13.630664,78.820801,1074.349365
2026-07-16 18:23:06.410000+00:00,13.630859,78.807449,1074.372559
2026-07-16 18:23:08.412000+00:00,13.631055,78.844833,1074.205322
2026-07-16 18:23:10.404000+00:00,13.631055,78.810501,1074.731445
2026-07-16 18:23:12.362000+00:00,13.631055,78.834534,1074.268799
2026-07-16 18:23:14.403000+00:00,13.631446,78.828049,1074.60083
2026-07-16 18:23:16.364000+00:00,13.631446,78.825378,1074.533691
2026-07-16 18:23:18.365000+00:00,13.631446,78.807831,1074.511719
2026-07-16 18:23:20.367000+00:00,13.63164,78.820801,1074.261475
2026-07-16 18:23:22.359000+00:00,13.631836,78.82576,1074.459229
2026-07-16 18:23:24.426000+00:00,13.632031,78.84903,1074.538574
2026-07-16 18:23:26.412000+00:00,13.632031,78.835297,1074.863281
2026-07-16 18:23:28.411000+00:00,13.632031,78.831482,1074.692383
2026-07-16 18:23:30.415000+00:00,13.632422,78.820038,1074.649658
2026-07-16 18:23:32.365000+00:00,13.632422,78.81813,1074.498291
2026-07-16 18:23:34.416000+00:00,13.632617,78.845596,1074.47998
2026-07-16 18:23:36.406000+00:00,13.632617,78.850937,1074.869385
2026-07-16 18:23:38.410000+00:00,13.632812,78.856659,1074.94873
2026-07-16 18:23:40.409000+00:00,13.632812,78.823471,1075.0354
2026-07-16 18:23:42.365000+00:00,13.632812,78.829193,1074.581299
2026-07-16 18:23:44.410000+00:00,13.633008,78.841782,1074.658203
2026-07-16 18:23:46.413000+00:00,13.633204,78.81813,1074.854736
2026-07-16 18:23:48.408000+00:00,13.633204,78.832626,1074.533691
2026-07-16 18:23:50.365000+00:00,13.633204,78.847122,1074.73999
2026-07-16 18:23:52.365000+00:00,13.633399,78.824234,1074.942627
2026-07-16 18:23:54.414000+00:00,13.633399,78.843689,1074.643555
2026-07-16 18:23:56.415000+00:00,13.633594,78.852081,1074.904785
2026-07-16 18:23:58.415000+00:00,13.633399,78.837204,1075.029297
2026-07-16 18:24:00.415000+00:00,13.633594,78.832245,1074.822998
2026-07-16 18:24:02.367000+00:00,13.633789,78.803253,1074.770508
2026-07-16 18:24:04.416000+00:00,13.633789,78.845978,1074.384766
2026-07-16 18:24:06.415000+00:00,13.633985,78.830338,1074.975586
2026-07-16 18:24:08.418000+00:00,13.633985,78.830719,1074.770508
2026-07-16 18:24:10.417000+00:00,13.63418,78.820038,1074.780273
2026-07-16 18:24:12.368000+00:00,13.63418,78.835297,1074.645996
2026-07-16 18:24:14.417000+00:00,13.634376,78.852081,1074.858398
2026-07-16 18:24:16.368000+00:00,13.634376,78.819275,1075.096436
2026-07-16 18:24:18.373000+00:00,13.634376,78.832626,1074.648438
2026-07-16 18:24:20.375000+00:00,13.63457,78.845978,1074.832764
2026-07-16 18:24:22.373000+00:00,13.634766,78.835297,1075.029297
2026-07-16 18:24:24.421000+00:00,13.634766,78.826141,1074.897461
2026-07-16 18:24:26.430000+00:00,13.634766,78.813553,1074.77417
2026-07-16 18:24:28.428000+00:00,13.634766,78.829193,1074.604492
2026-07-16 18:24:30.439000+00:00,13.634961,78.839493,1074.818115
2026-07-16 18:24:32.382000+00:00,13.635157,78.822327,1074.973145
2026-07-16 18:24:34.434000+00:00,13.634961,78.839874,1074.746094
2026-07-16 18:24:36.434000+00:00,13.635352,78.825378,1074.984131
2026-07-16 18:24:38.436000+00:00,13.635352,78.826523,1074.80957
2026-07-16 18:24:40.435000+00:00,13.635352,78.852844,1074.821777
2026-07-16 18:24:42.406000+00:00,13.635352,78.839111,1075.184326
2026-07-16 18:24:44.444000+00:00,13.635547,78.838348,1075.003662
2026-07-16 18:24:46.449000+00:00,13.635547,78.830338,1075.008545
2026-07-16 18:24:48.452000+00:00,13.635547,78.863144,1074.903564
2026-07-16 18:24:50.416000+00:00,13.635742,78.834915,1075.3479
2026-07-16 18:24:52.414000+00:00,13.635742,78.821945,1074.962158
2026-07-16 18:24:54.453000+00:00,13.635742,78.822708,1074.798584
2026-07-16 18:24:56.456000+00:00,13.635938,78.829193,1074.812012
2026-07-16 18:24:58.458000+00:00,13.635938,78.829575,1074.903564
2026-07-16 18:25:00.455000+00:00,13.636133,78.842926,1074.918213
2026-07-16 18:25:02.424000+00:00,13.636133,78.829575,1075.108643
2026-07-16 18:25:04.464000+00:00,13.636133,78.839874,1074.925537
2026-07-16 18:25:06.467000+00:00,13.636133,78.821182,1075.072021
2026-07-16 18:25:08.469000+00:00,13.636329,78.834915,1074.815674
2026-07-16 18:25:10.468000+00:00,13.636329,78.832245,1075.013428
2026-07-16 18:25:12.437000+00:00,13.636329,78.837967,1074.979248
2026-07-16 18:25:14.476000+00:00,13.636523,78.854752,1075.058594
2026-07-16 18:25:16.452000+00:00,13.636523,78.842545,1075.294189
2026-07-16 18:25:18.442000+00:00,13.636523,78.823471,1075.135498
2026-07-16 18:25:20.455000+00:00,13.636329,78.837967,1074.880371
2026-07-16 18:25:22.452000+00:00,13.636523,78.820801,1075.065918
2026-07-16 18:25:24.487000+00:00,13.636719,78.832626,1074.84375
2026-07-16 18:25:26.490000+00:00,13.636719,78.850937,1075.009766
2026-07-16 18:25:28.488000+00:00,13.636719,78.82309,1075.267334
2026-07-16 18:25:30.494000+00:00,13.636914,78.824234,1074.887695
2026-07-16 18:25:32.481000+00:00,13.636914,78.840637,1074.91333
2026-07-16 18:25:34.497000+00:00,13.636914,78.840256,1075.136719
2026-07-16 18:25:36.497000+00:00,13.636914,78.823853,1075.133057
2026-07-16 18:25:38.499000+00:00,13.636914,78.837585,1074.910889
2026-07-16 18:25:40.496000+00:00,13.63711,78.845215,1075.107422
2026-07-16 18:25:42.488000+00:00,13.636914,78.826141,1075.211182
2026-07-16 18:25:44.499000+00:00,13.63711,78.855515,1074.94751
2026-07-16 18:25:46.505000+00:00,13.636914,78.831482,1075.360107
2026-07-16 18:25:48.499000+00:00,13.63711,78.831863,1075.024414
2026-07-16 18:25:50.489000+00:00,13.63711,78.834534,1075.040283
2026-07-16 18:25:52.497000+00:00,13.637305,78.842926,1075.074463
2026-07-16 18:25:54.510000+00:00,13.63711,78.821945,1075.201416
2026-07-16 18:25:56.515000+00:00,13.63711,78.846359,1074.908447
2026-07-16 18:25:58.515000+00:00,13.637305,78.813171,1075.241699
2026-07-16 18:26:00.521000+00:00,13.637305,78.824615,1074.794922
2026-07-16 18:26:02.509000+00:00,13.6375,78.842545,1074.962158
2026-07-16 18:26:04.521000+00:00,13.637305,78.826904,1075.20874
2026-07-16 18:26:06.524000+00:00,13.637305,78.825378,1074.990234
2026-07-16 18:26:08.529000+00:00,13.6375,78.848648,1074.971924
2026-07-16 18:26:10.532000+00:00,13.6375,78.8311,1075.29541
2026-07-16 18:26:12.517000+00:00,13.6375,78.834152,1075.053711
2026-07-16 18:26:14.531000+00:00,13.637695,78.837967,1075.100098
2026-07-16 18:26:16.521000+00:00,13.6375,78.834152,1075.162354
2026-07-16 18:26:18.518000+00:00,13.637695,78.813934,1075.102539
2026-07-16 18:26:20.524000+00:00,13.637695,78.829575,1074.836426
2026-07-16 18:26:22.522000+00:00,13.637695,78.839111,1075.045166
2026-07-16 18:26:24.556000+00:00,13.637695,78.819275,1075.184326
2026-07-16 18:26:26.570000+00:00,13.637695,78.837585,1074.91333
2026-07-16 18:26:28.556000+00:00,13.637695,78.845978,1075.169678
2026-07-16 18:26:30.557000+00:00,13.637891,78.831482,1075.280762
2026-07-16 18:26:32.524000+00:00,13.637891,78.833771,1075.087891
2026-07-16 18:26:34.553000+00:00,13.637891,78.834534,1075.12207
2026-07-16 18:26:36.558000+00:00,13.637891,78.845978,1075.135498
2026-07-16 18:26:38.552000+00:00,13.637891,78.819275,1075.292969
2026-07-16 18:26:40.560000+00:00,13.637891,78.841019,1074.927979
2026-07-16 18:26:42.530000+00:00,13.637891,78.837585,1075.228271
2026-07-16 18:26:44.560000+00:00,13.637891,78.821564,1075.17334
2026-07-16 18:26:46.562000+00:00,13.638086,78.8414,1074.96582
2026-07-16 18:26:48.566000+00:00,13.637891,78.829575,1075.238037
2026-07-16 18:26:50.534000+00:00,13.637891,78.846741,1075.073242
2026-07-16 18:26:52.534000+00:00,13.637891,78.835678,1075.306396
2026-07-16 18:26:54.567000+00:00,13.638086,78.845978,1075.157471
2026-07-16 18:26:56.570000+00:00,13.638086,78.844452,1075.303955
2026-07-16 18:26:58.577000+00:00,13.638086,78.845596,1075.283203
2026-07-16 18:27:00.578000+00:00,13.638086,78.8517,1075.306396
2026-07-16 18:27:02.546000+00:00,13.638086,78.836823,1075.386963
2026-07-16 18:27:04.576000+00:00,13.638086,78.835297,1075.180664
2026-07-16 18:27:06.579000+00:00,13.638086,78.842926,1075.158691
2026-07-16 18:27:08.586000+00:00,13.638282,78.837967,1075.272217
2026-07-16 18:27:10.587000+00:00,13.638282,78.827667,1075.209961
2026-07-16 18:27:12.560000+00:00,13.638282,78.845978,1075.067139
2026-07-16 18:27:14.586000+00:00,13.638282,78.820801,1075.325928
2026-07-16 18:27:16.564000+00:00,13.638282,78.837967,1074.974365
2026-07-16 18:27:18.567000+00:00,13.638282,78.833008,1075.20752
2026-07-16 18:27:20.571000+00:00,13.638282,78.822327,1075.146484
2026-07-16 18:27:22.556000+00:00,13.638282,78.832626,1074.998779
2026-07-16 18:27:24.606000+00:00,13.638476,78.865433,1075.146484
2026-07-16 18:27:26.610000+00:00,13.638282,78.846741,1075.594482
2026-07-16 18:27:28.612000+00:00,13.638476,78.837967,1075.341797
2026-07-16 18:27:30.611000+00:00,13.638476,78.853607,1075.223389
2026-07-16 18:27:32.565000+00:00,13.638476,78.83873,1075.435791
2026-07-16 18:27:34.607000+00:00,13.638476,78.838348,1075.24292
2026-07-16 18:27:36.620000+00:00,13.638672,78.819275,1075.241699
2026-07-16 18:27:38.613000+00:00,13.638476,78.839874,1074.974365
2026-07-16 18:27:40.626000+00:00,13.638476,78.837967,1075.255127
2026-07-16 18:27:42.579000+00:00,13.638476,78.829193,1075.231934
2026-07-16 18:27:44.635000+00:00,13.638672,78.835678,1075.113525
2026-07-16 18:27:46.633000+00:00,13.638672,78.833771,1075.213623
2026-07-16 18:27:50.588000+00:00,13.638867,78.835678,1075.19043
2026-07-16 18:27:52.593000+00:00,13.638672,78.837585,1075.222168
2026-07-16 18:27:54.639000+00:00,13.638672,78.833389,1075.234375
2026-07-16 18:27:56.640000+00:00,13.638672,78.826523,1075.178223
2026-07-16 18:27:58.635000+00:00,13.638672,78.839874,1075.087891
2026-07-16 18:28:00.637000+00:00,13.638672,78.850937,1075.2771
2026-07-16 18:28:02.593000+00:00,13.638867,78.829575,1075.426025
2026-07-16 18:28:04.641000+00:00,13.638672,78.83873,1075.144043
2026-07-16 18:28:06.641000+00:00,13.638672,78.824615,1075.263672
2026-07-16 18:28:08.641000+00:00,13.638672,78.836823,1075.070801
2026-07-16 18:28:10.643000+00:00,13.638867,78.842545,1075.227051
2026-07-16 18:28:12.594000+00:00,13.638867,78.824615,1075.317383
2026-07-16 18:28:14.644000+00:00,13.638867,78.831863,1075.074463
2026-07-16 18:28:16.596000+00:00,13.638867,78.808212,1075.179443
2026-07-16 18:28:18.597000+00:00,13.638867,78.837204,1074.857178
2026-07-16 18:28:20.598000+00:00,13.638867,78.829575,1075.255127
2026-07-16 18:28:22.604000+00:00,13.638867,78.842163,1075.147705
2026-07-16 18:28:24.646000+00:00,13.638867,78.820801,1075.323486
2026-07-16 18:28:26.654000+00:00,13.639063,78.843307,1075.026855
2026-07-16 18:28:28.643000+00:00,13.639063,78.84903,1075.341797
2026-07-16 18:28:30.642000+00:00,13.639063,78.845978,1075.429688
2026-07-16 18:28:32.614000+00:00,13.639063,78.859329,1075.385742
2026-07-16 18:28:34.647000+00:00,13.639063,78.844452,1075.565186
2026-07-16 18:28:36.645000+00:00,13.639063,78.836823,1075.367432
2026-07-16 18:28:38.650000+00:00,13.639063,78.847885,1075.255127
2026-07-16 18:28:40.653000+00:00,13.639258,78.852463,1075.41748
2026-07-16 18:28:42.621000+00:00,13.639063,78.843307,1075.483398
2026-07-16 18:28:44.654000+00:00,13.639063,78.847885,1075.352783
2026-07-16 18:28:46.662000+00:00,13.639063,78.856277,1075.41748
2026-07-16 18:28:48.664000+00:00,13.639063,78.83873,1075.529785
2026-07-16 18:28:50.638000+00:00,13.639258,78.830719,1075.290527
2026-07-16 18:28:52.643000+00:00,13.639063,78.841782,1075.184326
2026-07-16 18:28:54.676000+00:00,13.639258,78.84407,1075.333252
2026-07-16 18:28:56.683000+00:00,13.639258,78.843307,1075.373535
2026-07-16 18:28:58.679000+00:00,13.639258,78.847504,1075.361328
2026-07-16 18:29:00.683000+00:00,13.639258,78.839493,1075.422363
2026-07-16 18:29:02.659000+00:00,13.639258,78.841782,1075.310059
2026-07-16 18:29:04.686000+00:00,13.639453,78.857422,1075.341797
2026-07-16 18:29:06.690000+00:00,13.639258,78.849792,1075.565186
2026-07-16 18:29:08.697000+00:00,13.639258,78.852844,1075.447998
2026-07-16 18:29:10.695000+00:00,13.639258,78.846741,1075.496826
2026-07-16 18:29:12.705000+00:00,13.639453,78.83873,1075.412598
2026-07-16 18:29:14.714000+00:00,13.639453,78.820801,1075.310059
2026-07-16 18:29:16.697000+00:00,13.639453,78.841782,1075.064697
2026-07-16 18:29:18.699000+00:00,13.639453,78.84903,1075.361328
2026-07-16 18:29:20.707000+00:00,13.639453,78.838348,1075.455322
2026-07-16 18:29:22.699000+00:00,13.639258,78.855133,1075.308838
2026-07-16 18:29:24.741000+00:00,13.639453,78.849411,1075.534668
2026-07-16 18:29:28.742000+00:00,13.639453,78.845978,1075.465088
2026-07-16 18:29:30.743000+00:00,13.639648,78.831482,1075.41748
2026-07-16 18:29:32.711000+00:00,13.639648,78.842926,1075.228271
2026-07-16 18:29:34.742000+00:00,13.639648,78.856659,1075.38208
2026-07-16 18:29:36.749000+00:00,13.639453,78.852844,1075.574951
2026-07-16 18:29:38.746000+00:00,13.639648,78.860855,1075.515137
2026-07-16 18:29:40.753000+00:00,13.639648,78.853989,1075.633545
2026-07-16 18:29:42.723000+00:00,13.639453,78.854752,1075.540771
2026-07-16 18:29:44.755000+00:00,13.639648,78.871918,1075.539551
2026-07-16 18:29:46.751000+00:00,13.639648,78.857422,1075.783691
2026-07-16 18:29:48.751000+00:00,13.639648,78.874588,1075.593262
2026-07-16 18:29:50.727000+00:00,13.639453,78.865814,1075.819092
2026-07-16 18:29:52.725000+00:00,13.639648,78.862762,1075.689697
2026-07-16 18:29:54.757000+00:00,13.639648,78.863525,1075.6604
2026-07-16 18:29:56.758000+00:00,13.639648,78.845596,1075.662842
2026-07-16 18:29:58.758000+00:00,13.639844,78.841782,1075.422363
2026-07-16 18:30:00.759000+00:00,13.639648,78.8311,1075.385742
2026-07-16 18:30:02.726000+00:00,13.639648,78.84903,1075.227051
2026-07-16 18:30:04.758000+00:00,13.639648,78.872681,1075.473633
2026-07-16 18:30:06.759000+00:00,13.639648,78.860474,1075.79834
2026-07-16 18:30:08.760000+00:00,13.639648,78.852463,1075.632324
2026-07-16 18:30:10.759000+00:00,13.639648,78.855133,1075.524902
2026-07-16 18:30:12.727000+00:00,13.639648,78.868103,1075.560303
2026-07-16 18:30:14.762000+00:00,13.639648,78.866577,1075.736084
2026-07-16 18:30:16.732000+00:00,13.639648,78.861618,1075.716553
2026-07-16 18:30:18.730000+00:00,13.639648,78.866577,1075.643311
2026-07-16 18:30:20.731000+00:00,13.639648,78.844452,1075.718994
2026-07-16 18:30:22.731000+00:00,13.639648,78.846741,1075.411377
2026-07-16 18:30:24.787000+00:00,13.639844,78.855133,1075.446777
2026-07-16 18:30:26.789000+00:00,13.639844,78.866196,1075.570068
2026-07-16 18:30:28.791000+00:00,13.639844,78.87001,1075.720215
2026-07-16 18:30:30.791000+00:00,13.639844,78.852081,1075.776367
2026-07-16 18:30:32.751000+00:00,13.639844,78.855133,1075.526123
2026-07-16 18:30:34.790000+00:00,13.639844,78.860092,1075.560303
2026-07-16 18:30:36.796000+00:00,13.639844,78.852463,1075.633545
2026-07-16 18:30:38.801000+00:00,13.639844,78.866577,1075.534668
2026-07-16 18:30:40.800000+00:00,13.639844,78.851318,1075.723877
2026-07-16 18:30:42.764000+00:00,13.639844,78.850174,1075.515137
2026-07-16 18:30:44.814000+00:00,13.639844,78.878021,1075.506592
2026-07-16 18:30:46.806000+00:00,13.639844,78.815079,1075.891113
2026-07-16 18:30:48.809000+00:00,13.639648,78.8517,1075.023193
2026-07-16 18:30:50.773000+00:00,13.639844,78.856659,1075.512695
2026-07-16 18:30:52.779000+00:00,13.639844,78.838348,1075.593262
2026-07-16 18:30:54.810000+00:00,13.639844,78.850174,1075.340576
2026-07-16 18:30:56.812000+00:00,13.639844,78.845978,1075.496826
2026-07-16 18:30:58.810000+00:00,13.639844,78.857422,1075.444336
2026-07-16 18:31:00.819000+00:00,13.640039,78.853989,1075.599365
2026-07-16 18:31:02.780000+00:00,13.639844,78.852844,1075.565186
2026-07-16 18:31:04.818000+00:00,13.640039,78.821564,1075.548096
2026-07-16 18:31:06.819000+00:00,13.640039,78.851318,1075.118408
2026-07-16 18:31:08.818000+00:00,13.640039,78.860474,1075.529785
2026-07-16 18:31:10.822000+00:00,13.639844,78.831482,1075.653076
2026-07-16 18:31:12.795000+00:00,13.640039,78.857803,1075.253906
2026-07-16 18:31:14.826000+00:00,13.639844,78.848648,1075.620117
2026-07-16 18:31:16.796000+00:00,13.639844,78.855896,1075.489502
2026-07-16 18:31:18.817000+00:00,13.640039,78.833389,1075.59082
2026-07-16 18:31:20.798000+00:00,13.640039,78.863525,1075.286865
2026-07-16 18:31:22.803000+00:00,13.640039,78.840637,1075.698242
2026-07-16 18:31:24.831000+00:00,13.640039,78.853989,1075.38208
2026-07-16 18:31:26.838000+00:00,13.640039,78.843689,1075.566406
2026-07-16 18:31:28.841000+00:00,13.640039,78.838348,1075.428467
2026-07-16 18:31:30.844000+00:00,13.640039,78.852081,1075.360107
2026-07-16 18:31:32.813000+00:00,13.640039,78.833771,1075.546875
2026-07-16 18:31:34.841000+00:00,13.640039,78.854752,1075.294189
2026-07-16 18:31:36.846000+00:00,13.640039,78.846741,1075.587158
2026-07-16 18:31:38.841000+00:00,13.640235,78.853607,1075.479736
2026-07-16 18:31:40.846000+00:00,13.640039,78.858185,1075.574951
2026-07-16 18:31:42.819000+00:00,13.640039,78.855515,1075.626221
2026-07-16 18:31:44.854000+00:00,13.640039,78.837204,1075.593262
2026-07-16 18:31:46.856000+00:00,13.640039,78.839874,1075.345459
2026-07-16 18:31:48.855000+00:00,13.640039,78.849411,1075.38208
2026-07-16 18:31:50.825000+00:00,13.640039,78.844833,1075.507812
2026-07-16 18:31:52.829000+00:00,13.640235,78.847885,1075.455322
2026-07-16 18:31:54.858000+00:00,13.640039,78.81813,1075.493164
2026-07-16 18:31:56.858000+00:00,13.640235,78.839493,1075.089111
2026-07-16 18:31:58.858000+00:00,13.640235,78.86467,1075.383301
2026-07-16 18:32:00.857000+00:00,13.640235,78.845215,1075.72998
2026-07-16 18:32:02.827000+00:00,13.640235,78.868866,1075.469971
2026-07-16 18:32:04.858000+00:00,13.640235,78.865051,1075.783691
2026-07-16 18:32:06.865000+00:00,13.640235,78.859711,1075.731201
2026-07-16 18:32:08.857000+00:00,13.640235,78.860474,1075.661621
2026-07-16 18:32:10.861000+00:00,13.640235,78.833008,1075.667725
2026-07-16 18:32:12.837000+00:00,13.640235,78.848648,1075.301514
2026-07-16 18:32:14.860000+00:00,13.640235,78.860092,1075.512695
2026-07-16 18:32:16.850000+00:00,13.640235,78.866577,1075.664062
2026-07-16 18:32:18.852000+00:00,13.640235,78.860092,1075.761719
2026-07-16 18:32:20.855000+00:00,13.640429,78.859711,1075.668945
2026-07-16 18:32:22.860000+00:00,13.640235,78.850937,1075.671387
2026-07-16 18:32:24.895000+00:00,13.640429,78.86734,1075.546875
2026-07-16 18:32:26.898000+00:00,13.640429,78.876114,1075.775146
2026-07-16 18:32:28.905000+00:00,13.640429,78.846741,1075.895996
2026-07-16 18:32:30.906000+00:00,13.640429,78.850555,1075.500488
2026-07-16 18:32:32.875000+00:00,13.640429,78.863144,1075.551758
2026-07-16 18:32:34.902000+00:00,13.640429,78.844833,1075.725098
2026-07-16 18:32:36.906000+00:00,13.640429,78.844452,1075.472412
2026-07-16 18:32:38.912000+00:00,13.640429,78.846741,1075.469971
2026-07-16 18:32:40.912000+00:00,13.640429,78.880692,1075.501709
2026-07-16 18:32:42.881000+00:00,13.640429,78.868103,1075.969238
2026-07-16 18:32:44.914000+00:00,13.640625,78.836441,1075.792236
2026-07-16 18:32:46.919000+00:00,13.640625,78.84903,1075.366211
2026-07-16 18:32:48.913000+00:00,13.640429,78.851318,1075.540771
2026-07-16 18:32:50.881000+00:00,13.640625,78.87764,1075.563965
2026-07-16 18:32:52.882000+00:00,13.640429,78.85704,1075.931396
2026-07-16 18:32:54.915000+00:00,13.640429,78.86467,1075.644531
2026-07-16 18:32:56.915000+00:00,13.640429,78.847504,1075.751953
2026-07-16 18:32:58.911000+00:00,13.640625,78.850555,1075.517578
2026-07-16 18:33:00.915000+00:00,13.640625,78.854752,1075.566406
2026-07-16 18:33:02.887000+00:00,13.640625,78.866959,1075.627441
2026-07-16 18:33:04.916000+00:00,13.640625,78.869247,1075.795898
2026-07-16 18:33:06.917000+00:00,13.640625,78.860474,1075.820312
2026-07-16 18:33:08.917000+00:00,13.640625,78.862,1075.710449
2026-07-16 18:33:10.922000+00:00,13.640625,78.87001,1075.72876
2026-07-16 18:33:12.903000+00:00,13.640625,78.871918,1075.842285
2026-07-16 18:33:14.920000+00:00,13.640821,78.867722,1075.865479
2026-07-16 18:33:16.909000+00:00,13.640821,78.856659,1075.812988
2026-07-16 18:33:18.914000+00:00,13.640821,78.87001,1075.662842
2026-07-16 18:33:20.915000+00:00,13.640821,78.852463,1075.843506
2026-07-16 18:33:22.925000+00:00,13.640821,78.85704,1075.611572
2026-07-16 18:33:24.946000+00:00,13.640821,78.861618,1075.667725
2026-07-16 18:33:26.945000+00:00,13.640821,78.881073,1075.731201
2026-07-16 18:33:28.953000+00:00,13.640821,78.863525,1075.996094
2026-07-16 18:33:30.956000+00:00,13.640821,78.859711,1075.762939
2026-07-16 18:33:32.925000+00:00,13.640821,78.882217,1075.704346
2026-07-16 18:33:34.961000+00:00,13.640821,78.853226,1076.020508
2026-07-16 18:33:36.961000+00:00,13.640821,78.886414,1075.622559
2026-07-16 18:33:38.962000+00:00,13.640821,78.842926,1076.071777
2026-07-16 18:33:40.964000+00:00,13.640821,78.860092,1075.489502
2026-07-16 18:33:42.929000+00:00,13.640821,78.855515,1075.723877
2026-07-16 18:33:44.971000+00:00,13.640821,78.8311,1075.651855
2026-07-16 18:33:46.975000+00:00,13.640821,78.8414,1075.322266
2026-07-16 18:33:48.978000+00:00,13.640821,78.840256,1075.467529
2026-07-16 18:33:50.952000+00:00,13.640821,78.853226,1075.455322
2026-07-16 18:33:52.964000+00:00,13.641016,78.839111,1075.627441
2026-07-16 18:33:54.990000+00:00,13.640821,78.84407,1075.441895
2026-07-16 18:33:56.986000+00:00,13.641016,78.84903,1075.501709
2026-07-16 18:33:58.993000+00:00,13.641016,78.862,1075.57373
2026-07-16 18:34:00.992000+00:00,13.641016,78.854752,1075.756836
2026-07-16 18:34:02.963000+00:00,13.641016,78.845596,1075.656738
2026-07-16 18:34:04.996000+00:00,13.641016,78.851318,1075.534668
2026-07-16 18:34:07.001000+00:00,13.641016,78.852081,1075.606689
2026-07-16 18:34:09.001000+00:00,13.641016,78.839111,1075.623779
2026-07-16 18:34:11+00:00,13.641016,78.832626,1075.439453
2026-07-16 18:34:12.965000+00:00,13.640821,78.843307,1075.360107
2026-07-16 18:34:14.995000+00:00,13.641016,78.877258,1075.488281
2026-07-16 18:34:16.969000+00:00,13.641212,78.847885,1075.957031
2026-07-16 18:34:18.970000+00:00,13.641016,78.868103,1075.571289
2026-07-16 18:34:20.965000+00:00,13.641212,78.862381,1075.841064
2026-07-16 18:34:22.969000+00:00,13.641016,78.862,1075.767822
2026-07-16 18:34:25.021000+00:00,13.641016,78.872681,1075.761719
2026-07-16 18:34:27.022000+00:00,13.641212,78.865814,1075.904541
2026-07-16 18:34:29.015000+00:00,13.641212,78.877258,1075.81665
2026-07-16 18:34:31.021000+00:00,13.641212,78.836441,1075.976562
2026-07-16 18:34:32.972000+00:00,13.641212,78.850555,1075.41626
2026-07-16 18:34:35.024000+00:00,13.641212,78.844833,1075.610352
2026-07-16 18:34:37.026000+00:00,13.641016,78.854752,1075.534668
2026-07-16 18:34:39.027000+00:00,13.641016,78.84407,1075.664062
2026-07-16 18:34:41.028000+00:00,13.641212,78.828049,1075.518799
2026-07-16 18:34:42.983000+00:00,13.641212,78.857803,1075.310059
2026-07-16 18:34:45.035000+00:00,13.641212,78.836441,1075.71167
2026-07-16 18:34:47.035000+00:00,13.641212,78.838348,1075.418701
2026-07-16 18:34:49.039000+00:00,13.641212,78.846359,1075.45166
2026-07-16 18:34:50.991000+00:00,13.641212,78.847504,1075.559082
2026-07-16 18:34:53.002000+00:00,13.641212,78.858948,1075.57373
2026-07-16 18:34:55.039000+00:00,13.641212,78.867722,1075.731201
2026-07-16 18:34:57.040000+00:00,13.641212,78.853607,1075.85083
2026-07-16 18:34:59.048000+00:00,13.641212,78.840637,1075.665283
2026-07-16 18:35:01.053000+00:00,13.641212,78.850555,1075.484619
2026-07-16 18:35:03.023000+00:00,13.641212,78.84903,1075.616455
2026-07-16 18:35:05.057000+00:00,13.641212,78.823853,1075.603027
2026-07-16 18:35:07.057000+00:00,13.641406,78.849792,1075.256348
2026-07-16 18:35:09.056000+00:00,13.641406,78.860092,1075.622559
2026-07-16 18:35:11.058000+00:00,13.641406,78.842926,1075.755615
2026-07-16 18:35:13.030000+00:00,13.641406,78.865051,1075.535889
2026-07-16 18:35:15.069000+00:00,13.641406,78.867722,1075.830078
2026-07-16 18:35:17.034000+00:00,13.641406,78.857422,1075.865479
2026-07-16 18:35:19.038000+00:00,13.641406,78.845978,1075.727539
2026-07-16 18:35:21.034000+00:00,13.641406,78.813934,1075.567627
2026-07-16 18:35:23.030000+00:00,13.641406,78.844452,1075.133057
2026-07-16 18:35:25.069000+00:00,13.641602,78.857803,1075.548096
2026-07-16 18:35:27.071000+00:00,13.641406,78.858948,1075.739746
2026-07-16 18:35:29.074000+00:00,13.641406,78.858185,1075.748291
2026-07-16 18:35:31.072000+00:00,13.641406,78.855515,1075.742188
2026-07-16 18:35:33.040000+00:00,13.641406,78.848648,1075.703125
2026-07-16 18:35:35.075000+00:00,13.641406,78.861618,1075.609131
2026-07-16 18:35:37.071000+00:00,13.641602,78.82576,1075.789795
2026-07-16 18:35:39.076000+00:00,13.641406,78.8517,1075.301514
2026-07-16 18:35:41.080000+00:00,13.641602,78.863144,1075.653076
2026-07-16 18:35:43.053000+00:00,13.641602,78.853226,1075.81543
2026-07-16 18:35:45.089000+00:00,13.641602,78.847885,1075.678711
2026-07-16 18:35:47.098000+00:00,13.641602,78.837585,1075.611572
2026-07-16 18:35:49.091000+00:00,13.641602,78.828049,1075.472412
2026-07-16 18:35:51.065000+00:00,13.641602,78.845215,1075.334473
2026-07-16 18:35:53.066000+00:00,13.641602,78.852844,1075.579834
2026-07-16 18:35:55.101000+00:00,13.641602,78.849792,1075.681152
2026-07-16 18:35:57.105000+00:00,13.641602,78.856277,1075.638428
2026-07-16 18:35:59.105000+00:00,13.641602,78.860092,1075.72876
2026-07-16 18:36:01.106000+00:00,13.641602,78.855896,1075.778809
2026-07-16 18:36:03.084000+00:00,13.641797,78.849411,1075.725098
2026-07-16 18:36:05.098000+00:00,13.641602,78.85437,1075.644531
2026-07-16 18:36:07.118000+00:00,13.641797,78.853989,1075.700684
2026-07-16 18:36:09.097000+00:00,13.641797,78.858566,1075.706787
2026-07-16 18:36:11.102000+00:00,13.641797,78.849792,1075.76416
2026-07-16 18:36:13.088000+00:00,13.641797,78.870773,1075.648193
2026-07-16 18:36:15.100000+00:00,13.641797,78.859329,1075.938721
2026-07-16 18:36:17.087000+00:00,13.641797,78.861237,1075.773926
2026-07-16 18:36:19.090000+00:00,13.641797,78.843689,1075.800781
2026-07-16 18:36:21.087000+00:00,13.641797,78.823853,1075.570068
2026-07-16 18:36:23.089000+00:00,13.641797,78.860092,1075.300293
2026-07-16 18:36:25.118000+00:00,13.641797,78.858566,1075.797119
2026-07-16 18:36:27.121000+00:00,13.641797,78.855515,1075.775146
2026-07-16 18:36:29.114000+00:00,13.641797,78.862762,1075.738525
2026-07-16 18:36:31.121000+00:00,13.641797,78.836441,1075.831299
2026-07-16 18:36:33.089000+00:00,13.641797,78.861618,1075.46875
2026-07-16 18:36:35.125000+00:00,13.641993,78.845978,1075.81543
2026-07-16 18:36:37.136000+00:00,13.641797,78.839493,1075.609131
2026-07-16 18:36:39.123000+00:00,13.641993,78.860855,1075.52002
2026-07-16 18:36:41.123000+00:00,13.641993,78.839493,1075.812988
2026-07-16 18:36:43.088000+00:00,13.641993,78.859329,1075.52124
2026-07-16 18:36:45.123000+00:00,13.641993,78.839874,1075.799561
2026-07-16 18:36:47.125000+00:00,13.641993,78.876114,1075.524902
2026-07-16 18:36:49.127000+00:00,13.641993,78.85437,1076.030273
2026-07-16 18:36:51.100000+00:00,13.641993,78.84903,1075.72876
2026-07-16 18:36:53.105000+00:00,13.641993,78.850937,1075.657959
2026-07-16 18:36:55.136000+00:00,13.641993,78.83873,1075.686035
2026-07-16 18:36:57.132000+00:00,13.641993,78.859711,1075.523682
2026-07-16 18:36:59.139000+00:00,13.642188,78.845215,1075.797119
2026-07-16 18:37:01.137000+00:00,13.641993,78.847504,1075.610352
2026-07-16 18:37:03.108000+00:00,13.641993,78.8414,1075.643311
2026-07-16 18:37:05.145000+00:00,13.642188,78.842545,1075.559082
2026-07-16 18:37:07.146000+00:00,13.642188,78.858566,1075.584717
2026-07-16 18:37:09.141000+00:00,13.642188,78.83873,1075.803223
2026-07-16 18:37:11.148000+00:00,13.642188,78.847504,1075.528564
2026-07-16 18:37:13.116000+00:00,13.642188,78.830338,1075.651855
2026-07-16 18:37:15.151000+00:00,13.642188,78.871918,1075.413818
2026-07-16 18:37:17.119000+00:00,13.642188,78.857422,1075.98999
2026-07-16 18:37:19.124000+00:00,13.642383,78.848267,1075.791016
2026-07-16 18:37:21.128000+00:00,13.642188,78.842926,1075.681152
2026-07-16 18:37:23.131000+00:00,13.642188,78.844452,1075.594482
2026-07-16 18:37:25.166000+00:00,13.642383,78.840637,1075.620117
2026-07-16 18:37:27.169000+00:00,13.642383,78.843689,1075.566406
2026-07-16 18:37:29.170000+00:00,13.642383,78.837204,1075.60791
2026-07-16 18:37:31.173000+00:00,13.642383,78.863525,1075.524902
2026-07-16 18:37:33.149000+00:00,13.642383,78.846359,1075.88623
2026-07-16 18:37:35.180000+00:00,13.642383,78.847122,1075.656738
2026-07-16 18:37:37.182000+00:00,13.642578,78.866577,1075.667725
2026-07-16 18:37:39.176000+00:00,13.642578,78.868484,1075.933838
2026-07-16 18:37:41.186000+00:00,13.642578,78.835678,1075.966797
2026-07-16 18:37:43.154000+00:00,13.642578,78.843307,1075.52002
2026-07-16 18:37:45.187000+00:00,13.642578,78.869629,1075.620117
2026-07-16 18:37:47.190000+00:00,13.642578,78.824997,1075.977783
2026-07-16 18:37:49.193000+00:00,13.642578,78.856277,1075.372314
2026-07-16 18:37:51.164000+00:00,13.642578,78.845215,1075.803223
2026-07-16 18:37:53.167000+00:00,13.642578,78.837204,1075.650635
2026-07-16 18:37:55.199000+00:00,13.642578,78.852081,1075.545654
2026-07-16 18:37:57.201000+00:00,13.642578,78.854752,1075.74585
2026-07-16 18:37:59.209000+00:00,13.642774,78.845596,1075.784912
2026-07-16 18:38:01.208000+00:00,13.642774,78.847885,1075.668945
2026-07-16 18:38:03.182000+00:00,13.642774,78.849411,1075.703125
2026-07-16 18:38:05.213000+00:00,13.642774,78.87001,1075.717773
2026-07-16 18:38:07.217000+00:00,13.642774,78.83873,1076.005859
2026-07-16 18:38:09.226000+00:00,13.642774,78.843307,1075.576172
2026-07-16 18:38:11.220000+00:00,13.642774,78.842926,1075.637207
2026-07-16 18:38:13.192000+00:00,13.642774,78.847504,1075.639648
2026-07-16 18:38:15.216000+00:00,13.642774,78.864288,1075.693359
2026-07-16 18:38:17.198000+00:00,13.642774,78.853607,1075.928955
2026-07-16 18:38:19.199000+00:00,13.642969,78.852081,1075.789795
2026-07-16 18:38:21.205000+00:00,13.642774,78.849792,1075.773926
2026-07-16 18:38:23.205000+00:00,13.642969,78.84407,1075.737305
2026-07-16 18:38:25.233000+00:00,13.642969,78.83606,1075.662842
2026-07-16 18:38:27.237000+00:00,13.642969,78.857422,1075.55542
2026-07-16 18:38:29.239000+00:00,13.642969,78.846741,1075.844727
2026-07-16 18:38:31.239000+00:00,13.642969,78.856659,1075.703125
2026-07-16 18:38:33.210000+00:00,13.642969,78.842545,1075.834961
2026-07-16 18:38:35.248000+00:00,13.642969,78.839493,1075.645752
2026-07-16 18:38:37.253000+00:00,13.642969,78.852463,1075.60791
2026-07-16 18:38:39.257000+00:00,13.643165,78.856659,1075.789795
2026-07-16 18:38:41.262000+00:00,13.643165,78.845215,1075.843506
2026-07-16 18:38:43.234000+00:00,13.643165,78.844452,1075.699463
2026-07-16 18:38:45.264000+00:00,13.643165,78.852081,1075.67749
2026-07-16 18:38:47.268000+00:00,13.643165,78.850555,1075.792236
2026-07-16 18:38:49.269000+00:00,13.643165,78.860855,1075.766602
2026-07-16 18:38:51.243000+00:00,13.643165,78.871918,1075.908203
2026-07-16 18:38:53.239000+00:00,13.643165,78.858948,1076.055908
2026-07-16 18:38:55.275000+00:00,13.643165,78.842545,1075.883789
2026-07-16 18:38:57.277000+00:00,13.643165,78.866577,1075.6604
2026-07-16 18:38:59.279000+00:00,13.643359,78.855133,1075.993652
2026-07-16 18:39:01.281000+00:00,13.643359,78.8311,1075.847168
2026-07-16 18:39:03.254000+00:00,13.643165,78.837967,1075.517578
2026-07-16 18:39:05.287000+00:00,13.643359,78.828812,1075.598145
2026-07-16 18:39:07.284000+00:00,13.643359,78.852081,1075.489502
2026-07-16 18:39:09.290000+00:00,13.643359,78.884125,1075.800781
2026-07-16 18:39:11.284000+00:00,13.643359,78.853226,1076.237793
2026-07-16 18:39:13.259000+00:00,13.643359,78.842926,1075.830078
2026-07-16 18:39:15.284000+00:00,13.643359,78.855515,1075.683594
2026-07-16 18:39:17.273000+00:00,13.643555,78.852463,1075.858154
2026-07-16 18:39:19.278000+00:00,13.643359,78.842926,1075.823975
2026-07-16 18:39:21.279000+00:00,13.643359,78.853989,1075.686035
2026-07-16 18:39:23.280000+00:00,13.643555,78.851318,1075.837402
2026-07-16 18:39:25.311000+00:00,13.643555,78.836441,1075.799561
2026-07-16 18:39:27.316000+00:00,13.643555,78.858185,1075.605469
2026-07-16 18:39:29.324000+00:00,13.643555,78.858566,1075.909424
2026-07-16 18:39:31.323000+00:00,13.643555,78.834915,1075.913086
2026-07-16 18:39:33.292000+00:00,13.643555,78.846359,1075.594482
2026-07-16 18:39:35.328000+00:00,13.643555,78.855515,1075.744629
2026-07-16 18:39:37.332000+00:00,13.643555,78.842163,1075.871582
2026-07-16 18:39:39.329000+00:00,13.64375,78.871536,1075.693359
2026-07-16 18:39:41.345000+00:00,13.64375,78.864288,1076.097412
2026-07-16 18:39:43.314000+00:00,13.64375,78.858185,1075.998535
2026-07-16 18:39:45.329000+00:00,13.64375,78.835678,1075.914307
2026-07-16 18:39:47.331000+00:00,13.64375,78.860092,1075.60791
2026-07-16 18:39:49.335000+00:00,13.64375,78.844452,1075.947266
2026-07-16 18:39:51.321000+00:00,13.64375,78.845978,1075.72998
2026-07-16 18:39:53.314000+00:00,13.64375,78.865814,1075.754395
2026-07-16 18:39:55.337000+00:00,13.64375,78.866196,1076.029053
2026-07-16 18:39:57.332000+00:00,13.64375,78.85437,1076.031494
2026-07-16 18:39:59.342000+00:00,13.64375,78.858566,1075.871582
2026-07-16 18:40:01.337000+00:00,13.64375,78.836823,1075.928955
2026-07-16 18:40:03.328000+00:00,13.643946,78.843689,1075.628662
2026-07-16 18:40:05.346000+00:00,13.64375,78.869629,1075.732422
2026-07-16 18:40:07.347000+00:00,13.643946,78.87764,1076.080322
2026-07-16 18:40:09.346000+00:00,13.643946,78.85704,1076.203613
2026-07-16 18:40:11.346000+00:00,13.643946,78.852844,1075.921631
2026-07-16 18:40:13.328000+00:00,13.643946,78.862381,1075.860596
2026-07-16 18:40:15.349000+00:00,13.643946,78.852081,1075.993652
2026-07-16 18:40:17.338000+00:00,13.644141,78.865051,1075.848389
2026-07-16 18:40:19.338000+00:00,13.644141,78.868103,1076.037598
2026-07-16 18:40:21.347000+00:00,13.644141,78.861237,1076.081543
2026-07-16 18:40:23.335000+00:00,13.644141,78.871918,1076.000977
2026-07-16 18:40:25.375000+00:00,13.644141,78.851318,1076.134033
2026-07-16 18:40:27.375000+00:00,13.644336,78.848267,1075.859375
2026-07-16 18:40:29.381000+00:00,13.644336,78.850937,1075.830078
2026-07-16 18:40:31.378000+00:00,13.644336,78.858948,1075.861816
2026-07-16 18:40:33.360000+00:00,13.644336,78.873444,1075.974121
2026-07-16 18:40:35.371000+00:00,13.644141,78.8517,1076.173096
2026-07-16 18:40:37.379000+00:00,13.644141,78.843689,1075.863037
2026-07-16 18:40:39.385000+00:00,13.644141,78.858948,1075.755615
2026-07-16 18:40:41.381000+00:00,13.644336,78.875351,1075.963135
2026-07-16 18:40:43.359000+00:00,13.644336,78.86467,1076.195068
2026-07-16 18:40:45.380000+00:00,13.644336,78.858566,1076.048584
2026-07-16 18:40:47.384000+00:00,13.644336,78.869629,1075.965576
2026-07-16 18:40:49.388000+00:00,13.644336,78.8414,1076.130371
2026-07-16 18:40:51.372000+00:00,13.644336,78.847504,1075.736084
2026-07-16 18:40:53.372000+00:00,13.644336,78.852463,1075.821533
2026-07-16 18:40:55.389000+00:00,13.644336,78.872299,1075.897217
2026-07-16 18:40:57.394000+00:00,13.644336,78.86467,1076.16333
2026-07-16 18:40:59.396000+00:00,13.644531,78.853607,1076.054688
2026-07-16 18:41:01.398000+00:00,13.644531,78.843307,1075.916748
2026-07-16 18:41:03.383000+00:00,13.644531,78.862762,1075.777588
2026-07-16 18:41:05.401000+00:00,13.644531,78.859711,1076.038818
2026-07-16 18:41:07.409000+00:00,13.644531,78.848648,1075.999756
2026-07-16 18:41:09.405000+00:00,13.644531,78.859711,1075.848389
2026-07-16 18:41:11.399000+00:00,13.644531,78.862762,1076.004639
2026-07-16 18:41:13.393000+00:00,13.644531,78.855896,1076.043701
2026-07-16 18:41:15.411000+00:00,13.644531,78.85437,1075.948486
2026-07-16 18:41:17.401000+00:00,13.644531,78.852463,1075.932617
2026-07-16 18:41:19.399000+00:00,13.644531,78.859329,1075.906982
2026-07-16 18:41:21.409000+00:00,13.644727,78.850937,1076.005859
2026-07-16 18:41:23.405000+00:00,13.644531,78.864288,1075.889893
2026-07-16 18:41:25.438000+00:00,13.644727,78.880692,1076.071777
2026-07-16 18:41:27.438000+00:00,13.644727,78.848267,1076.30127
2026-07-16 18:41:29.437000+00:00,13.644727,78.856277,1075.860596
2026-07-16 18:41:31.439000+00:00,13.644727,78.874588,1075.9729
2026-07-16 18:41:33.409000+00:00,13.644727,78.85437,1076.221924
2026-07-16 18:41:35.441000+00:00,13.644727,78.85704,1075.950928
2026-07-16 18:41:37.443000+00:00,13.644727,78.857422,1075.983887
2026-07-16 18:41:39.450000+00:00,13.644727,78.860092,1075.992432
2026-07-16 18:41:41.448000+00:00,13.644922,78.842926,1076.030273
2026-07-16 18:41:43.412000+00:00,13.644922,78.861618,1075.803223
2026-07-16 18:41:45.451000+00:00,13.644922,78.865814,1076.05835
2026-07-16 18:41:47.446000+00:00,13.644922,78.85704,1076.114502
2026-07-16 18:41:49.455000+00:00,13.644922,78.857422,1076.005859
2026-07-16 18:41:51.424000+00:00,13.644922,78.857803,1076.004639
2026-07-16 18:41:53.422000+00:00,13.644922,78.849411,1076.013184
2026-07-16 18:41:55.463000+00:00,13.644922,78.847122,1075.897217
2026-07-16 18:41:57.465000+00:00,13.645118,78.845978,1075.86792
2026-07-16 18:41:59.463000+00:00,13.645118,78.869247,1075.860596
2026-07-16 18:42:01.487000+00:00,13.645118,78.871155,1076.177979
2026-07-16 18:42:03.450000+00:00,13.645118,78.85437,1076.204834
2026-07-16 18:42:05.475000+00:00,13.645312,78.865433,1075.979004
2026-07-16 18:42:07.479000+00:00,13.645118,78.861618,1076.136475
2026-07-16 18:42:09.476000+00:00,13.645312,78.863144,1076.074219
2026-07-16 18:42:11.486000+00:00,13.645312,78.859329,1076.113281
2026-07-16 18:42:13.454000+00:00,13.645312,78.857803,1076.055908
2026-07-16 18:42:15.486000+00:00,13.645312,78.85704,1076.030273
2026-07-16 18:42:17.457000+00:00,13.645312,78.841782,1076.022949
2026-07-16 18:42:19.455000+00:00,13.645312,78.831482,1075.814209
2026-07-16 18:42:21.461000+00:00,13.645312,78.855896,1075.67749
2026-07-16 18:42:23.458000+00:00,13.645312,78.835297,1076.011963
2026-07-16 18:42:25.485000+00:00,13.645508,78.868484,1075.736084
2026-07-16 18:42:27.490000+00:00,13.645312,78.86467,1076.193848
2026-07-16 18:42:29.499000+00:00,13.645508,78.858185,1076.137695
2026-07-16 18:42:31.492000+00:00,13.645508,78.859711,1076.053467
2026-07-16 18:42:33.463000+00:00,13.645508,78.871155,1076.083984
2026-07-16 18:42:35.497000+00:00,13.645508,78.839874,1076.234131
2026-07-16 18:42:37.492000+00:00,13.645508,78.869247,1075.814209
2026-07-16 18:42:39.497000+00:00,13.645508,78.859711,1076.213379
2026-07-16 18:42:41.497000+00:00,13.645703,78.857803,1076.080322
2026-07-16 18:42:43.471000+00:00,13.645508,78.853607,1076.063232
2026-07-16 18:42:45.504000+00:00,13.645508,78.857422,1076.004639
2026-07-16 18:42:47.509000+00:00,13.645703,78.8517,1076.049805
2026-07-16 18:42:49.516000+00:00,13.645508,78.858185,1075.987549
2026-07-16 18:42:51.483000+00:00,13.645703,78.85437,1076.066895
2026-07-16 18:42:53.493000+00:00,13.645703,78.855896,1076.025391
2026-07-16 18:42:55.523000+00:00,13.645703,78.847504,1076.040039
2026-07-16 18:42:57.522000+00:00,13.645703,78.845978,1075.935059
2026-07-16 18:42:59.527000+00:00,13.645899,78.871536,1075.916748
2026-07-16 18:43:01.527000+00:00,13.645703,78.857803,1076.269531
2026-07-16 18:43:03.500000+00:00,13.645899,78.83873,1076.071777
2026-07-16 18:43:05.535000+00:00,13.645703,78.851318,1075.825195
2026-07-16 18:43:07.534000+00:00,13.645899,78.863144,1075.987549
2026-07-16 18:43:09.530000+00:00,13.645703,78.852463,1076.158447
2026-07-16 18:43:11.536000+00:00,13.645899,78.837204,1076.000977
2026-07-16 18:43:13.509000+00:00,13.645899,78.863144,1075.808105
2026-07-16 18:43:15.534000+00:00,13.645899,78.84903,1076.165771
2026-07-16 18:43:17.508000+00:00,13.646094,78.852081,1075.964355
2026-07-16 18:43:19.514000+00:00,13.645899,78.856277,1076.015625
2026-07-16 18:43:21.517000+00:00,13.646094,78.8517,1076.066895
2026-07-16 18:43:23.520000+00:00,13.646094,78.873825,1076.021729
2026-07-16 18:43:25.557000+00:00,13.646094,78.849792,1076.31958
2026-07-16 18:43:27.562000+00:00,13.646094,78.852081,1075.993652
2026-07-16 18:43:29.566000+00:00,13.646289,78.856277,1076.020508
2026-07-16 18:43:31.566000+00:00,13.646094,78.845596,1076.087646
2026-07-16 18:43:33.534000+00:00,13.646289,78.855515,1075.938721
2026-07-16 18:43:35.562000+00:00,13.646289,78.851318,1076.077881
2026-07-16 18:43:37.569000+00:00,13.646289,78.843689,1076.020508
2026-07-16 18:43:39.572000+00:00,13.646289,78.857422,1075.924072
2026-07-16 18:43:41.573000+00:00,13.646484,78.84903,1076.104736
2026-07-16 18:43:43.541000+00:00,13.646289,78.860092,1076.003418
2026-07-16 18:43:45.577000+00:00,13.646289,78.853607,1076.147461
2026-07-16 18:43:47.577000+00:00,13.646484,78.862762,1076.063232
2026-07-16 18:43:49.574000+00:00,13.646484,78.849411,1076.19873
2026-07-16 18:43:51.546000+00:00,13.646484,78.845978,1076.015625
2026-07-16 18:43:53.547000+00:00,13.646484,78.836441,1075.966797
2026-07-16 18:43:55.580000+00:00,13.646484,78.853989,1075.843506
2026-07-16 18:43:57.581000+00:00,13.646484,78.84903,1076.079102
2026-07-16 18:43:59.584000+00:00,13.64668,78.845215,1076.016846
2026-07-16 18:44:01.588000+00:00,13.64668,78.856659,1075.97168
2026-07-16 18:44:03.559000+00:00,13.64668,78.860855,1076.130371
2026-07-16 18:44:05.597000+00:00,13.64668,78.856277,1076.182861
2026-07-16 18:44:07.596000+00:00,13.64668,78.862381,1076.131592
2026-07-16 18:44:09.600000+00:00,13.64668,78.848648,1076.204834
2026-07-16 18:44:11.602000+00:00,13.64668,78.856277,1076.021729
2026-07-16 18:44:13.572000+00:00,13.64668,78.858566,1076.126709
2026-07-16 18:44:15.604000+00:00,13.646875,78.843689,1076.165771
2026-07-16 18:44:17.572000+00:00,13.646875,78.865433,1075.963135
2026-07-16 18:44:19.566000+00:00,13.646875,78.866196,1076.26709
2026-07-16 18:44:21.576000+00:00,13.646875,78.850937,1076.279297
2026-07-16 18:44:23.579000+00:00,13.646875,78.857422,1076.071777
2026-07-16 18:44:25.608000+00:00,13.646875,78.863144,1076.152344
2026-07-16 18:44:27.604000+00:00,13.646875,78.834534,1076.239014
2026-07-16 18:44:29.609000+00:00,13.647071,78.8517,1075.847168
2026-07-16 18:44:31.613000+00:00,13.647071,78.842926,1076.088867
2026-07-16 18:44:33.578000+00:00,13.647071,78.853226,1075.97168
2026-07-16 18:44:35.613000+00:00,13.647071,78.846741,1076.105957
2026-07-16 18:44:37.613000+00:00,13.647071,78.847885,1076.030273
2026-07-16 18:44:39.607000+00:00,13.647265,78.858566,1076.044922
2026-07-16 18:44:41.615000+00:00,13.647071,78.845215,1076.193848
2026-07-16 18:44:43.581000+00:00,13.647265,78.834152,1076.010742
2026-07-16 18:44:45.613000+00:00,13.647265,78.866959,1075.861816
2026-07-16 18:44:47.618000+00:00,13.647265,78.861618,1076.314697
2026-07-16 18:44:49.621000+00:00,13.647265,78.849792,1076.239014
2026-07-16 18:44:51.589000+00:00,13.647461,78.862381,1076.086426
2026-07-16 18:44:53.585000+00:00,13.647265,78.845978,1076.263428
2026-07-16 18:44:55.621000+00:00,13.647265,78.853989,1076.038818
2026-07-16 18:44:57.622000+00:00,13.647461,78.845596,1076.141357
2026-07-16 18:44:59.621000+00:00,13.647265,78.844833,1076.044922
2026-07-16 18:45:01.622000+00:00,13.647461,78.849792,1076.020508
2026-07-16 18:45:03.591000+00:00,13.647461,78.847504,1076.096191
2026-07-16 18:45:05.622000+00:00,13.647461,78.858948,1076.05835
2026-07-16 18:45:07.617000+00:00,13.647461,78.84407,1076.220703
2026-07-16 18:45:09.622000+00:00,13.647656,78.8414,1076.016846
2026-07-16 18:45:11.619000+00:00,13.647656,78.847122,1075.992432
2026-07-16 18:45:13.606000+00:00,13.647656,78.841019,1076.072998
2026-07-16 18:45:15.627000+00:00,13.647656,78.840256,1075.993652
2026-07-16 18:45:17.609000+00:00,13.647852,78.849411,1075.981445
2026-07-16 18:45:19.611000+00:00,13.647656,78.858566,1076.115723
2026-07-16 18:45:21.615000+00:00,13.647656,78.837585,1076.235352
2026-07-16 18:45:23.616000+00:00,13.647656,78.833389,1075.946045
2026-07-16 18:45:25.661000+00:00,13.647656,78.853607,1075.894775
2026-07-16 18:45:27.652000+00:00,13.647852,78.866577,1076.175537
2026-07-16 18:45:29.658000+00:00,13.647852,78.842926,1076.35376
2026-07-16 18:45:31.664000+00:00,13.647656,78.836823,1076.035156
2026-07-16 18:45:33.635000+00:00,13.647852,78.850937,1075.92041
2026-07-16 18:45:35.667000+00:00,13.647852,78.853226,1076.141357
2026-07-16 18:45:37.661000+00:00,13.647852,78.851318,1076.176758
2026-07-16 18:45:39.670000+00:00,13.647852,78.855515,1076.156006
2026-07-16 18:45:41.675000+00:00,13.647852,78.862381,1076.213379
2026-07-16 18:45:43.651000+00:00,13.648047,78.842545,1076.306152
2026-07-16 18:45:45.680000+00:00,13.648047,78.845978,1076.043701
2026-07-16 18:45:47.685000+00:00,13.648047,78.850937,1076.086426
2026-07-16 18:45:49.693000+00:00,13.648047,78.849792,1076.160889
2026-07-16 18:45:51.681000+00:00,13.648047,78.852081,1076.140137
2026-07-16 18:45:53.667000+00:00,13.648047,78.847122,1076.174316
2026-07-16 18:45:55.683000+00:00,13.648047,78.846741,1076.107178
2026-07-16 18:45:57.688000+00:00,13.648242,78.852081,1076.105957
2026-07-16 18:45:59.693000+00:00,13.648047,78.847885,1076.182861
2026-07-16 18:46:01.694000+00:00,13.648242,78.845596,1076.123047
2026-07-16 18:46:03.677000+00:00,13.648242,78.843689,1076.101074
2026-07-16 18:46:05.697000+00:00,13.648438,78.850555,1076.075439
2026-07-16 18:46:07.699000+00:00,13.648242,78.851318,1076.179199
2026-07-16 18:46:09.711000+00:00,13.648438,78.845596,1076.185303
2026-07-16 18:46:11.699000+00:00,13.648438,78.878784,1076.115723
2026-07-16 18:46:13.693000+00:00,13.648438,78.844452,1076.573486
2026-07-16 18:46:15.703000+00:00,13.648438,78.845215,1076.096191
2026-07-16 18:46:17.699000+00:00,13.648633,78.857803,1076.109619
2026-07-16 18:46:19.694000+00:00,13.648633,78.843307,1076.297607
2026-07-16 18:46:21.698000+00:00,13.648438,78.849411,1076.097412
2026-07-16 18:46:23.705000+00:00,13.648633,78.833008,1076.173096
2026-07-16 18:46:25.733000+00:00,13.648633,78.852844,1075.957031
2026-07-16 18:46:27.731000+00:00,13.648829,78.85704,1076.228027
2026-07-16 18:46:29.731000+00:00,13.648633,78.844833,1076.300049
2026-07-16 18:46:31.737000+00:00,13.648633,78.856277,1076.123047
2026-07-16 18:46:33.707000+00:00,13.648829,78.839874,1076.282959
2026-07-16 18:46:35.741000+00:00,13.648829,78.866959,1076.072998
2026-07-16 18:46:37.746000+00:00,13.648829,78.851318,1076.435547
2026-07-16 18:46:39.740000+00:00,13.648829,78.88031,1076.231689
2026-07-16 18:46:41.744000+00:00,13.649024,78.841782,1076.623535
2026-07-16 18:46:43.714000+00:00,13.649024,78.852463,1076.103516
2026-07-16 18:46:45.748000+00:00,13.648829,78.845215,1076.252441
2026-07-16 18:46:47.750000+00:00,13.648829,78.848267,1076.140137
2026-07-16 18:46:49.754000+00:00,13.649024,78.850174,1076.195068
2026-07-16 18:46:51.722000+00:00,13.649024,78.855133,1076.229248
2026-07-16 18:46:53.736000+00:00,13.649024,78.8517,1076.293945
2026-07-16 18:46:55.754000+00:00,13.649219,78.844833,1076.243896
2026-07-16 18:46:57.768000+00:00,13.649219,78.856659,1076.165771
2026-07-16 18:46:59.756000+00:00,13.649219,78.841019,1076.323242
2026-07-16 18:47:01.755000+00:00,13.649219,78.866196,1076.11084
2026-07-16 18:47:03.740000+00:00,13.649414,78.8517,1076.45752
2026-07-16 18:47:05.755000+00:00,13.649219,78.857803,1076.270752
2026-07-16 18:47:07.760000+00:00,13.649414,78.855515,1076.347656
2026-07-16 18:47:09.756000+00:00,13.649219,78.845215,1076.324463
2026-07-16 18:47:11.770000+00:00,13.649219,78.852463,1076.179199
2026-07-16 18:47:13.753000+00:00,13.649414,78.8517,1076.276855
2026-07-16 18:47:15.787000+00:00,13.649414,78.848648,1076.271973
2026-07-16 18:47:17.763000+00:00,13.649414,78.852844,1076.231689
2026-07-16 18:47:19.758000+00:00,13.649414,78.849792,1076.292725
2026-07-16 18:47:21.763000+00:00,13.649414,78.841782,1076.252441
2026-07-16 18:47:23.761000+00:00,13.649414,78.852844,1076.143799
2026-07-16 18:47:25.792000+00:00,13.64961,78.850937,1076.296387
2026-07-16 18:47:27.793000+00:00,13.64961,78.849792,1076.278076
2026-07-16 18:47:29.794000+00:00,13.64961,78.867722,1076.26709
2026-07-16 18:47:31.794000+00:00,13.64961,78.845596,1076.518555
2026-07-16 18:47:33.758000+00:00,13.64961,78.834534,1076.21582
2026-07-16 18:47:35.797000+00:00,13.649805,78.852463,1076.064453
2026-07-16 18:47:37.800000+00:00,13.649805,78.846359,1076.313477
2026-07-16 18:47:39.819000+00:00,13.64961,78.871918,1076.230469
2026-07-16 18:47:41.805000+00:00,13.649805,78.854752,1076.577148
2026-07-16 18:47:43.774000+00:00,13.650001,78.855896,1076.342773
2026-07-16 18:47:45.806000+00:00,13.649805,78.85704,1076.375732
2026-07-16 18:47:47.809000+00:00,13.649805,78.845215,1076.375732
2026-07-16 18:47:49.809000+00:00,13.650001,78.847504,1076.225586
2026-07-16 18:47:51.777000+00:00,13.650001,78.849411,1076.259766
2026-07-16 18:47:55.814000+00:00,13.650195,78.859329,1076.293945
2026-07-16 18:47:57.816000+00:00,13.650001,78.857422,1076.436768
2026-07-16 18:47:59.816000+00:00,13.650195,78.852081,1076.409912
2026-07-16 18:48:01.812000+00:00,13.650001,78.879929,1076.341553
2026-07-16 18:48:03.788000+00:00,13.650195,78.853226,1076.712646
2026-07-16 18:48:05.821000+00:00,13.650195,78.859711,1076.362305
2026-07-16 18:48:07.821000+00:00,13.650195,78.84903,1076.447754
2026-07-16 18:48:09.826000+00:00,13.650195,78.847885,1076.313477
2026-07-16 18:48:11.826000+00:00,13.650195,78.843307,1076.293945
2026-07-16 18:48:13.803000+00:00,13.650391,78.846359,1076.231689
2026-07-16 18:48:15.830000+00:00,13.650391,78.847122,1076.281738
2026-07-16 18:48:17.794000+00:00,13.650391,78.850555,1076.296387
2026-07-16 18:48:19.802000+00:00,13.650391,78.848648,1076.343994
2026-07-16 18:48:21.808000+00:00,13.650391,78.853607,1076.31958
2026-07-16 18:48:23.805000+00:00,13.650586,78.852463,1076.386719
2026-07-16 18:48:25.851000+00:00,13.650586,78.849411,1076.378174
2026-07-16 18:48:27.847000+00:00,13.650586,78.855896,1076.343994
2026-07-16 18:48:29.847000+00:00,13.650586,78.848267,1076.427002
2026-07-16 18:48:31.853000+00:00,13.650782,78.837967,1076.330566
2026-07-16 18:48:33.806000+00:00,13.650195,78.847122,1076.19751
2026-07-16 18:48:35.848000+00:00,13.650391,78.845215,1076.282959
2026-07-16 18:48:37.854000+00:00,13.650391,78.830338,1076.26709
2026-07-16 18:48:39.857000+00:00,13.650586,78.854752,1076.064453
2026-07-16 18:48:41.860000+00:00,13.650391,78.846741,1076.408691
2026-07-16 18:48:43.816000+00:00,13.650391,78.85437,1076.291504
2026-07-16 18:48:45.870000+00:00,13.650391,78.845978,1076.394043
2026-07-16 18:48:47.861000+00:00,13.650586,78.855896,1076.2854
2026-07-16 18:48:49.861000+00:00,13.650586,78.8517,1076.425781
2026-07-16 18:48:51.829000+00:00,13.650586,78.850555,1076.364746
2026-07-16 18:48:53.842000+00:00,13.650586,78.847504,1076.351318
2026-07-16 18:48:55.855000+00:00,13.650586,78.852463,1076.314697
2026-07-16 18:48:57.861000+00:00,13.650586,78.840637,1076.386719
2026-07-16 18:48:59.867000+00:00,13.650782,78.863525,1076.2146
2026-07-16 18:49:01.867000+00:00,13.650782,78.84903,1076.546631
2026-07-16 18:49:03.852000+00:00,13.650782,78.845596,1076.345215
2026-07-16 18:49:05.863000+00:00,13.650782,78.842926,1076.304932
2026-07-16 18:49:07.870000+00:00,13.650782,78.844452,1076.271973
2026-07-16 18:49:09.868000+00:00,13.650977,78.855515,1076.296387
2026-07-16 18:49:11.872000+00:00,13.650977,78.827286,1076.456299
2026-07-16 18:49:13.856000+00:00,13.650977,78.864288,1076.063232
2026-07-16 18:49:15.873000+00:00,13.650977,78.837967,1076.578369
2026-07-16 18:49:17.868000+00:00,13.650977,78.852081,1076.212158
2026-07-16 18:49:19.863000+00:00,13.651172,78.876114,1076.407471
2026-07-16 18:49:21.869000+00:00,13.650977,78.852463,1076.744385
2026-07-16 18:49:23.877000+00:00,13.650977,78.850174,1076.416016
2026-07-16 18:49:25.904000+00:00,13.651172,78.853989,1076.38916
2026-07-16 18:49:27.905000+00:00,13.651172,78.8517,1076.450195
2026-07-16 18:49:29.906000+00:00,13.651172,78.869629,1076.422119
2026-07-16 18:49:31.905000+00:00,13.651172,78.850174,1076.662598
2026-07-16 18:49:33.878000+00:00,13.651367,78.851318,1076.401367
2026-07-16 18:49:35.910000+00:00,13.651367,78.852463,1076.424561
2026-07-16 18:49:37.914000+00:00,13.651367,78.845596,1076.44043
2026-07-16 18:49:39.916000+00:00,13.651367,78.850937,1076.35376
2026-07-16 18:49:41.908000+00:00,13.651367,78.847122,1076.418457
2026-07-16 18:49:43.883000+00:00,13.651367,78.846359,1076.37207
2026-07-16 18:49:45.915000+00:00,13.651367,78.850555,1076.367188
2026-07-16 18:49:47.915000+00:00,13.651563,78.849411,1076.424561
2026-07-16 18:49:49.918000+00:00,13.651563,78.85437,1076.411133
2026-07-16 18:49:51.886000+00:00,13.651563,78.857422,1076.485596
2026-07-16 18:49:53.891000+00:00,13.651758,78.856659,1076.531982
2026-07-16 18:49:55.917000+00:00,13.651758,78.837967,1076.523438
2026-07-16 18:49:57.926000+00:00,13.651758,78.863525,1076.278076
2026-07-16 18:49:59.926000+00:00,13.651758,78.850174,1076.625977
2026-07-16 18:50:01.926000+00:00,13.651758,78.85704,1076.444092
2026-07-16 18:50:03.894000+00:00,13.651758,78.858185,1076.530762
2026-07-16 18:50:05.932000+00:00,13.651954,78.864288,1076.558838
2026-07-16 18:50:07.928000+00:00,13.651758,78.852463,1076.650391
2026-07-16 18:50:09.934000+00:00,13.651954,78.852081,1076.479492
2026-07-16 18:50:11.941000+00:00,13.651954,78.853226,1076.485596
2026-07-16 18:50:13.936000+00:00,13.652148,78.860855,1076.497803
2026-07-16 18:50:15.948000+00:00,13.651954,78.889847,1076.611328
2026-07-16 18:50:17.936000+00:00,13.652148,78.852844,1077.006836
2026-07-16 18:50:19.933000+00:00,13.652148,78.843689,1076.51001
2026-07-16 18:50:21.937000+00:00,13.652148,78.848648,1076.38916
2026-07-16 18:50:23.934000+00:00,13.652148,78.847885,1076.462402
2026-07-16 18:50:25.972000+00:00,13.652344,78.8517,1076.444092
2026-07-16 18:50:27.967000+00:00,13.652344,78.853226,1076.506348
2026-07-16 18:50:29.975000+00:00,13.652344,78.856277,1076.529541
2026-07-16 18:50:31.976000+00:00,13.652344,78.843689,1076.563721
2026-07-16 18:50:33.947000+00:00,13.652539,78.8414,1076.401367
2026-07-16 18:50:35.982000+00:00,13.652539,78.842545,1076.379395
2026-07-16 18:50:37.978000+00:00,13.652539,78.845596,1076.394043
2026-07-16 18:50:39.978000+00:00,13.652539,78.853226,1076.442871
2026-07-16 18:50:41.981000+00:00,13.652539,78.832626,1076.54541
2026-07-16 18:50:43.962000+00:00,13.652539,78.854752,1076.268311
2026-07-16 18:50:45.979000+00:00,13.652539,78.856277,1076.567383
2026-07-16 18:50:47.984000+00:00,13.652539,78.853226,1076.594238
2026-07-16 18:50:49.988000+00:00,13.652735,78.86467,1076.553955
2026-07-16 18:50:51.973000+00:00,13.652735,78.844833,1076.713867
2026-07-16 18:50:53.974000+00:00,13.652735,78.836441,1076.447754
2026-07-16 18:50:55.994000+00:00,13.652735,78.834915,1076.334229
2026-07-16 18:50:57.994000+00:00,13.652735,78.858185,1076.315918
2026-07-16 18:50:59.996000+00:00,13.652735,78.840637,1076.638184
2026-07-16 18:51:01.998000+00:00,13.65293,78.848267,1076.392822
2026-07-16 18:51:03.974000+00:00,13.65293,78.852844,1076.508789
2026-07-16 18:51:06.001000+00:00,13.65293,78.859711,1076.574707
2026-07-16 18:51:07.998000+00:00,13.65293,78.849411,1076.672363
2026-07-16 18:51:10.005000+00:00,13.653125,78.853226,1076.529541
2026-07-16 18:51:13.994000+00:00,13.653125,78.851318,1076.590576
2026-07-16 18:51:16.014000+00:00,13.653125,78.847504,1076.564941
2026-07-16 18:51:18+00:00,13.65332,78.84407,1076.513672
2026-07-16 18:51:20.003000+00:00,13.65332,78.849411,1076.473389
2026-07-16 18:51:22.013000+00:00,13.653125,78.842926,1076.549072
2026-07-16 18:51:24.006000+00:00,13.65332,78.860474,1076.461182
2026-07-16 18:51:26.039000+00:00,13.65332,78.834152,1076.706543
2026-07-16 18:51:28.043000+00:00,13.65332,78.836441,1076.351318
2026-07-16 18:51:30.041000+00:00,13.65332,78.873825,1076.376953
2026-07-16 18:51:32.049000+00:00,13.653516,78.83873,1076.89209
2026-07-16 18:51:34.014000+00:00,13.65332,78.841782,1076.419678
2026-07-16 18:51:36.052000+00:00,13.653516,78.836441,1076.452637
2026-07-16 18:51:38.058000+00:00,13.653516,78.843307,1076.38916
2026-07-16 18:51:40.054000+00:00,13.653516,78.837204,1076.480713
2026-07-16 18:51:42.058000+00:00,13.653516,78.857422,1076.405029
2026-07-16 18:51:44.027000+00:00,13.653711,78.84407,1076.685791
2026-07-16 18:51:46.059000+00:00,13.653516,78.836823,1076.503906
2026-07-16 18:51:48.059000+00:00,13.653711,78.852463,1076.405029
2026-07-16 18:51:50.058000+00:00,13.653711,78.850174,1076.627197
2026-07-16 18:51:52.026000+00:00,13.653711,78.845978,1076.59668
2026-07-16 18:51:54.027000+00:00,13.653711,78.824997,1076.538086
2026-07-16 18:51:56.051000+00:00,13.653907,78.860092,1076.253662
2026-07-16 18:51:58.063000+00:00,13.653907,78.841019,1076.749268
2026-07-16 18:52:00.071000+00:00,13.653907,78.87001,1076.480713
2026-07-16 18:52:02.069000+00:00,13.653907,78.84903,1076.879883
2026-07-16 18:52:04.044000+00:00,13.654101,78.847504,1076.594238
2026-07-16 18:52:06.083000+00:00,13.653907,78.8414,1076.588135
2026-07-16 18:52:08.078000+00:00,13.654101,78.844833,1076.496582
2026-07-16 18:52:10.082000+00:00,13.654101,78.836823,1076.547852
2026-07-16 18:52:12.083000+00:00,13.654101,78.85704,1076.434326
2026-07-16 18:52:14.067000+00:00,13.653907,78.840256,1076.71875
2026-07-16 18:52:16.081000+00:00,13.654101,78.853989,1076.483154
2026-07-16 18:52:18.061000+00:00,13.654101,78.849792,1076.674805
2026-07-16 18:52:20.068000+00:00,13.654297,78.844452,1076.622314
2026-07-16 18:52:22.070000+00:00,13.654297,78.860474,1076.561279
2026-07-16 18:52:24.077000+00:00,13.654297,78.858185,1076.781006
2026-07-16 18:52:26.105000+00:00,13.654297,78.863144,1076.748047
2026-07-16 18:52:28.107000+00:00,13.654297,78.842545,1076.824951
2026-07-16 18:52:30.109000+00:00,13.654492,78.84903,1076.544189
2026-07-16 18:52:32.118000+00:00,13.654492,78.850937,1076.643066
2026-07-16 18:52:34.079000+00:00,13.654492,78.844452,1076.669922
2026-07-16 18:52:36.121000+00:00,13.654492,78.845215,1076.57959
2026-07-16 18:52:38.122000+00:00,13.654688,78.83606,1076.593018
2026-07-16 18:52:40.127000+00:00,13.654492,78.840637,1076.47583
2026-07-16 18:52:42.133000+00:00,13.654688,78.8517,1076.535645
2026-07-16 18:52:44.099000+00:00,13.654688,78.846741,1076.690674
2026-07-16 18:52:46.127000+00:00,13.654688,78.849411,1076.630859
2026-07-16 18:52:48.133000+00:00,13.654883,78.847885,1076.665039
2026-07-16 18:52:50.139000+00:00,13.654883,78.858948,1076.657715
2026-07-16 18:52:52.113000+00:00,13.654883,78.855896,1076.799316
2026-07-16 18:52:54.109000+00:00,13.654883,78.840256,1076.766357
2026-07-16 18:52:56.140000+00:00,13.654883,78.847504,1076.556396
2026-07-16 18:52:58.143000+00:00,13.654883,78.844452,1076.652832
2026-07-16 18:53:00.143000+00:00,13.655078,78.839874,1076.61377
2026-07-16 18:53:02.136000+00:00,13.655078,78.856277,1076.561279
2026-07-16 18:53:04.121000+00:00,13.655078,78.850174,1076.785889
2026-07-16 18:53:06.142000+00:00,13.655078,78.858185,1076.711426
2026-07-16 18:53:08.144000+00:00,13.655273,78.850555,1076.821289
2026-07-16 18:53:10.146000+00:00,13.655273,78.839493,1076.71875
2026-07-16 18:53:12.160000+00:00,13.655273,78.863144,1076.68335
2026-07-16 18:53:14.121000+00:00,13.655273,78.840637,1076.894531
2026-07-16 18:53:16.141000+00:00,13.655273,78.873062,1076.5979
2026-07-16 18:53:18.122000+00:00,13.655469,78.856277,1077.034912
2026-07-16 18:53:20.125000+00:00,13.655469,78.861237,1076.820068
2026-07-16 18:53:22.125000+00:00,13.655469,78.852081,1076.878662
2026-07-16 18:53:24.129000+00:00,13.655469,78.845215,1076.761475
2026-07-16 18:53:26.164000+00:00,13.655469,78.857803,1076.677246
2026-07-16 18:53:28.165000+00:00,13.655664,78.851318,1076.846924
2026-07-16 18:53:30.165000+00:00,13.655664,78.85704,1076.762695
2026-07-16 18:53:32.165000+00:00,13.655664,78.88031,1076.84082
2026-07-16 18:53:34.135000+00:00,13.65586,78.868103,1077.160645
2026-07-16 18:53:36.172000+00:00,13.655664,78.853607,1077.008057
2026-07-16 18:53:38.168000+00:00,13.65586,78.852463,1076.804199
2026-07-16 18:53:40.169000+00:00,13.65586,78.843689,1076.789551
2026-07-16 18:53:42.172000+00:00,13.65586,78.82843,1076.678467
2026-07-16 18:53:44.140000+00:00,13.65586,78.878784,1076.472168
2026-07-16 18:53:46.173000+00:00,13.65586,78.834915,1077.160645
2026-07-16 18:53:48.176000+00:00,13.656054,78.847122,1076.566162
2026-07-16 18:53:50.177000+00:00,13.656054,78.829956,1076.741943
2026-07-16 18:53:52.148000+00:00,13.656054,78.847122,1076.502686
2026-07-16 18:53:54.147000+00:00,13.656054,78.845978,1076.744385
2026-07-16 18:53:56.181000+00:00,13.656054,78.86734,1076.724854
2026-07-16 18:53:58.177000+00:00,13.65625,78.863144,1077.023926
2026-07-16 18:54:00.187000+00:00,13.65625,78.842926,1076.973877
2026-07-16 18:54:02.187000+00:00,13.65625,78.852081,1076.691895
2026-07-16 18:54:04.170000+00:00,13.65625,78.857422,1076.82251
2026-07-16 18:54:06.203000+00:00,13.656446,78.839493,1076.898193
2026-07-16 18:54:08.194000+00:00,13.65625,78.856277,1076.661377
2026-07-16 18:54:10.198000+00:00,13.656446,78.86467,1076.883545
2026-07-16 18:54:12.200000+00:00,13.656446,78.847122,1077.005615
2026-07-16 18:54:14.167000+00:00,13.656641,78.85437,1076.767578
2026-07-16 18:54:16.202000+00:00,13.656446,78.851318,1076.877441
2026-07-16 18:54:18.181000+00:00,13.656446,78.853607,1076.832275
2026-07-16 18:54:20.189000+00:00,13.656641,78.845978,1076.861572
2026-07-16 18:54:24.181000+00:00,13.656641,78.843307,1076.77124
2026-07-16 18:54:26.218000+00:00,13.656837,78.846359,1076.738281
2026-07-16 18:54:28.222000+00:00,13.656837,78.84407,1076.787109
2026-07-16 18:54:30.224000+00:00,13.656837,78.824615,1076.756592
2026-07-16 18:54:32.224000+00:00,13.656837,78.839111,1076.494141
2026-07-16 18:54:34.188000+00:00,13.657031,78.8517,1076.693115
2026-07-16 18:54:36.217000+00:00,13.656837,78.844452,1076.871338
2026-07-16 18:54:38.228000+00:00,13.656837,78.870392,1076.772461
2026-07-16 18:54:40.235000+00:00,13.657031,78.865433,1077.124023
2026-07-16 18:54:42.235000+00:00,13.657227,78.860474,1077.069092
2026-07-16 18:54:44.206000+00:00,13.657031,78.876495,1077.009277
2026-07-16 18:54:46.241000+00:00,13.657227,78.83606,1077.22168
2026-07-16 18:54:48.235000+00:00,13.657227,78.866577,1076.676025
2026-07-16 18:54:50.240000+00:00,13.657227,78.846359,1077.093506
2026-07-16 18:54:52.212000+00:00,13.657227,78.850555,1076.82251
2026-07-16 18:54:54.216000+00:00,13.657227,78.837967,1076.883545
2026-07-16 18:54:56.250000+00:00,13.657422,78.843307,1076.716309
2026-07-16 18:54:58.254000+00:00,13.657422,78.837967,1076.796875
2026-07-16 18:55:00.259000+00:00,13.657422,78.839111,1076.717529
2026-07-16 18:55:02.262000+00:00,13.657422,78.8517,1076.738281
2026-07-16 18:55:04.238000+00:00,13.657422,78.830719,1076.915283
2026-07-16 18:55:06.256000+00:00,13.657422,78.84903,1076.627197
2026-07-16 18:55:08.266000+00:00,13.657618,78.849792,1076.879883
2026-07-16 18:55:10.268000+00:00,13.657618,78.842163,1076.896973
2026-07-16 18:55:12.271000+00:00,13.657618,78.846741,1076.800537
2026-07-16 18:55:14.252000+00:00,13.657618,78.83873,1076.85791
2026-07-16 18:55:16.284000+00:00,13.657813,78.849411,1076.744385
2026-07-16 18:55:18.254000+00:00,13.657813,78.844833,1076.904297
2026-07-16 18:55:20.253000+00:00,13.657813,78.848267,1076.851807
2026-07-16 18:55:22.264000+00:00,13.657813,78.857422,1076.898193
2026-07-16 18:55:24.265000+00:00,13.657813,78.848648,1077.017822
2026-07-16 18:55:26.293000+00:00,13.658008,78.852463,1076.907959
2026-07-16 18:55:28.297000+00:00,13.658008,78.8517,1076.966553
2026-07-16 18:55:30.301000+00:00,13.658008,78.843307,1076.966553
2026-07-16 18:55:32.305000+00:00,13.658008,78.84903,1076.845703
2026-07-16 18:55:34.269000+00:00,13.658203,78.859711,1076.921387
2026-07-16 18:55:38.309000+00:00,13.658203,78.8414,1077.072754
2026-07-16 18:55:40.307000+00:00,13.658203,78.868103,1076.832275
2026-07-16 18:55:42.315000+00:00,13.658399,78.848267,1077.194824
2026-07-16 18:55:44.284000+00:00,13.658399,78.826904,1076.936035
2026-07-16 18:55:46.320000+00:00,13.658399,78.860092,1076.64917
2026-07-16 18:55:48.322000+00:00,13.658399,78.842545,1077.097168
2026-07-16 18:55:50.323000+00:00,13.658399,78.862,1076.865234
2026-07-16 18:55:52.292000+00:00,13.658594,78.8517,1077.133789
2026-07-16 18:55:54.291000+00:00,13.658594,78.861618,1076.999512
2026-07-16 18:55:56.325000+00:00,13.65879,78.85437,1077.131348
2026-07-16 18:55:58.328000+00:00,13.65879,78.862381,1077.049561
2026-07-16 18:56:00.331000+00:00,13.65879,78.845978,1077.15332
2026-07-16 18:56:02.330000+00:00,13.658594,78.855133,1076.936035
2026-07-16 18:56:04.299000+00:00,13.65879,78.8517,1077.059326
2026-07-16 18:56:06.334000+00:00,13.658984,78.853989,1077.011719
2026-07-16 18:56:08.335000+00:00,13.65879,78.851318,1077.061768
2026-07-16 18:56:10.336000+00:00,13.658984,78.826141,1077.016602
2026-07-16 18:56:12.337000+00:00,13.658984,78.848648,1076.680908
2026-07-16 18:56:14.302000+00:00,13.658984,78.872299,1076.99707
2026-07-16 18:56:16.338000+00:00,13.658984,78.853226,1077.316895
2026-07-16 18:56:18.306000+00:00,13.658984,78.854752,1077.061768
2026-07-16 18:56:20.307000+00:00,13.65918,78.862762,1077.078857
2026-07-16 18:56:22.316000+00:00,13.65918,78.850937,1077.203369
2026-07-16 18:56:24.314000+00:00,13.65918,78.849792,1077.043457
2026-07-16 18:56:26.343000+00:00,13.65918,78.842545,1077.023926
2026-07-16 18:56:28.350000+00:00,13.659375,78.863907,1076.92627
2026-07-16 18:56:30.357000+00:00,13.659375,78.857422,1077.227783
2026-07-16 18:56:32.360000+00:00,13.659571,78.857803,1077.141113
2026-07-16 18:56:34.333000+00:00,13.659375,78.845978,1077.158203
2026-07-16 18:56:36.360000+00:00,13.659571,78.854752,1076.989746
2026-07-16 18:56:38.364000+00:00,13.659571,78.845215,1077.11792
2026-07-16 18:56:40.372000+00:00,13.659571,78.853607,1076.988525
2026-07-16 18:56:42.370000+00:00,13.659571,78.876877,1077.102051
2026-07-16 18:56:44.336000+00:00,13.659766,78.849792,1077.424316
2026-07-16 18:56:46.372000+00:00,13.659766,78.853989,1077.064209
2026-07-16 18:56:48.376000+00:00,13.659961,78.837585,1077.126465
2026-07-16 18:56:50.381000+00:00,13.659766,78.870773,1076.9104
2026-07-16 18:56:52.350000+00:00,13.659961,78.850555,1077.364502
2026-07-16 18:56:54.350000+00:00,13.659961,78.859711,1077.084961
2026-07-16 18:56:56.380000+00:00,13.659961,78.837585,1077.225342
2026-07-16 18:56:58.384000+00:00,13.659961,78.848648,1076.914062
2026-07-16 18:57:00.384000+00:00,13.659961,78.839874,1077.072754
2026-07-16 18:57:02.384000+00:00,13.660156,78.842926,1076.955566
2026-07-16 18:57:04.352000+00:00,13.660156,78.834915,1076.99707
2026-07-16 18:57:06.384000+00:00,13.660156,78.845215,1076.894531
2026-07-16 18:57:08.384000+00:00,13.660352,78.873062,1077.042236
2026-07-16 18:57:10.378000+00:00,13.660352,78.866577,1077.425537
2026-07-16 18:57:12.385000+00:00,13.660352,78.848267,1077.338867
2026-07-16 18:57:14.356000+00:00,13.660352,78.858185,1077.094727
2026-07-16 18:57:16.391000+00:00,13.660547,78.852463,1077.232666
2026-07-16 18:57:18.361000+00:00,13.660352,78.847885,1077.160645
2026-07-16 18:57:20.357000+00:00,13.660547,78.858566,1077.091064
2026-07-16 18:57:22.370000+00:00,13.660547,78.842163,1077.252197
2026-07-16 18:57:24.372000+00:00,13.660547,78.844452,1077.023926
2026-07-16 18:57:26.401000+00:00,13.660547,78.840256,1077.064209
2026-07-16 18:57:28.398000+00:00,13.660743,78.850937,1077.004395
2026-07-16 18:57:30.405000+00:00,13.660743,78.851318,1077.158203
2026-07-16 18:57:32.406000+00:00,13.660743,78.847122,1077.163086
2026-07-16 18:57:34.374000+00:00,13.660937,78.848648,1077.108154
2026-07-16 18:57:38.398000+00:00,13.660937,78.852844,1077.142334
2026-07-16 18:57:40.405000+00:00,13.660937,78.847504,1077.205811
2026-07-16 18:57:42.407000+00:00,13.660937,78.860092,1077.132568
2026-07-16 18:57:44.395000+00:00,13.661133,78.84407,1077.307129
2026-07-16 18:57:46.408000+00:00,13.661133,78.843689,1077.089844
2026-07-16 18:57:48.416000+00:00,13.661133,78.843307,1077.088623
2026-07-16 18:57:50.409000+00:00,13.661133,78.852081,1077.086182
2026-07-16 18:57:54.411000+00:00,13.661328,78.85704,1077.224121
2026-07-16 18:57:56.426000+00:00,13.661328,78.867722,1077.29126
2026-07-16 18:57:58.430000+00:00,13.661328,78.849411,1077.445068
2026-07-16 18:58:00.430000+00:00,13.661328,78.85437,1077.192383
2026-07-16 18:58:02.433000+00:00,13.661524,78.857803,1077.259521
2026-07-16 18:58:04.423000+00:00,13.661524,78.852081,1077.318115
2026-07-16 18:58:06.436000+00:00,13.661524,78.852463,1077.23877
2026-07-16 18:58:08.444000+00:00,13.661524,78.859711,1077.246094
2026-07-16 18:58:10.444000+00:00,13.661719,78.861618,1077.346191
2026-07-16 18:58:12.448000+00:00,13.661719,78.850555,1077.37793
2026-07-16 18:58:14.435000+00:00,13.661914,78.85437,1077.236328
2026-07-16 18:58:16.453000+00:00,13.661719,78.851318,1077.293701
2026-07-16 18:58:18.441000+00:00,13.661914,78.849792,1077.249756
2026-07-16 18:58:20.447000+00:00,13.662109,78.87001,1077.231445
2026-07-16 18:58:22.455000+00:00,13.661914,78.846741,1077.528076
2026-07-16 18:58:24.453000+00:00,13.661914,78.855133,1077.202148
2026-07-16 18:58:26.486000+00:00,13.662109,78.847504,1077.314453
2026-07-16 18:58:28.486000+00:00,13.662109,78.842926,1077.219238
2026-07-16 18:58:30.486000+00:00,13.662109,78.868866,1077.167969
2026-07-16 18:58:32.491000+00:00,13.662305,78.849792,1077.518311
2026-07-16 18:58:34.445000+00:00,13.662305,78.848648,1077.260742
2026-07-16 18:58:36.497000+00:00,13.662305,78.857422,1077.258301
2026-07-16 18:58:38.495000+00:00,13.662305,78.839493,1077.371826
2026-07-16 18:58:40.495000+00:00,13.662305,78.84903,1077.132568
2026-07-16 18:58:42.497000+00:00,13.6625,78.854752,1077.264404
2026-07-16 18:58:44.451000+00:00,13.6625,78.856277,1077.34375
2026-07-16 18:58:46.498000+00:00,13.6625,78.858185,1077.371826
2026-07-16 18:58:48.498000+00:00,13.662696,78.855896,1077.402344
2026-07-16 18:58:50.500000+00:00,13.662696,78.840256,1077.37915
2026-07-16 18:58:52.453000+00:00,13.662696,78.850555,1077.163086
2026-07-16 18:58:54.448000+00:00,13.662696,78.846359,1077.307129
2026-07-16 18:58:56.500000+00:00,13.662696,78.848267,1077.259521
2026-07-16 18:59:00.512000+00:00,13.66289,78.849792,1077.29126
2026-07-16 18:59:02.503000+00:00,13.66289,78.844833,1077.30957
2026-07-16 18:59:04.460000+00:00,13.663086,78.84903,1077.244873
2026-07-16 18:59:06.515000+00:00,13.663086,78.848648,1077.313232
2026-07-16 18:59:08.503000+00:00,13.663086,78.846741,1077.316895
2026-07-16 18:59:10.508000+00:00,13.663086,78.840256,1077.29126
2026-07-16 18:59:12.511000+00:00,13.663281,78.84407,1077.203369
2026-07-16 18:59:14.480000+00:00,13.663086,78.850174,1077.264404
2026-07-16 18:59:16.507000+00:00,13.663086,78.85704,1077.341309
2026-07-16 18:59:18.485000+00:00,13.663477,78.833389,1077.435303
2026-07-16 18:59:20.488000+00:00,13.663477,78.842545,1077.125244
2026-07-16 18:59:22.495000+00:00,13.663281,78.83606,1077.253418
2026-07-16 18:59:24.493000+00:00,13.663477,78.868866,1077.163086
2026-07-16 18:59:26.525000+00:00,13.663477,78.826904,1077.624512
2026-07-16 18:59:28.526000+00:00,13.663672,78.8414,1077.047119
2026-07-16 18:59:30.526000+00:00,13.663672,78.842545,1077.254639
2026-07-16 18:59:32.526000+00:00,13.663672,78.839874,1077.276611
2026-07-16 18:59:34.496000+00:00,13.663867,78.858948,1077.237549
2026-07-16 18:59:36.531000+00:00,13.663672,78.8414,1077.509766
2026-07-16 18:59:38.533000+00:00,13.663672,78.862381,1077.265625
2026-07-16 18:59:40.531000+00:00,13.663867,78.837204,1077.554932
2026-07-16 18:59:42.547000+00:00,13.663867,78.840256,1077.213135
2026-07-16 18:59:44.517000+00:00,13.663867,78.842926,1077.265625
2026-07-16 18:59:46.538000+00:00,13.664062,78.843307,1077.301025
2026-07-16 18:59:48.537000+00:00,13.664062,78.848648,1077.312012
2026-07-16 18:59:50.545000+00:00,13.664258,78.848267,1077.388916
2026-07-16 18:59:52.523000+00:00,13.664258,78.8414,1077.401123
2026-07-16 18:59:54.529000+00:00,13.664258,78.843307,1077.298584
2026-07-16 18:59:56.547000+00:00,13.664258,78.842926,1077.329102
2026-07-16 18:59:58.551000+00:00,13.664258,78.843689,1077.329102
2026-07-16 19:00:00.560000+00:00,13.664454,78.865433,1077.348633
2026-07-16 19:00:02.555000+00:00,13.664454,78.853607,1077.646484
2026-07-16 19:00:04.543000+00:00,13.664649,78.84407,1077.487793
2026-07-16 19:00:06.562000+00:00,13.664649,78.819275,1077.369385
2026-07-16 19:00:08.571000+00:00,13.664649,78.868866,1077.03125
2026-07-16 19:00:10.567000+00:00,13.664649,78.830338,1077.714844
2026-07-16 19:00:12.571000+00:00,13.664844,78.852844,1077.186279
2026-07-16 19:00:14.557000+00:00,13.664844,78.876114,1077.507324
2026-07-16 19:00:16.573000+00:00,13.664844,78.871536,1077.825928
2026-07-16 19:00:18.557000+00:00,13.664844,78.840637,1077.767334
2026-07-16 19:00:20.558000+00:00,13.664844,78.846359,1077.346191
2026-07-16 19:00:22.564000+00:00,13.665039,78.85437,1077.426758
2026-07-16 19:00:24.559000+00:00,13.665039,78.84903,1077.541504
2026-07-16 19:00:26.596000+00:00,13.665039,78.844452,1077.475586
2026-07-16 19:00:28.598000+00:00,13.665039,78.847885,1077.41333
2026-07-16 19:00:30.595000+00:00,13.665039,78.856659,1077.460938
2026-07-16 19:00:32.604000+00:00,13.665235,78.847122,1077.587891
2026-07-16 19:00:34.575000+00:00,13.665235,78.850174,1077.459717
2026-07-16 19:00:36.609000+00:00,13.66543,78.839874,1077.506104
2026-07-16 19:00:38.609000+00:00,13.66543,78.842926,1077.381592
2026-07-16 19:00:40.603000+00:00,13.66543,78.839874,1077.414551
2026-07-16 19:00:42.609000+00:00,13.665626,78.847504,1077.37793
2026-07-16 19:00:44.582000+00:00,13.665626,78.850555,1077.498779
2026-07-16 19:00:46.613000+00:00,13.665626,78.858185,1077.537842
2026-07-16 19:00:48.612000+00:00,13.665626,78.848648,1077.648926
2026-07-16 19:00:50.621000+00:00,13.66582,78.847885,1077.5354
2026-07-16 19:00:52.589000+00:00,13.66582,78.845978,1077.51709
2026-07-16 19:00:54.593000+00:00,13.66582,78.843307,1077.495117
2026-07-16 19:00:56.629000+00:00,13.666016,78.855133,1077.457275
2026-07-16 19:00:58.634000+00:00,13.666016,78.847885,1077.625732
2026-07-16 19:01:00.635000+00:00,13.666016,78.845978,1077.531738
2026-07-16 19:01:02.637000+00:00,13.666016,78.847885,1077.509766
2026-07-16 19:01:04.640000+00:00,13.666211,78.839874,1077.537842
2026-07-16 19:01:06.639000+00:00,13.666211,78.852844,1077.434082
2026-07-16 19:01:08.640000+00:00,13.666211,78.841782,1077.614746
2026-07-16 19:01:10.649000+00:00,13.666211,78.855515,1077.4646
2026-07-16 19:01:12.646000+00:00,13.666407,78.8414,1077.655029
2026-07-16 19:01:14.649000+00:00,13.666407,78.839874,1077.473145
2026-07-16 19:01:16.663000+00:00,13.666407,78.858566,1077.454834
2026-07-16 19:01:18.658000+00:00,13.666602,78.83873,1077.714844
2026-07-16 19:01:20.668000+00:00,13.666602,78.853989,1077.44751
2026-07-16 19:01:22.670000+00:00,13.666602,78.851318,1077.668457
2026-07-16 19:01:24.671000+00:00,13.666797,78.840256,1077.624512
2026-07-16 19:01:26.679000+00:00,13.666797,78.833008,1077.492676
2026-07-16 19:01:28.688000+00:00,13.666797,78.833771,1077.387695
2026-07-16 19:01:30.690000+00:00,13.666797,78.833008,1077.404785
2026-07-16 19:01:32.683000+00:00,13.666797,78.837967,1077.390137
2026-07-16 19:01:34.673000+00:00,13.666992,78.835297,1077.468262
2026-07-16 19:01:36.692000+00:00,13.666992,78.852463,1077.443848
2026-07-16 19:01:38.697000+00:00,13.666992,78.8414,1077.664795
2026-07-16 19:01:40.706000+00:00,13.667188,78.840256,1077.528076
2026-07-16 19:01:42.707000+00:00,13.667188,78.873444,1077.519531
2026-07-16 19:01:44.696000+00:00,13.667188,78.84407,1077.973633
2026-07-16 19:01:46.716000+00:00,13.667188,78.844833,1077.574463
2026-07-16 19:01:48.721000+00:00,13.667383,78.84407,1077.592773
2026-07-16 19:01:50.727000+00:00,13.667383,78.842545,1077.58667
2026-07-16 19:01:52.710000+00:00,13.667383,78.842163,1077.56958
2026-07-16 19:01:54.711000+00:00,13.667383,78.839874,1077.56958
2026-07-16 19:01:56.730000+00:00,13.667579,78.838348,1077.536621
2026-07-16 19:01:58.731000+00:00,13.667579,78.843307,1077.532959
2026-07-16 19:02:00.731000+00:00,13.667579,78.849792,1077.595215
2026-07-16 19:02:02.733000+00:00,13.667579,78.843307,1077.689209
2026-07-16 19:02:04.716000+00:00,13.667773,78.838348,1077.602539
2026-07-16 19:02:06.732000+00:00,13.667969,78.842163,1077.543945
2026-07-16 19:02:08.733000+00:00,13.667969,78.837585,1077.60498
2026-07-16 19:02:10.736000+00:00,13.667969,78.826904,1077.540283
2026-07-16 19:02:12.743000+00:00,13.667969,78.841782,1077.403564
2026-07-16 19:02:14.721000+00:00,13.668164,78.862762,1077.611084
2026-07-16 19:02:16.738000+00:00,13.668164,78.827667,1077.905273
2026-07-16 19:02:18.724000+00:00,13.668164,78.8414,1077.43042
2026-07-16 19:02:20.728000+00:00,13.668164,78.842545,1077.617188
2026-07-16 19:02:22.727000+00:00,13.66836,78.847504,1077.63916
2026-07-16 19:02:24.727000+00:00,13.66836,78.842545,1077.70874
2026-07-16 19:02:26.782000+00:00,13.66836,78.838348,1077.646484
2026-07-16 19:02:28.784000+00:00,13.668555,78.871918,1077.596436
2026-07-16 19:02:30.787000+00:00,13.668555,78.842545,1078.061523
2026-07-16 19:02:32.792000+00:00,13.668555,78.834534,1077.662354
2026-07-16 19:02:34.747000+00:00,13.66875,78.847504,1077.554932
2026-07-16 19:02:36.792000+00:00,13.66875,78.840256,1077.740479
2026-07-16 19:02:38.798000+00:00,13.66875,78.831863,1077.642822
2026-07-16 19:02:40.805000+00:00,13.668945,78.828812,1077.5354
2026-07-16 19:02:42.805000+00:00,13.668945,78.846741,1077.496338
2026-07-16 19:02:44.761000+00:00,13.668945,78.838348,1077.752686
2026-07-16 19:02:46.809000+00:00,13.668945,78.846741,1077.641602
2026-07-16 19:02:48.813000+00:00,13.669141,78.831863,1077.752686
2026-07-16 19:02:50.805000+00:00,13.669141,78.845215,1077.564697
2026-07-16 19:02:52.780000+00:00,13.669141,78.836823,1077.745361
2026-07-16 19:02:54.780000+00:00,13.669141,78.839111,1077.636719
2026-07-16 19:02:56.814000+00:00,13.669336,78.842163,1077.669678
2026-07-16 19:02:58.819000+00:00,13.669532,78.833771,1077.724609
2026-07-16 19:03:00.831000+00:00,13.669336,78.852081,1077.612305
2026-07-16 19:03:02.818000+00:00,13.669532,78.861237,1077.857666
2026-07-16 19:03:04.819000+00:00,13.669532,78.866959,1077.989502
2026-07-16 19:03:06.826000+00:00,13.669532,78.858185,1078.076172
2026-07-16 19:03:08.834000+00:00,13.669726,78.836823,1077.955322
2026-07-16 19:03:10.838000+00:00,13.669726,78.828049,1077.670898
2026-07-16 19:03:12.842000+00:00,13.669726,78.852463,1077.564697
2026-07-16 19:03:14.832000+00:00,13.669922,78.831863,1077.896729
2026-07-16 19:03:16.852000+00:00,13.669922,78.834152,1077.619629
2026-07-16 19:03:18.832000+00:00,13.669922,78.812408,1077.65625
2026-07-16 19:03:20.839000+00:00,13.670117,78.839111,1077.362061
2026-07-16 19:03:22.850000+00:00,13.670117,78.831482,1077.733154
2026-07-16 19:03:24.840000+00:00,13.670117,78.8517,1077.631836
2026-07-16 19:03:26.871000+00:00,13.670313,78.837204,1077.911377
2026-07-16 19:03:28.880000+00:00,13.670313,78.827667,1077.724609
2026-07-16 19:03:30.877000+00:00,13.670313,78.834915,1077.595215
2026-07-16 19:03:32.879000+00:00,13.670313,78.8414,1077.698975
2026-07-16 19:03:34.849000+00:00,13.670508,78.840637,1077.789307
2026-07-16 19:03:36.880000+00:00,13.670508,78.842163,1077.792969
2026-07-16 19:03:38.881000+00:00,13.670703,78.842545,1077.806396
2026-07-16 19:03:40.881000+00:00,13.670703,78.837967,1077.827148
2026-07-16 19:03:42.881000+00:00,13.670703,78.847885,1077.768555
2026-07-16 19:03:44.852000+00:00,13.670898,78.865433,1077.911377
2026-07-16 19:03:46.877000+00:00,13.670898,78.842163,1078.1604
2026-07-16 19:03:48.882000+00:00,13.671094,78.846741,1077.844238
2026-07-16 19:03:50.884000+00:00,13.671094,78.856277,1077.913818
2026-07-16 19:03:52.848000+00:00,13.671094,78.848648,1078.048096
2026-07-16 19:03:54.860000+00:00,13.671094,78.843307,1077.941895
2026-07-16 19:03:56.894000+00:00,13.671289,78.850555,1077.874756
2026-07-16 19:03:58.890000+00:00,13.671289,78.840637,1077.98584
2026-07-16 19:04:00.893000+00:00,13.671289,78.84903,1077.854004
2026-07-16 19:04:02.893000+00:00,13.671485,78.840256,1077.976074
2026-07-16 19:04:04.860000+00:00,13.671485,78.840637,1077.858887
2026-07-16 19:04:06.897000+00:00,13.671485,78.841019,1077.872314
2026-07-16 19:04:08.892000+00:00,13.671679,78.836823,1077.878418
2026-07-16 19:04:10.893000+00:00,13.671679,78.864288,1077.828369
2026-07-16 19:04:12.891000+00:00,13.671679,78.844452,1078.206787
2026-07-16 19:04:14.860000+00:00,13.671875,78.845215,1077.941895
2026-07-16 19:04:16.896000+00:00,13.671875,78.853607,1077.955322
2026-07-16 19:04:18.860000+00:00,13.671875,78.850174,1078.068848
2026-07-16 19:04:20.861000+00:00,13.672071,78.847885,1078.031006
2026-07-16 19:04:22.866000+00:00,13.672266,78.838348,1078.010254
2026-07-16 19:04:24.862000+00:00,13.672071,78.845215,1077.893066
2026-07-16 19:04:26.905000+00:00,13.672266,78.847504,1077.980957
2026-07-16 19:04:28.900000+00:00,13.672266,78.832245,1078.017578
2026-07-16 19:04:30.900000+00:00,13.672462,78.845596,1077.811279
2026-07-16 19:04:32.907000+00:00,13.672266,78.857803,1078.009033
2026-07-16 19:04:34.875000+00:00,13.672462,78.852844,1078.165283
2026-07-16 19:04:36.908000+00:00,13.672462,78.863525,1078.114014
2026-07-16 19:04:38.923000+00:00,13.672462,78.849792,1078.261719
2026-07-16 19:04:40.910000+00:00,13.672656,78.845215,1078.07373
2026-07-16 19:04:42.910000+00:00,13.672656,78.866959,1078.018799
2026-07-16 19:04:44.910000+00:00,13.672852,78.843307,1078.321533
2026-07-16 19:04:46.921000+00:00,13.672852,78.844833,1078.00415
2026-07-16 19:04:48.927000+00:00,13.672852,78.847504,1078.031006
2026-07-16 19:04:50.934000+00:00,13.673047,78.842926,1078.059082
2026-07-16 19:04:54.924000+00:00,13.673047,78.860855,1078.018799
2026-07-16 19:04:56.945000+00:00,13.673243,78.847504,1078.267822
2026-07-16 19:04:58.950000+00:00,13.673243,78.835297,1078.098145
2026-07-16 19:05:00.959000+00:00,13.673438,78.878021,1077.93335
2026-07-16 19:05:02.959000+00:00,13.673438,78.867722,1078.526611
2026-07-16 19:05:04.945000+00:00,13.673438,78.837585,1078.391113
2026-07-16 19:05:06.952000+00:00,13.673438,78.843307,1077.980957
2026-07-16 19:05:08.958000+00:00,13.673633,78.829193,1078.065186
2026-07-16 19:05:10.953000+00:00,13.673633,78.836823,1077.88208
2026-07-16 19:05:12.958000+00:00,13.673633,78.860474,1077.979736
2026-07-16 19:05:14.936000+00:00,13.673828,78.836441,1078.310547
2026-07-16 19:05:16.958000+00:00,13.673828,78.849792,1077.994385
2026-07-16 19:05:18.941000+00:00,13.673828,78.878784,1078.17749
2026-07-16 19:05:20.947000+00:00,13.674024,78.848267,1078.585205
2026-07-16 19:05:22.942000+00:00,13.674024,78.873825,1078.172607
2026-07-16 19:05:24.940000+00:00,13.674219,78.838348,1078.52417
2026-07-16 19:05:26.979000+00:00,13.674219,78.842163,1078.048096
2026-07-16 19:05:28.981000+00:00,13.674415,78.852463,1078.104248
2026-07-16 19:05:30.987000+00:00,13.674219,78.84407,1078.255615
2026-07-16 19:05:32.988000+00:00,13.674219,78.835678,1078.137207
2026-07-16 19:05:34.955000+00:00,13.674609,78.850937,1078.023682
2026-07-16 19:05:36.989000+00:00,13.674609,78.845978,1078.250732
2026-07-16 19:05:38.989000+00:00,13.674609,78.849792,1078.182373
2026-07-16 19:05:40.993000+00:00,13.674805,78.866959,1078.240967
2026-07-16 19:05:42.987000+00:00,13.674805,78.849792,1078.485107
2026-07-16 19:05:44.964000+00:00,13.675,78.824997,1078.254395
2026-07-16 19:05:47.001000+00:00,13.675,78.859329,1077.926025
2026-07-16 19:05:49.001000+00:00,13.675,78.85704,1078.395996
2026-07-16 19:05:51.007000+00:00,13.675196,78.849792,1078.380127
2026-07-16 19:05:52.972000+00:00,13.675196,78.8517,1078.277588
2026-07-16 19:05:54.971000+00:00,13.675196,78.851318,1078.319092
2026-07-16 19:05:57.005000+00:00,13.675391,78.84407,1078.311768
2026-07-16 19:05:59.004000+00:00,13.675391,78.839493,1078.221436
2026-07-16 19:06:01.004000+00:00,13.675391,78.852081,1078.164062
2026-07-16 19:06:03.004000+00:00,13.675586,78.865051,1078.33252
2026-07-16 19:06:04.973000+00:00,13.675781,78.842926,1078.521729
2026-07-16 19:06:07.007000+00:00,13.675781,78.853226,1078.232422
2026-07-16 19:06:09.011000+00:00,13.675781,78.849792,1078.374023
2026-07-16 19:06:11.008000+00:00,13.675781,78.858185,1078.33252
2026-07-16 19:06:13.008000+00:00,13.675977,78.870392,1078.447266
2026-07-16 19:06:14.982000+00:00,13.675977,78.856659,1078.632812
2026-07-16 19:06:17.012000+00:00,13.676172,78.828049,1078.4375
2026-07-16 19:06:18.978000+00:00,13.676172,78.869629,1078.061523
2026-07-16 19:06:20.974000+00:00,13.676172,78.842545,1078.631592
2026-07-16 19:06:22.983000+00:00,13.676172,78.829193,1078.272705
2026-07-16 19:06:24.995000+00:00,13.676368,78.85437,1078.085938
2026-07-16 19:06:27.016000+00:00,13.676562,78.8414,1078.444824
2026-07-16 19:06:29.016000+00:00,13.676562,78.82843,1078.271484
2026-07-16 19:06:31.016000+00:00,13.676758,78.837967,1078.098145
2026-07-16 19:06:33.021000+00:00,13.676758,78.847885,1078.240967
2026-07-16 19:06:35.002000+00:00,13.676758,78.826523,1078.378906
2026-07-16 19:06:37.021000+00:00,13.676953,78.882217,1078.095703
2026-07-16 19:06:39.024000+00:00,13.676953,78.847885,1078.862305
2026-07-16 19:06:41.025000+00:00,13.676953,78.834534,1078.389893
2026-07-16 19:06:43.042000+00:00,13.677149,78.845978,1078.220215
2026-07-16 19:06:45.030000+00:00,13.677149,78.84903,1078.391113
2026-07-16 19:06:47.036000+00:00,13.677344,78.847504,1078.430176
2026-07-16 19:06:49.046000+00:00,13.677344,78.846359,1078.417969
2026-07-16 19:06:51.039000+00:00,13.677344,78.845596,1078.405762
2026-07-16 19:06:53.027000+00:00,13.677539,78.835297,1078.4021
2026-07-16 19:06:55.034000+00:00,13.677539,78.851318,1078.266602
2026-07-16 19:06:57.049000+00:00,13.677734,78.848648,1078.493652
2026-07-16 19:06:59.050000+00:00,13.677734,78.850937,1078.469238
2026-07-16 19:07:01.053000+00:00,13.677734,78.84903,1078.500977
2026-07-16 19:07:03.052000+00:00,13.677734,78.8414,1078.470459
2026-07-16 19:07:05.037000+00:00,13.67793,78.848267,1078.374023
2026-07-16 19:07:07.054000+00:00,13.678125,78.861618,1078.483887
2026-07-16 19:07:09.054000+00:00,13.678125,78.83606,1078.670654
2026-07-16 19:07:11.055000+00:00,13.678125,78.849792,1078.326416
2026-07-16 19:07:13.056000+00:00,13.678125,78.842926,1078.511963
2026-07-16 19:07:15.045000+00:00,13.678321,78.829956,1078.425293
2026-07-16 19:07:17.057000+00:00,13.678321,78.865051,1078.262939
2026-07-16 19:07:19.046000+00:00,13.678515,78.844833,1078.75
2026-07-16 19:07:21.050000+00:00,13.678515,78.837967,1078.4729
2026-07-16 19:07:23.056000+00:00,13.678711,78.863525,1078.38623
2026-07-16 19:07:25.046000+00:00,13.678711,78.860855,1078.743896
2026-07-16 19:07:27.085000+00:00,13.678906,78.824615,1078.718262
2026-07-16 19:07:29.090000+00:00,13.678906,78.860474,1078.226318
2026-07-16 19:07:31.097000+00:00,13.679102,78.851318,1078.725586
2026-07-16 19:07:33.099000+00:00,13.678906,78.849792,1078.614502
2026-07-16 19:07:35.071000+00:00,13.679102,78.853989,1078.579102
2026-07-16 19:07:37.101000+00:00,13.679102,78.852463,1078.656006
2026-07-16 19:07:39.097000+00:00,13.679297,78.863907,1078.634033
2026-07-16 19:07:41.102000+00:00,13.679297,78.852844,1078.793945
2026-07-16 19:07:43.106000+00:00,13.679492,78.83606,1078.657227
2026-07-16 19:07:45.078000+00:00,13.679492,78.844452,1078.431396
2026-07-16 19:07:47.109000+00:00,13.679492,78.829575,1078.554688
2026-07-16 19:07:49.110000+00:00,13.679688,78.842926,1078.352051
2026-07-16 19:07:51.114000+00:00,13.679883,78.880692,1078.54248
2026-07-16 19:07:53.087000+00:00,13.679883,78.857422,1079.074707
2026-07-16 19:07:55.090000+00:00,13.679883,78.841782,1078.759766
2026-07-16 19:07:57.122000+00:00,13.680079,78.845215,1078.551025
2026-07-16 19:07:59.121000+00:00,13.680079,78.821564,1078.603516
2026-07-16 19:08:01.122000+00:00,13.680274,78.823853,1078.282471
2026-07-16 19:08:03.121000+00:00,13.680274,78.848648,1078.331299
2026-07-16 19:08:05.093000+00:00,13.680274,78.834534,1078.671875
2026-07-16 19:08:07.126000+00:00,13.680469,78.850174,1078.485107
2026-07-16 19:08:09.128000+00:00,13.680469,78.83873,1078.702393
2026-07-16 19:08:11.127000+00:00,13.680664,78.852844,1078.554688
2026-07-16 19:08:13.127000+00:00,13.680664,78.845215,1078.754883
2026-07-16 19:08:15.097000+00:00,13.68086,78.83606,1078.66333
2026-07-16 19:08:17.128000+00:00,13.68086,78.862,1078.544922
2026-07-16 19:08:19.097000+00:00,13.681055,78.829575,1078.901367
2026-07-16 19:08:21.105000+00:00,13.681055,78.84903,1078.465576
2026-07-16 19:08:23.117000+00:00,13.681251,78.866959,1078.737793
2026-07-16 19:08:25.106000+00:00,13.681055,78.824234,1078.990479
2026-07-16 19:08:27.147000+00:00,13.681445,78.845978,1078.405762
2026-07-16 19:08:29.142000+00:00,13.681445,78.844833,1078.718262
2026-07-16 19:08:31.142000+00:00,13.681445,78.846741,1078.703613
2026-07-16 19:08:33.141000+00:00,13.681641,78.86467,1078.73291
2026-07-16 19:08:35.113000+00:00,13.681641,78.871918,1078.994141
2026-07-16 19:08:37.149000+00:00,13.681836,78.88298,1079.102783
2026-07-16 19:08:39.151000+00:00,13.681836,78.859329,1079.257812
2026-07-16 19:08:41.154000+00:00,13.681836,78.844833,1078.939209
2026-07-16 19:08:43.154000+00:00,13.682032,78.843307,1078.751221
2026-07-16 19:08:45.113000+00:00,13.682227,78.854752,1078.731689
2026-07-16 19:08:47.152000+00:00,13.682227,78.878403,1078.900146
2026-07-16 19:08:49.156000+00:00,13.682227,78.848267,1079.228516
2026-07-16 19:08:51.153000+00:00,13.682422,78.852844,1078.818359
2026-07-16 19:08:53.127000+00:00,13.682617,78.849792,1078.896484
2026-07-16 19:08:55.130000+00:00,13.682617,78.846359,1078.864746
2026-07-16 19:08:57.167000+00:00,13.682617,78.855515,1078.822021
2026-07-16 19:08:59.168000+00:00,13.682813,78.844452,1078.953857
2026-07-16 19:09:01.173000+00:00,13.682813,78.847504,1078.807373
2026-07-16 19:09:03.180000+00:00,13.682813,78.853989,1078.861084
2026-07-16 19:09:05.152000+00:00,13.683008,78.846741,1078.947754
2026-07-16 19:09:07.171000+00:00,13.683204,78.849411,1078.865967
2026-07-16 19:09:09.180000+00:00,13.683204,78.859711,1078.907471
2026-07-16 19:09:11.180000+00:00,13.683204,78.84903,1079.051514
2026-07-16 19:09:13.183000+00:00,13.683398,78.845978,1078.912354
2026-07-16 19:09:15.174000+00:00,13.683594,78.844452,1078.886719
2026-07-16 19:09:17.183000+00:00,13.683594,78.858185,1078.873291
2026-07-16 19:09:19.180000+00:00,13.683594,78.849792,1079.060059
2026-07-16 19:09:21.189000+00:00,13.683789,78.858566,1078.952637
2026-07-16 19:09:23.191000+00:00,13.683789,78.835678,1079.086914
2026-07-16 19:09:25.184000+00:00,13.683985,78.866959,1078.775635
2026-07-16 19:09:27.207000+00:00,13.68418,78.863525,1079.211426
2026-07-16 19:09:29.211000+00:00,13.68418,78.834534,1079.173584
2026-07-16 19:09:31.217000+00:00,13.68418,78.848267,1078.782959
2026-07-16 19:09:33.223000+00:00,13.68418,78.853989,1078.979492
2026-07-16 19:09:35.214000+00:00,13.684375,78.848648,1079.056396
2026-07-16 19:09:37.232000+00:00,13.68457,78.84407,1079.000244
2026-07-16 19:09:39.236000+00:00,13.68457,78.849411,1078.948975
2026-07-16 19:09:41.244000+00:00,13.684766,78.845978,1079.022217
2026-07-16 19:09:43.248000+00:00,13.684961,78.840637,1078.981934
2026-07-16 19:09:45.238000+00:00,13.684961,78.853226,1078.925781
2026-07-16 19:09:47.255000+00:00,13.684961,78.85437,1079.100342
2026-07-16 19:09:49.249000+00:00,13.685157,78.845215,1079.124756
2026-07-16 19:09:51.260000+00:00,13.685351,78.860474,1079.006348
2026-07-16 19:09:53.244000+00:00,13.685351,78.852844,1079.226074
2026-07-16 19:09:55.248000+00:00,13.685351,78.845978,1079.124756
2026-07-16 19:09:57.260000+00:00,13.685547,78.849411,1079.042969
2026-07-16 19:09:59.266000+00:00,13.685742,78.848267,1079.095459
2026-07-16 19:10:01.278000+00:00,13.685742,78.842545,1079.099121
2026-07-16 19:10:03.277000+00:00,13.685742,78.847122,1079.022217
2026-07-16 19:10:05.249000+00:00,13.685938,78.843307,1079.086914
2026-07-16 19:10:07.270000+00:00,13.685938,78.847504,1079.04541
2026-07-16 19:10:09.279000+00:00,13.686133,78.84407,1079.106445
2026-07-16 19:10:11.284000+00:00,13.686328,78.852081,1079.067383
2026-07-16 19:10:13.279000+00:00,13.686328,78.846359,1079.189453
2026-07-16 19:10:15.269000+00:00,13.686523,78.849411,1079.121094
2026-07-16 19:10:17.284000+00:00,13.686523,78.842926,1079.169922
2026-07-16 19:10:19.272000+00:00,13.686523,78.850174,1079.086914
2026-07-16 19:10:21.273000+00:00,13.686719,78.839874,1079.18457
2026-07-16 19:10:23.279000+00:00,13.686914,78.845215,1079.061279
2026-07-16 19:10:25.278000+00:00,13.686914,78.829193,1079.144287
2026-07-16 19:10:27.307000+00:00,13.68711,78.859711,1078.930664
2026-07-16 19:10:29.316000+00:00,13.687304,78.858185,1079.364014
2026-07-16 19:10:31.324000+00:00,13.687304,78.840256,1079.353027
2026-07-16 19:10:33.324000+00:00,13.6875,78.847122,1079.102783
2026-07-16 19:10:35.286000+00:00,13.6875,78.844452,1079.211426
2026-07-16 19:10:37.325000+00:00,13.687696,78.848648,1079.185791
2026-07-16 19:10:39.329000+00:00,13.687696,78.845978,1079.249268
2026-07-16 19:10:41.336000+00:00,13.687696,78.847122,1079.221191
2026-07-16 19:10:43.331000+00:00,13.687891,78.842545,1079.238281
2026-07-16 19:10:45.306000+00:00,13.688087,78.855515,1079.190674
2026-07-16 19:10:47.325000+00:00,13.688281,78.841782,1079.376221
2026-07-16 19:10:49.338000+00:00,13.688281,78.847885,1079.200439
2026-07-16 19:10:51.339000+00:00,13.688477,78.839111,1079.284668
2026-07-16 19:10:53.310000+00:00,13.688477,78.856659,1079.180908
2026-07-16 19:10:55.309000+00:00,13.688477,78.842926,1079.421387
2026-07-16 19:10:57.335000+00:00,13.688672,78.846359,1079.246826
2026-07-16 19:10:59.345000+00:00,13.688672,78.845596,1079.300537
2026-07-16 19:11:01.341000+00:00,13.688868,78.856659,1079.298096
2026-07-16 19:11:05.314000+00:00,13.689063,78.850174,1079.465332
2026-07-16 19:11:07.346000+00:00,13.689258,78.847504,1079.381104
2026-07-16 19:11:09.349000+00:00,13.689453,78.872299,1079.359131
2026-07-16 19:11:11.348000+00:00,13.689258,78.88031,1079.709473
2026-07-16 19:11:13.351000+00:00,13.689453,78.852081,1079.816895
2026-07-16 19:11:15.319000+00:00,13.689649,78.837585,1079.448242
2026-07-16 19:11:17.352000+00:00,13.689649,78.86467,1079.259033
2026-07-16 19:11:19.320000+00:00,13.689844,78.854752,1079.632568
2026-07-16 19:11:21.334000+00:00,13.689844,78.86734,1079.508057
2026-07-16 19:11:23.337000+00:00,13.690234,78.865814,1079.681396
2026-07-16 19:11:25.328000+00:00,13.690234,78.859711,1079.689941
2026-07-16 19:11:27.369000+00:00,13.690234,78.84903,1079.605713
2026-07-16 19:11:29.382000+00:00,13.69043,78.853226,1079.465332
2026-07-16 19:11:31.378000+00:00,13.69043,78.855896,1079.536133
2026-07-16 19:11:33.371000+00:00,13.690625,78.860092,1079.573975
2026-07-16 19:11:35.341000+00:00,13.690821,78.865814,1079.642334
2026-07-16 19:11:37.387000+00:00,13.690821,78.855515,1079.746094
2026-07-16 19:11:39.375000+00:00,13.691016,78.852463,1079.604492
2026-07-16 19:11:41.373000+00:00,13.691016,78.850937,1079.569092
2026-07-16 19:11:43.380000+00:00,13.691406,78.859329,1079.555664
2026-07-16 19:11:45.369000+00:00,13.691406,78.845596,1079.688721
2026-07-16 19:11:47.395000+00:00,13.691406,78.849411,1079.501953
2026-07-16 19:11:49.392000+00:00,13.691602,78.852463,1079.562988
2026-07-16 19:11:51.390000+00:00,13.691602,78.865433,1079.606934
2026-07-16 19:11:53.384000+00:00,13.691797,78.852844,1079.794922
2026-07-16 19:11:55.382000+00:00,13.691797,78.852463,1079.641113
2026-07-16 19:11:57.400000+00:00,13.691993,78.849411,1079.633789
2026-07-16 19:11:59.402000+00:00,13.691993,78.851318,1079.602051
2026-07-16 19:12:01.404000+00:00,13.692187,78.847122,1079.638672
2026-07-16 19:12:03.401000+00:00,13.692383,78.841019,1079.58252
2026-07-16 19:12:05.389000+00:00,13.692578,78.834915,1079.515381
2026-07-16 19:12:07.407000+00:00,13.692578,78.849792,1079.445801
2026-07-16 19:12:09.407000+00:00,13.692578,78.850937,1079.650879
2026-07-16 19:12:11.410000+00:00,13.692969,78.84903,1079.674072
2026-07-16 19:12:13.412000+00:00,13.692969,78.844833,1079.67041
2026-07-16 19:12:15.402000+00:00,13.692969,78.847122,1079.613037
2026-07-16 19:12:17.414000+00:00,13.693164,78.839111,1079.655762
2026-07-16 19:12:19.402000+00:00,13.693164,78.850174,1079.54834
2026-07-16 19:12:21.409000+00:00,13.693359,78.847122,1079.716797
2026-07-16 19:12:23.416000+00:00,13.693555,78.83606,1079.678955
2026-07-16 19:12:25.409000+00:00,13.69375,78.841019,1079.543457
2026-07-16 19:12:27.443000+00:00,13.693946,78.860092,1079.622803
2026-07-16 19:12:29.446000+00:00,13.693946,78.845596,1079.899902
2026-07-16 19:12:31.452000+00:00,13.693946,78.843689,1079.70459
2026-07-16 19:12:33.457000+00:00,13.69414,78.841019,1079.677734
2026-07-16 19:12:35.425000+00:00,13.69414,78.852463,1079.654541
2026-07-16 19:12:37.459000+00:00,13.694336,78.869247,1079.812012
2026-07-16 19:12:39.458000+00:00,13.694336,78.841019,1080.059814
2026-07-16 19:12:41.473000+00:00,13.694531,78.850174,1079.675293
2026-07-16 19:12:43.463000+00:00,13.694727,78.847885,1079.814453
2026-07-16 19:12:45.447000+00:00,13.694922,78.855515,1079.798584
2026-07-16 19:12:47.467000+00:00,13.694922,78.85437,1079.91333
2026-07-16 19:12:51.478000+00:00,13.695312,78.846741,1079.91333
2026-07-16 19:12:53.469000+00:00,13.695312,78.840256,1079.827881
2026-07-16 19:12:55.473000+00:00,13.695508,78.844452,1079.744873
2026-07-16 19:12:57.498000+00:00,13.695704,78.839493,1079.812012
2026-07-16 19:12:59.493000+00:00,13.695704,78.8414,1079.754639
2026-07-16 19:13:01.505000+00:00,13.695899,78.847504,1079.790039
2026-07-16 19:13:03.504000+00:00,13.695899,78.836441,1079.881592
2026-07-16 19:13:05.485000+00:00,13.696094,78.846359,1079.743652
2026-07-16 19:13:07.500000+00:00,13.696289,78.83606,1079.888916
2026-07-16 19:13:09.506000+00:00,13.696485,78.839111,1079.753418
2026-07-16 19:13:11.510000+00:00,13.696485,78.840256,1079.819336
2026-07-16 19:13:13.508000+00:00,13.69668,78.834152,1079.824219
2026-07-16 19:13:15.487000+00:00,13.696876,78.839874,1079.766846
2026-07-16 19:13:17.508000+00:00,13.696876,78.818512,1079.862061
2026-07-16 19:13:19.496000+00:00,13.69707,78.833389,1079.567871
2026-07-16 19:13:21.502000+00:00,13.697266,78.834915,1079.783936
2026-07-16 19:13:23.508000+00:00,13.697266,78.827667,1079.819336
2026-07-16 19:13:25.507000+00:00,13.697461,78.844452,1079.726562
2026-07-16 19:13:27.539000+00:00,13.697657,78.843307,1079.958496
2026-07-16 19:13:29.537000+00:00,13.697852,78.8517,1079.962158
2026-07-16 19:13:31.543000+00:00,13.697852,78.838348,1080.089111
2026-07-16 19:13:33.546000+00:00,13.697852,78.853226,1079.909668
2026-07-16 19:13:37.553000+00:00,13.698242,78.842926,1080.146484
2026-07-16 19:13:39.554000+00:00,13.698438,78.860474,1080.004883
2026-07-16 19:13:41.550000+00:00,13.698438,78.833389,1080.267334
2026-07-16 19:13:43.558000+00:00,13.698633,78.839874,1079.899902
2026-07-16 19:13:45.525000+00:00,13.698633,78.844452,1080.001221
2026-07-16 19:13:47.567000+00:00,13.698829,78.846359,1080.064697
2026-07-16 19:13:49.581000+00:00,13.699023,78.847885,1080.100098
2026-07-16 19:13:51.570000+00:00,13.699219,78.843689,1080.144043
2026-07-16 19:13:53.539000+00:00,13.699219,78.853226,1080.095215
2026-07-16 19:13:55.544000+00:00,13.699219,78.842163,1080.229492
2026-07-16 19:13:57.577000+00:00,13.69961,78.836823,1080.080566
2026-07-16 19:13:59.576000+00:00,13.69961,78.846741,1080.028076
2026-07-16 19:14:01.582000+00:00,13.699805,78.84903,1080.178223
2026-07-16 19:14:03.588000+00:00,13.7,78.842545,1080.216064
2026-07-16 19:14:05.557000+00:00,13.700195,78.842163,1080.136719
2026-07-16 19:14:07.578000+00:00,13.700391,78.845215,1080.157471
2026-07-16 19:14:09.583000+00:00,13.700391,78.840256,1080.205078
2026-07-16 19:14:11.576000+00:00,13.700586,78.843689,1080.148926
2026-07-16 19:14:13.585000+00:00,13.700586,78.836823,1080.201416
2026-07-16 19:14:15.566000+00:00,13.700976,78.879166,1080.115967
2026-07-16 19:14:17.575000+00:00,13.701172,78.845215,1080.716553
2026-07-16 19:14:19.565000+00:00,13.701172,78.83873,1080.263672
2026-07-16 19:14:21.568000+00:00,13.701367,78.850174,1080.184326
2026-07-16 19:14:23.570000+00:00,13.701367,78.837204,1080.349121
2026-07-16 19:14:25.565000+00:00,13.701367,78.847504,1080.175781
2026-07-16 19:14:27.602000+00:00,13.701758,78.840256,1080.324707
2026-07-16 19:14:29.596000+00:00,13.701758,78.846741,1080.247803
2026-07-16 19:14:31.608000+00:00,13.701953,78.848648,1080.335693
2026-07-16 19:14:33.601000+00:00,13.702148,78.83873,1080.380859
2026-07-16 19:14:35.568000+00:00,13.702148,78.861618,1080.252686
2026-07-16 19:14:37.604000+00:00,13.702344,78.845215,1080.579834
2026-07-16 19:14:39.604000+00:00,13.702539,78.839493,1080.367432
2026-07-16 19:14:41.602000+00:00,13.702539,78.840637,1080.29541
2026-07-16 19:14:43.609000+00:00,13.702929,78.847122,1080.322266
2026-07-16 19:14:45.580000+00:00,13.702929,78.847504,1080.435791
2026-07-16 19:14:47.615000+00:00,13.703125,78.854752,1080.441895
2026-07-16 19:14:49.622000+00:00,13.703125,78.844452,1080.552979
2026-07-16 19:14:51.632000+00:00,13.703516,78.851318,1080.419922
2026-07-16 19:14:53.596000+00:00,13.703516,78.852081,1080.537109
2026-07-16 19:14:55.596000+00:00,13.703712,78.849792,1080.554199
2026-07-16 19:14:57.617000+00:00,13.703906,78.8517,1080.534668
2026-07-16 19:15:01.625000+00:00,13.704297,78.837967,1080.59082
2026-07-16 19:15:03.629000+00:00,13.704297,78.859329,1080.415039
2026-07-16 19:15:05.616000+00:00,13.704493,78.837967,1080.706787
2026-07-16 19:15:07.637000+00:00,13.704688,78.853226,1080.43457
2026-07-16 19:15:09.632000+00:00,13.704883,78.859329,1080.654297
2026-07-16 19:15:11.633000+00:00,13.704883,78.855896,1080.754395
2026-07-16 19:15:13.640000+00:00,13.705078,78.848267,1080.714111
2026-07-16 19:15:15.636000+00:00,13.705274,78.850555,1080.623779
2026-07-16 19:15:17.645000+00:00,13.705274,78.870392,1080.667725
2026-07-16 19:15:19.632000+00:00,13.705469,78.844452,1080.944824
2026-07-16 19:15:21.637000+00:00,13.705665,78.852081,1080.604248
2026-07-16 19:15:23.642000+00:00,13.705859,78.852844,1080.723877
2026-07-16 19:15:25.640000+00:00,13.706055,78.846359,1080.740967
2026-07-16 19:15:27.665000+00:00,13.70625,78.842163,1080.665283
2026-07-16 19:15:29.677000+00:00,13.70625,78.878021,1080.629883
2026-07-16 19:15:31.676000+00:00,13.706446,78.845215,1081.126709
2026-07-16 19:15:33.678000+00:00,13.706641,78.822708,1080.692139
2026-07-16 19:15:35.646000+00:00,13.706836,78.858566,1080.400391
2026-07-16 19:15:37.683000+00:00,13.706836,78.849792,1080.906982
2026-07-16 19:15:39.684000+00:00,13.707031,78.850174,1080.784912
2026-07-16 19:15:41.678000+00:00,13.707227,78.839874,1080.797119
2026-07-16 19:15:43.689000+00:00,13.707422,78.848648,1080.675049
2026-07-16 19:15:45.655000+00:00,13.707618,78.851318,1080.806885
2026-07-16 19:15:47.692000+00:00,13.707618,78.842545,1080.858154
2026-07-16 19:15:49.693000+00:00,13.707812,78.846359,1080.738525
2026-07-16 19:15:51.698000+00:00,13.708203,78.845596,1080.812988
2026-07-16 19:15:53.665000+00:00,13.708203,78.835678,1080.826416
2026-07-16 19:15:55.666000+00:00,13.708399,78.844452,1080.698242
2026-07-16 19:15:57.707000+00:00,13.708594,78.834534,1080.826416
2026-07-16 19:15:59.711000+00:00,13.708789,78.832626,1080.714111
2026-07-16 19:16:01.710000+00:00,13.708984,78.842545,1080.69458
2026-07-16 19:16:03.713000+00:00,13.708984,78.849411,1080.842285
2026-07-16 19:16:05.682000+00:00,13.709375,78.840637,1080.947266
2026-07-16 19:16:07.714000+00:00,13.709375,78.851318,1080.85083
2026-07-16 19:16:09.715000+00:00,13.709375,78.839874,1081.010742
2026-07-16 19:16:11.718000+00:00,13.709571,78.845596,1080.847168
2026-07-16 19:16:13.719000+00:00,13.709765,78.841019,1080.9375
2026-07-16 19:16:15.686000+00:00,13.710156,78.847885,1080.894775
2026-07-16 19:16:17.721000+00:00,13.710156,78.831863,1081.00708
2026-07-16 19:16:19.694000+00:00,13.710547,78.83606,1080.803223
2026-07-16 19:16:21.698000+00:00,13.710547,78.839493,1080.878906
2026-07-16 19:16:23.695000+00:00,13.710742,78.84903,1080.935059
2026-07-16 19:16:25.704000+00:00,13.710938,78.842545,1081.079102
2026-07-16 19:16:27.753000+00:00,13.711133,78.833771,1080.994873
2026-07-16 19:16:29.758000+00:00,13.711329,78.850555,1080.9021
2026-07-16 19:16:31.759000+00:00,13.711329,78.8414,1081.14502
2026-07-16 19:16:33.758000+00:00,13.711524,78.839493,1081.020508
2026-07-16 19:16:35.717000+00:00,13.711719,78.846359,1081.009521
2026-07-16 19:16:37.766000+00:00,13.711914,78.843689,1081.125488
2026-07-16 19:16:39.767000+00:00,13.71211,78.88298,1081.098633
2026-07-16 19:16:41.761000+00:00,13.712305,78.846359,1081.652832
2026-07-16 19:16:43.769000+00:00,13.712501,78.842926,1081.169434
2026-07-16 19:16:45.726000+00:00,13.712695,78.834152,1081.135254
2026-07-16 19:16:47.775000+00:00,13.712891,78.835678,1081.02417
2026-07-16 19:16:49.780000+00:00,13.712891,78.876114,1081.064453
2026-07-16 19:16:51.783000+00:00,13.713477,78.850174,1081.623535
2026-07-16 19:16:53.740000+00:00,13.713477,78.866196,1081.304932
2026-07-16 19:16:55.745000+00:00,13.713672,78.858185,1081.5271
2026-07-16 19:16:57.790000+00:00,13.713867,78.854752,1081.430664
2026-07-16 19:16:59.798000+00:00,13.714063,78.842163,1081.401367
2026-07-16 19:17:01.804000+00:00,13.714258,78.857803,1081.240234
2026-07-16 19:17:03.807000+00:00,13.714258,78.852081,1081.472168
2026-07-16 19:17:05.765000+00:00,13.714454,78.85437,1081.392822
2026-07-16 19:17:07.814000+00:00,13.714648,78.850937,1081.445312
2026-07-16 19:17:09.817000+00:00,13.714648,78.844452,1081.408691
2026-07-16 19:17:11.820000+00:00,13.715039,78.849792,1081.328125
2026-07-16 19:17:13.826000+00:00,13.715235,78.835678,1081.424561
2026-07-16 19:17:15.777000+00:00,13.71543,78.861618,1081.248779
2026-07-16 19:17:17.827000+00:00,13.71543,78.865433,1081.61499
2026-07-16 19:17:19.782000+00:00,13.715625,78.849411,1081.679688
2026-07-16 19:17:21.778000+00:00,13.716016,78.842926,1081.468506
2026-07-16 19:17:23.785000+00:00,13.716016,78.861237,1081.407471
2026-07-16 19:17:25.796000+00:00,13.716211,78.863144,1081.66626
2026-07-16 19:17:27.833000+00:00,13.716601,78.852081,1081.707764
2026-07-16 19:17:29.834000+00:00,13.716601,78.850555,1081.585693
2026-07-16 19:17:31.837000+00:00,13.716797,78.855133,1081.563721
2026-07-16 19:17:33.837000+00:00,13.716992,78.859711,1081.643066
2026-07-16 19:17:35.790000+00:00,13.717383,78.842163,1081.723633
2026-07-16 19:17:39.853000+00:00,13.717773,78.849411,1081.520996
2026-07-16 19:17:41.840000+00:00,13.717969,78.858185,1081.633301
2026-07-16 19:17:43.840000+00:00,13.718164,78.84407,1081.767578
2026-07-16 19:17:45.793000+00:00,13.718164,78.840637,1081.589355
2026-07-16 19:17:47.840000+00:00,13.718554,78.839874,1081.555176
2026-07-16 19:17:49.840000+00:00,13.71875,78.857803,1081.561279
2026-07-16 19:17:51.840000+00:00,13.718946,78.845596,1081.833496
2026-07-16 19:17:53.793000+00:00,13.719141,78.8517,1081.682129
2026-07-16 19:17:55.792000+00:00,13.719337,78.842163,1081.778564
2026-07-16 19:17:57.846000+00:00,13.719531,78.856659,1081.661377
2026-07-16 19:17:59.850000+00:00,13.719727,78.845596,1081.881104
2026-07-16 19:18:01.856000+00:00,13.719922,78.839493,1081.744385
2026-07-16 19:18:03.851000+00:00,13.720118,78.84407,1081.677246
2026-07-16 19:18:05.811000+00:00,13.720508,78.842163,1081.749268
2026-07-16 19:18:07.854000+00:00,13.720703,78.825378,1081.751709
2026-07-16 19:18:09.859000+00:00,13.720899,78.855133,1081.535645
2026-07-16 19:18:11.864000+00:00,13.721094,78.8414,1081.954346
2026-07-16 19:18:13.870000+00:00,13.72129,78.851318,1081.784668
2026-07-16 19:18:15.821000+00:00,13.721484,78.844452,1081.940918
2026-07-16 19:18:17.873000+00:00,13.72168,78.862,1081.864014
2026-07-16 19:18:19.828000+00:00,13.72168,78.857803,1082.114258
2026-07-16 19:18:21.830000+00:00,13.722071,78.852844,1082.067871
2026-07-16 19:18:23.845000+00:00,13.722266,78.850174,1082.027588
2026-07-16 19:18:25.835000+00:00,13.722461,78.823853,1082.011719
2026-07-16 19:18:27.884000+00:00,13.722852,78.862762,1081.660156
2026-07-16 19:18:29.886000+00:00,13.723047,78.846359,1082.226562
2026-07-16 19:18:31.878000+00:00,13.723243,78.849411,1082.006836
2026-07-16 19:18:33.883000+00:00,13.723437,78.855515,1082.070312
2026-07-16 19:18:35.854000+00:00,13.723633,78.852081,1082.161865
2026-07-16 19:18:37.884000+00:00,13.723828,78.860092,1082.142334
2026-07-16 19:18:39.884000+00:00,13.724024,78.844452,1082.260742
2026-07-16 19:18:41.884000+00:00,13.724219,78.842163,1082.056885
2026-07-16 19:18:43.885000+00:00,13.724609,78.856277,1082.053223
2026-07-16 19:18:45.853000+00:00,13.724609,78.853607,1082.275391
2026-07-16 19:18:47.899000+00:00,13.724805,78.85437,1082.237549
2026-07-16 19:18:49.885000+00:00,13.725,78.850174,1082.266846
2026-07-16 19:18:51.886000+00:00,13.72539,78.856277,1082.216797
2026-07-16 19:18:53.854000+00:00,13.725586,78.851318,1082.332764
2026-07-16 19:18:55.848000+00:00,13.725781,78.857422,1082.281494
2026-07-16 19:18:57.887000+00:00,13.725977,78.848648,1082.386475
2026-07-16 19:18:59.891000+00:00,13.726172,78.850174,1082.275391
2026-07-16 19:19:01.887000+00:00,13.726562,78.841782,1082.316895
2026-07-16 19:19:03.887000+00:00,13.726758,78.866196,1082.22168
2026-07-16 19:19:05.854000+00:00,13.727149,78.84407,1082.585449
2026-07-16 19:19:07.890000+00:00,13.727344,78.845978,1082.297363
2026-07-16 19:19:09.894000+00:00,13.727344,78.853607,1082.344971
2026-07-16 19:19:11.903000+00:00,13.727735,78.845215,1082.454834
2026-07-16 19:19:13.903000+00:00,13.728126,78.850174,1082.358398
2026-07-16 19:19:15.883000+00:00,13.728126,78.81279,1082.463379
2026-07-16 19:19:17.901000+00:00,13.728516,78.848267,1081.956787
2026-07-16 19:19:19.879000+00:00,13.728516,78.840256,1082.468262
2026-07-16 19:19:21.885000+00:00,13.728907,78.88298,1082.359619
2026-07-16 19:19:23.885000+00:00,13.729297,78.844833,1082.976074
2026-07-16 19:19:25.887000+00:00,13.729297,78.845978,1082.474365
2026-07-16 19:19:27.912000+00:00,13.729492,78.852081,1082.502441
2026-07-16 19:19:29.918000+00:00,13.729883,78.848267,1082.592773
2026-07-16 19:19:31.924000+00:00,13.730273,78.849411,1082.579346
2026-07-16 19:19:33.925000+00:00,13.730273,78.828049,1082.618408
2026-07-16 19:19:35.896000+00:00,13.730664,78.844833,1082.337646
2026-07-16 19:19:37.923000+00:00,13.73086,78.841019,1082.589111
2026-07-16 19:19:39.928000+00:00,13.731055,78.84903,1082.556152
2026-07-16 19:19:41.934000+00:00,13.73125,78.840256,1082.679443
2026-07-16 19:19:43.938000+00:00,13.731641,78.855896,1082.56958
2026-07-16 19:19:45.904000+00:00,13.731836,78.853607,1082.824707
2026-07-16 19:19:47.942000+00:00,13.732032,78.828049,1082.802734
2026-07-16 19:19:49.946000+00:00,13.732226,78.864288,1082.470703
2026-07-16 19:19:51.950000+00:00,13.732617,78.848648,1082.982178
2026-07-16 19:19:53.913000+00:00,13.732813,78.847122,1082.792969
2026-07-16 19:19:55.922000+00:00,13.733008,78.836441,1082.786865
2026-07-16 19:19:57.952000+00:00,13.733203,78.829956,1082.662354
2026-07-16 19:19:59.958000+00:00,13.733594,78.845596,1082.58667
2026-07-16 19:20:01.960000+00:00,13.733789,78.845978,1082.834473
2026-07-16 19:20:03.960000+00:00,13.733985,78.840637,1082.845459
2026-07-16 19:20:05.932000+00:00,13.734571,78.8414,1082.791748
2026-07-16 19:20:07.969000+00:00,13.734766,78.858566,1082.84668
2026-07-16 19:20:09.971000+00:00,13.734571,78.866959,1083.096924
2026-07-16 19:20:11.980000+00:00,13.734962,78.836823,1083.208008
2026-07-16 19:20:13.973000+00:00,13.735352,78.824615,1082.818604
2026-07-16 19:20:15.943000+00:00,13.735547,78.83873,1082.684326
2026-07-16 19:20:17.974000+00:00,13.735743,78.846741,1082.894287
2026-07-16 19:20:19.945000+00:00,13.736133,78.837967,1083.024902
2026-07-16 19:20:21.940000+00:00,13.736524,78.878403,1082.930908
2026-07-16 19:20:23.966000+00:00,13.736719,78.841019,1083.514404
2026-07-16 19:20:25.944000+00:00,13.736915,78.855896,1083.02002
2026-07-16 19:20:27.984000+00:00,13.737109,78.845978,1083.234863
2026-07-16 19:20:29.999000+00:00,13.7375,78.847885,1083.111572
2026-07-16 19:20:31.984000+00:00,13.737696,78.834915,1083.182373
2026-07-16 19:20:33.998000+00:00,13.738086,78.8311,1083.015137
2026-07-16 19:20:35.952000+00:00,13.738281,78.845978,1082.982178
2026-07-16 19:20:37.983000+00:00,13.738672,78.850555,1083.208008
2026-07-16 19:20:39.978000+00:00,13.738868,78.833008,1083.294678
2026-07-16 19:20:41.985000+00:00,13.739062,78.852081,1083.07373
2026-07-16 19:20:43.991000+00:00,13.739453,78.845215,1083.353271
2026-07-16 19:20:45.953000+00:00,13.739844,78.847122,1083.297119
2026-07-16 19:20:47.991000+00:00,13.740039,78.871155,1083.339844
2026-07-16 19:20:49.990000+00:00,13.74043,78.853226,1083.687744
2026-07-16 19:20:51.991000+00:00,13.740821,78.85437,1083.468018
2026-07-16 19:20:53.960000+00:00,13.741015,78.848648,1083.520508
2026-07-16 19:20:55.959000+00:00,13.741211,78.85437,1083.455811
2026-07-16 19:20:57.992000+00:00,13.741602,78.856277,1083.552246
2026-07-16 19:20:59.994000+00:00,13.741797,78.843689,1083.604736
2026-07-16 19:21:01.992000+00:00,13.742188,78.852844,1083.460693
2026-07-16 19:21:03.993000+00:00,13.742383,78.848648,1083.609619
2026-07-16 19:21:05.959000+00:00,13.742774,78.874588,1083.569336
2026-07-16 19:21:07.992000+00:00,13.743164,78.846359,1083.963623
2026-07-16 19:21:09.995000+00:00,13.74336,78.851318,1083.596191
2026-07-16 19:21:12.002000+00:00,13.743555,78.837967,1083.681641
2026-07-16 19:21:13.990000+00:00,13.744141,78.845596,1083.516846
2026-07-16 19:21:15.978000+00:00,13.744336,78.849411,1083.659668
2026-07-16 19:21:17.992000+00:00,13.744532,78.837204,1083.729248
2026-07-16 19:21:19.978000+00:00,13.744727,78.865814,1083.571777
2026-07-16 19:21:21.979000+00:00,13.745117,78.847885,1083.991699
2026-07-16 19:21:23.990000+00:00,13.745508,78.8414,1083.773193
2026-07-16 19:21:25.989000+00:00,13.745704,78.844452,1083.712158
2026-07-16 19:21:28.016000+00:00,13.745898,78.849411,1083.768311
2026-07-16 19:21:30.022000+00:00,13.746485,78.848267,1083.863525
2026-07-16 19:21:32.024000+00:00,13.74668,78.858948,1083.890381
2026-07-16 19:21:34.028000+00:00,13.74707,78.847122,1084.047852
2026-07-16 19:21:35.996000+00:00,13.747461,78.860474,1083.912354
2026-07-16 19:21:38.035000+00:00,13.747461,78.855515,1084.128418
2026-07-16 19:21:40.030000+00:00,13.748047,78.863525,1084.068604
2026-07-16 19:21:42.033000+00:00,13.748242,78.852463,1084.210205
2026-07-16 19:21:44.041000+00:00,13.748633,78.852081,1084.084473
2026-07-16 19:21:46.023000+00:00,13.749023,78.853226,1084.111328
2026-07-16 19:21:48.042000+00:00,13.749414,78.860092,1084.151611
2026-07-16 19:21:50.042000+00:00,13.74961,78.839874,1084.276123
2026-07-16 19:21:52.043000+00:00,13.75,78.847885,1084.007568
2026-07-16 19:21:54.036000+00:00,13.750391,78.84407,1084.160156
2026-07-16 19:21:56.042000+00:00,13.750587,78.862,1084.135742
2026-07-16 19:21:58.064000+00:00,13.750781,78.847504,1084.404297
2026-07-16 19:22:00.070000+00:00,13.751368,78.865433,1084.210205
2026-07-16 19:22:02.075000+00:00,13.751563,78.8517,1084.508057
2026-07-16 19:22:04.083000+00:00,13.751758,78.862,1084.338379
2026-07-16 19:22:06.078000+00:00,13.752344,78.862762,1084.49585
2026-07-16 19:22:08.102000+00:00,13.75254,78.850174,1084.549561
2026-07-16 19:22:10.097000+00:00,13.752734,78.848648,1084.389648
2026-07-16 19:22:12.104000+00:00,13.753125,78.842163,1084.389648
2026-07-16 19:22:14.113000+00:00,13.753516,78.847122,1084.321289
2026-07-16 19:22:16.103000+00:00,13.753711,78.845978,1084.425049
2026-07-16 19:22:18.123000+00:00,13.754102,78.844452,1084.429932
2026-07-16 19:22:20.118000+00:00,13.754297,78.839874,1084.434814
2026-07-16 19:22:22.123000+00:00,13.754883,78.841782,1084.39209
2026-07-16 19:22:24.137000+00:00,13.755078,78.843689,1084.455566
2026-07-16 19:22:26.136000+00:00,13.755274,78.840256,1084.504395
2026-07-16 19:22:28.155000+00:00,13.755664,78.841782,1084.472656
2026-07-16 19:22:30.151000+00:00,13.75625,78.847122,1084.521484
2026-07-16 19:22:32.151000+00:00,13.75664,78.843689,1084.633789
2026-07-16 19:22:34.151000+00:00,13.756836,78.844833,1084.619141
2026-07-16 19:22:36.138000+00:00,13.757422,78.82843,1084.645996
2026-07-16 19:22:38.153000+00:00,13.757812,78.855515,1084.472656
2026-07-16 19:22:40.157000+00:00,13.758008,78.852081,1084.871826
2026-07-16 19:22:42.159000+00:00,13.758399,78.850555,1084.851074
2026-07-16 19:22:44.161000+00:00,13.758985,78.853989,1084.86084
2026-07-16 19:22:46.150000+00:00,13.75918,78.868103,1084.951172
2026-07-16 19:22:48.170000+00:00,13.75957,78.845596,1085.163574
2026-07-16 19:22:50.163000+00:00,13.759766,78.832626,1084.875488
2026-07-16 19:22:52.170000+00:00,13.760352,78.849792,1084.7229
2026-07-16 19:22:54.154000+00:00,13.760742,78.843307,1085.004883
2026-07-16 19:22:56.154000+00:00,13.761133,78.8517,1084.937744
2026-07-16 19:22:58.169000+00:00,13.761329,78.852463,1085.084229
2026-07-16 19:23:00.170000+00:00,13.761914,78.853607,1085.117188
2026-07-16 19:23:02.170000+00:00,13.762305,78.871918,1085.177002
2026-07-16 19:23:04.170000+00:00,13.762695,78.842163,1085.458984
2026-07-16 19:23:06.154000+00:00,13.763282,78.868866,1085.070801
2026-07-16 19:23:08.164000+00:00,13.763476,78.846359,1085.488281
2026-07-16 19:23:10.172000+00:00,13.763672,78.850937,1085.203857
2026-07-16 19:23:12.172000+00:00,13.764063,78.84903,1085.280762
2026-07-16 19:23:14.172000+00:00,13.764453,78.854752,1085.274658
2026-07-16 19:23:16.160000+00:00,13.764648,78.8414,1085.388184
2026-07-16 19:23:18.174000+00:00,13.765039,78.830338,1085.223389
2026-07-16 19:23:20.174000+00:00,13.765429,78.850174,1085.097656
2026-07-16 19:23:24.167000+00:00,13.766212,78.849792,1085.441895
2026-07-16 19:23:26.161000+00:00,13.766602,78.849411,1085.463867
2026-07-16 19:23:28.182000+00:00,13.766797,78.83606,1085.488281
2026-07-16 19:23:30.182000+00:00,13.767383,78.847504,1085.319824
2026-07-16 19:23:32.182000+00:00,13.767774,78.837585,1085.528564
2026-07-16 19:23:34.182000+00:00,13.768165,78.841782,1085.421143
2026-07-16 19:23:36.168000+00:00,13.76875,78.850937,1085.505371
2026-07-16 19:23:38.183000+00:00,13.768946,78.842926,1085.668945
2026-07-16 19:23:40.183000+00:00,13.769336,78.845596,1085.584717
2026-07-16 19:23:42.187000+00:00,13.769531,78.845215,1085.646973
2026-07-16 19:23:44.186000+00:00,13.770118,78.849411,1085.655518
2026-07-16 19:23:46.170000+00:00,13.770312,78.858566,1085.760498
2026-07-16 19:23:48.186000+00:00,13.770703,78.852081,1085.905762
2026-07-16 19:23:50.186000+00:00,13.770899,78.843689,1085.848389
2026-07-16 19:23:52.189000+00:00,13.771484,78.838348,1085.751953
2026-07-16 19:23:54.172000+00:00,13.771875,78.844452,1085.722656
2026-07-16 19:23:56.176000+00:00,13.772071,78.840256,1085.83374
2026-07-16 19:23:58.198000+00:00,13.772461,78.850174,1085.797119
2026-07-16 19:24:00.206000+00:00,13.773242,78.850555,1085.959473
2026-07-16 19:24:02.205000+00:00,13.773438,78.847885,1086.018066
2026-07-16 19:24:04.210000+00:00,13.773633,78.844452,1086.009521
2026-07-16 19:24:06.202000+00:00,13.774219,78.83873,1085.969238
2026-07-16 19:24:08.225000+00:00,13.77461,78.847504,1085.931396
2026-07-16 19:24:10.229000+00:00,13.774805,78.872681,1086.086426
2026-07-16 19:24:12.230000+00:00,13.775195,78.845596,1086.45752
2026-07-16 19:24:14.236000+00:00,13.775977,78.844452,1086.114502
2026-07-16 19:24:16.220000+00:00,13.776367,78.841782,1086.149902
2026-07-16 19:24:18.242000+00:00,13.776758,78.84407,1086.154785
2026-07-16 19:24:20.236000+00:00,13.776954,78.845596,1086.212158
2026-07-16 19:24:22.245000+00:00,13.777539,78.835678,1086.246338
2026-07-16 19:24:24.232000+00:00,13.778125,78.860092,1086.165771
2026-07-16 19:24:26.238000+00:00,13.778516,78.842163,1086.546631
2026-07-16 19:24:28.252000+00:00,13.778907,78.843689,1086.318359
2026-07-16 19:24:30.257000+00:00,13.779688,78.845215,1086.37085
2026-07-16 19:24:32.262000+00:00,13.780078,78.838348,1086.455078
2026-07-16 19:24:34.260000+00:00,13.780078,78.844833,1086.38916
2026-07-16 19:24:36.248000+00:00,13.781054,78.839111,1086.484375
2026-07-16 19:24:38.262000+00:00,13.78125,78.84407,1086.478271
2026-07-16 19:24:40.260000+00:00,13.781641,78.847122,1086.572266
2026-07-16 19:24:42.255000+00:00,13.782031,78.847504,1086.644287
2026-07-16 19:24:44.261000+00:00,13.783008,78.844452,1086.676025
2026-07-16 19:24:46.245000+00:00,13.783399,78.845215,1086.707764
2026-07-16 19:24:48.276000+00:00,13.78379,78.843307,1086.75415
2026-07-16 19:24:50.264000+00:00,13.784375,78.837204,1086.757812
2026-07-16 19:24:52.265000+00:00,13.785156,78.832626,1086.716309
2026-07-16 19:24:54.248000+00:00,13.785547,78.844452,1086.716309
2026-07-16 19:24:56.252000+00:00,13.785937,78.841019,1086.90918
2026-07-16 19:24:58.264000+00:00,13.786524,78.853226,1086.899414
2026-07-16 19:25:00.264000+00:00,13.787305,78.858566,1087.109375
2026-07-16 19:25:02.264000+00:00,13.787696,78.833389,1087.23999
2026-07-16 19:25:04.263000+00:00,13.788086,78.850174,1086.931152
2026-07-16 19:25:06.246000+00:00,13.788672,78.840637,1087.197266
2026-07-16 19:25:08.266000+00:00,13.789454,78.845978,1087.138672
2026-07-16 19:25:10.277000+00:00,13.790039,78.845596,1087.249756
2026-07-16 19:25:12.288000+00:00,13.79043,78.841019,1087.280273
2026-07-16 19:25:14.298000+00:00,13.791407,78.84903,1087.25708
2026-07-16 19:25:16.277000+00:00,13.791992,78.866959,1087.435303
2026-07-16 19:25:18.302000+00:00,13.792383,78.842926,1087.724609
2026-07-16 19:25:20.299000+00:00,13.792969,78.843307,1087.421875
2026-07-16 19:25:22.303000+00:00,13.79375,78.843689,1087.475586
2026-07-16 19:25:24.287000+00:00,13.794336,78.848648,1087.545166
2026-07-16 19:25:26.280000+00:00,13.794726,78.873444,1087.657471
2026-07-16 19:25:28.301000+00:00,13.795117,78.847885,1088.032227
2026-07-16 19:25:30.301000+00:00,13.796289,78.85437,1087.724609
2026-07-16 19:25:32.301000+00:00,13.796679,78.851318,1087.890625
2026-07-16 19:25:34.301000+00:00,13.797071,78.845596,1087.880859
2026-07-16 19:25:36.287000+00:00,13.797656,78.850937,1087.838135
2026-07-16 19:25:38.313000+00:00,13.798633,78.845978,1087.996826
2026-07-16 19:25:40.307000+00:00,13.799219,78.848267,1087.96875
2026-07-16 19:25:42.309000+00:00,13.799609,78.860092,1088.040771
2026-07-16 19:25:44.308000+00:00,13.800586,78.83873,1088.233643
2026-07-16 19:25:46.292000+00:00,13.800977,78.833771,1088.015137
2026-07-16 19:25:48.313000+00:00,13.801562,78.86467,1087.98584
2026-07-16 19:25:50.316000+00:00,13.801953,78.848648,1088.446045
2026-07-16 19:25:52.313000+00:00,13.80293,78.869629,1088.260498
2026-07-16 19:25:54.298000+00:00,13.803321,78.842926,1088.62915
2026-07-16 19:25:56.297000+00:00,13.803711,78.846741,1088.29834
2026-07-16 19:25:58.313000+00:00,13.804297,78.8311,1088.38501
2026-07-16 19:26:00.318000+00:00,13.805079,78.84903,1088.21167
2026-07-16 19:26:02.322000+00:00,13.805469,78.852844,1088.52417
2026-07-16 19:26:04.324000+00:00,13.806055,78.842545,1088.607178
2026-07-16 19:26:06.308000+00:00,13.806445,78.847885,1088.503418
2026-07-16 19:26:08.326000+00:00,13.807422,78.851318,1088.613281
2026-07-16 19:26:10.327000+00:00,13.808008,78.847122,1088.741455
2026-07-16 19:26:12.327000+00:00,13.808204,78.851318,1088.720703
2026-07-16 19:26:14.327000+00:00,13.808789,78.847885,1088.789062
2026-07-16 19:26:16.309000+00:00,13.809375,78.854752,1088.796387
2026-07-16 19:26:18.327000+00:00,13.809766,78.856277,1088.94043
2026-07-16 19:26:20.321000+00:00,13.810351,78.85437,1088.989258
2026-07-16 19:26:22.327000+00:00,13.811523,78.84903,1089.008789
2026-07-16 19:26:24.312000+00:00,13.811914,78.847885,1089.016113
2026-07-16 19:26:26.314000+00:00,13.8125,78.863144,1089.041748
2026-07-16 19:26:28.323000+00:00,13.813087,78.846359,1089.299316
2026-07-16 19:26:30.328000+00:00,13.814258,78.848648,1089.105225
2026-07-16 19:26:32.331000+00:00,13.814844,78.849792,1089.23584
2026-07-16 19:26:34.331000+00:00,13.81543,78.850937,1089.289551
2026-07-16 19:26:36.318000+00:00,13.816016,78.847885,1089.364014
2026-07-16 19:26:38.333000+00:00,13.817383,78.844452,1089.367676
2026-07-16 19:26:40.335000+00:00,13.817969,78.849411,1089.415283
2026-07-16 19:26:42.354000+00:00,13.818359,78.846741,1089.53125
2026-07-16 19:26:44.339000+00:00,13.819727,78.851318,1089.527588
2026-07-16 19:26:46.324000+00:00,13.820312,78.848648,1089.699707
2026-07-16 19:26:48.339000+00:00,13.820899,78.849792,1089.713135
2026-07-16 19:26:50.340000+00:00,13.821485,78.863525,1089.77417
2026-07-16 19:26:52.340000+00:00,13.822657,78.847504,1090.013428
2026-07-16 19:26:54.325000+00:00,13.823242,78.857422,1089.881592
2026-07-16 19:26:56.328000+00:00,13.824023,78.847504,1090.072021
2026-07-16 19:26:58.341000+00:00,13.824414,78.846741,1089.981689
2026-07-16 19:27:00.341000+00:00,13.825586,78.854752,1090.01709
2026-07-16 19:27:02.341000+00:00,13.826367,78.8517,1090.217285
2026-07-16 19:27:04.342000+00:00,13.827148,78.843307,1090.231934
2026-07-16 19:27:06.327000+00:00,13.827539,78.854752,1090.17334
2026-07-16 19:27:08.345000+00:00,13.829102,78.84407,1090.372314
2026-07-16 19:27:10.346000+00:00,13.829688,78.835297,1090.335693
2026-07-16 19:27:12.347000+00:00,13.830469,78.842926,1090.26001
2026-07-16 19:27:14.347000+00:00,13.831836,78.850937,1090.43335
2026-07-16 19:27:16.339000+00:00,13.832422,78.840637,1090.648193
2026-07-16 19:27:18.356000+00:00,13.833203,78.843689,1090.562744
2026-07-16 19:27:20.358000+00:00,13.833789,78.842926,1090.653076
2026-07-16 19:27:22.357000+00:00,13.835352,78.813553,1090.69458
2026-07-16 19:27:24.347000+00:00,13.835938,78.841019,1090.408936
2026-07-16 19:27:26.347000+00:00,13.836719,78.843307,1090.844727
2026-07-16 19:27:28.368000+00:00,13.837501,78.842926,1090.926514
2026-07-16 19:27:30.378000+00:00,13.838867,78.848648,1090.994873
2026-07-16 19:27:32.381000+00:00,13.839648,78.843689,1091.18042
2026-07-16 19:27:34.387000+00:00,13.84043,78.842926,1091.174316
2026-07-16 19:27:36.379000+00:00,13.841211,78.839111,1091.224365
2026-07-16 19:27:38.399000+00:00,13.842773,78.84407,1091.226807
2026-07-16 19:27:40.404000+00:00,13.843554,78.842545,1091.416016
2026-07-16 19:27:42.410000+00:00,13.844337,78.840637,1091.455078
2026-07-16 19:27:44.419000+00:00,13.845508,78.845978,1091.494141
2026-07-16 19:27:46.409000+00:00,13.84629,78.844452,1091.66626
2026-07-16 19:27:48.432000+00:00,13.847266,78.845978,1091.706543
2026-07-16 19:27:50.437000+00:00,13.847852,78.852844,1091.801758
2026-07-16 19:27:52.441000+00:00,13.849219,78.849411,1091.94458
2026-07-16 19:27:54.440000+00:00,13.849805,78.847885,1091.993408
2026-07-16 19:27:56.438000+00:00,13.850586,78.848267,1092.026367
2026-07-16 19:27:58.458000+00:00,13.851172,78.852844,1092.092285
2026-07-16 19:28:00.465000+00:00,13.852735,78.853607,1092.203369
2026-07-16 19:28:02.472000+00:00,13.853711,78.845215,1092.340088
2026-07-16 19:28:04.475000+00:00,13.854297,78.852081,1092.288818
2026-07-16 19:28:06.476000+00:00,13.855079,78.853989,1092.445068
2026-07-16 19:28:08.487000+00:00,13.856445,78.858948,1092.587891
2026-07-16 19:28:10.492000+00:00,13.856641,78.866577,1092.70752
2026-07-16 19:28:12.494000+00:00,13.857422,78.858566,1092.828369
2026-07-16 19:28:16.472000+00:00,13.860352,78.882217,1092.924805
2026-07-16 19:28:18.497000+00:00,13.861328,78.853226,1093.327637
2026-07-16 19:28:20.492000+00:00,13.862305,78.858185,1093.015137
2026-07-16 19:28:22.496000+00:00,13.864062,78.853607,1093.151855
2026-07-16 19:28:24.485000+00:00,13.865234,78.840637,1093.234863
2026-07-16 19:28:26.488000+00:00,13.866211,78.847122,1093.138428
2026-07-16 19:28:28.499000+00:00,13.866992,78.861237,1093.303223
2026-07-16 19:28:30.503000+00:00,13.868945,78.859329,1093.572998
2026-07-16 19:28:32.510000+00:00,13.869727,78.855896,1093.691406
2026-07-16 19:28:34.514000+00:00,13.870704,78.842163,1093.707275
2026-07-16 19:28:36.502000+00:00,13.87168,78.834534,1093.594971
2026-07-16 19:28:38.522000+00:00,13.873438,78.855515,1093.568115
2026-07-16 19:28:40.526000+00:00,13.874414,78.853607,1093.994141
2026-07-16 19:28:42.534000+00:00,13.875196,78.855896,1094.051514
2026-07-16 19:28:44.539000+00:00,13.876953,78.860092,1094.140625
2026-07-16 19:28:46.519000+00:00,13.878125,78.836441,1094.343262
2026-07-16 19:28:48.538000+00:00,13.879297,78.853226,1094.0979
2026-07-16 19:28:50.545000+00:00,13.880274,78.859711,1094.425049
2026-07-16 19:28:52.535000+00:00,13.882422,78.836441,1094.597168
2026-07-16 19:28:54.525000+00:00,13.883399,78.859711,1094.440918
2026-07-16 19:28:56.527000+00:00,13.88457,78.858948,1094.847412
2026-07-16 19:28:58.548000+00:00,13.885547,78.856659,1094.915771
2026-07-16 19:29:00.550000+00:00,13.887695,78.855896,1094.9646
2026-07-16 19:29:02.556000+00:00,13.888867,78.851318,1095.12207
2026-07-16 19:29:04.556000+00:00,13.889844,78.876495,1095.146484
2026-07-16 19:29:06.544000+00:00,13.891016,78.855515,1095.584717
2026-07-16 19:29:08.577000+00:00,13.893359,78.885651,1095.46875
2026-07-16 19:29:10.586000+00:00,13.890235,78.855515,1095.979004
2026-07-16 19:29:12.575000+00:00,13.889648,78.850937,1095.319824
2026-07-16 19:29:14.578000+00:00,13.892774,78.861618,1095.211182
2026-07-16 19:29:16.572000+00:00,13.894727,78.847122,1095.606689
2026-07-16 19:29:18.586000+00:00,13.896875,78.846741,1095.554199
2026-07-16 19:29:20.588000+00:00,13.898242,78.856277,1095.726318
2026-07-16 19:29:22.590000+00:00,13.901172,78.860092,1095.963135
2026-07-16 19:29:24.567000+00:00,13.902344,78.862762,1096.242676
2026-07-16 19:29:26.573000+00:00,13.903711,78.871918,1096.385498
2026-07-16 19:29:28.591000+00:00,13.905078,78.860092,1096.61499
2026-07-16 19:29:30.593000+00:00,13.907813,78.862,1096.561279
2026-07-16 19:29:32.598000+00:00,13.90879,78.858185,1096.800537
2026-07-16 19:29:34.601000+00:00,13.909766,78.859711,1096.82251
2026-07-16 19:29:36.597000+00:00,13.910937,78.869247,1096.915283
2026-07-16 19:29:38.611000+00:00,13.913867,78.860855,1097.260742
2026-07-16 19:29:40.618000+00:00,13.91582,78.856659,1097.255859
2026-07-16 19:29:42.625000+00:00,13.917579,78.855515,1097.352295
2026-07-16 19:29:44.624000+00:00,13.919141,78.852844,1097.478027
2026-07-16 19:29:46.612000+00:00,13.918945,78.8517,1097.556152
2026-07-16 19:29:48.635000+00:00,13.920117,78.856277,1097.536621
2026-07-16 19:29:50.637000+00:00,13.921289,78.857803,1097.695312
2026-07-16 19:29:52.637000+00:00,13.923828,78.876495,1097.803955
2026-07-16 19:29:54.621000+00:00,13.925196,78.854752,1098.260498
2026-07-16 19:29:56.618000+00:00,13.926562,78.851318,1098.074951
2026-07-16 19:29:58.630000+00:00,13.92793,78.852844,1098.131104
2026-07-16 19:30:00.634000+00:00,13.93086,78.845215,1098.260498
2026-07-16 19:30:02.642000+00:00,13.932227,78.853226,1098.381348
2026-07-16 19:30:04.654000+00:00,13.933594,78.843307,1098.599854
2026-07-16 19:30:06.632000+00:00,13.934961,78.852081,1098.565674
2026-07-16 19:30:08.657000+00:00,13.937696,78.869247,1098.900146
2026-07-16 19:30:10.666000+00:00,13.939063,78.847504,1099.262695
2026-07-16 19:30:12.671000+00:00,13.94043,78.846741,1099.060059
2026-07-16 19:30:16.645000+00:00,13.944922,78.845978,1099.384766
2026-07-16 19:30:18.669000+00:00,13.946289,78.848267,1099.49585
2026-07-16 19:30:20.666000+00:00,13.948047,78.852844,1099.638672
2026-07-16 19:30:22.666000+00:00,13.950782,78.845596,1099.837646
2026-07-16 19:30:24.652000+00:00,13.952344,78.854752,1099.96582
2026-07-16 19:30:26.659000+00:00,13.953321,78.855896,1100.206299
2026-07-16 19:30:28.679000+00:00,13.954883,78.842545,1100.305176
2026-07-16 19:30:30.691000+00:00,13.958203,78.849792,1100.231934
2026-07-16 19:30:32.696000+00:00,13.959375,78.842163,1100.592041
2026-07-16 19:30:34.691000+00:00,13.960938,78.859329,1100.593262
2026-07-16 19:30:36.679000+00:00,13.964063,78.849792,1100.946045
2026-07-16 19:30:38.696000+00:00,13.96582,78.852463,1101.060791
2026-07-16 19:30:40.690000+00:00,13.967578,78.846359,1101.239014
2026-07-16 19:30:42.690000+00:00,13.968946,78.840256,1101.286621
2026-07-16 19:30:44.696000+00:00,13.972656,78.850937,1101.304932
2026-07-16 19:30:46.682000+00:00,13.974414,78.847122,1101.748047
2026-07-16 19:30:48.700000+00:00,13.976172,78.859711,1101.842041
2026-07-16 19:30:50.699000+00:00,13.97832,78.828049,1102.15332
2026-07-16 19:30:52.703000+00:00,13.982032,78.8517,1101.884766
2026-07-16 19:30:54.687000+00:00,13.983985,78.845215,1102.502441
2026-07-16 19:30:56.687000+00:00,13.986133,78.848267,1102.576904
2026-07-16 19:30:58.702000+00:00,13.988281,78.837204,1102.774658
2026-07-16 19:31:00.702000+00:00,13.992188,78.901291,1102.792969
2026-07-16 19:31:02.702000+00:00,13.993751,78.873444,1103.996582
2026-07-16 19:31:04.702000+00:00,13.995898,78.850174,1103.737793
2026-07-16 19:31:06.688000+00:00,13.997851,78.852463,1103.585205
2026-07-16 19:31:08.702000+00:00,14.002344,78.845215,1103.757324
2026-07-16 19:31:10.705000+00:00,13.999219,78.840637,1104.022217
2026-07-16 19:31:12.704000+00:00,13.994532,78.851318,1103.706055
2026-07-16 19:31:14.706000+00:00,13.996485,78.849411,1103.494873
2026-07-16 19:31:18.713000+00:00,13.99961,78.84903,1103.735352
2026-07-16 19:31:20.718000+00:00,14.001368,78.852081,1103.85498
2026-07-16 19:31:22.716000+00:00,14.005274,78.852463,1104.030762
2026-07-16 19:31:24.710000+00:00,14.007812,78.822708,1104.345703
2026-07-16 19:31:26.716000+00:00,14.010742,78.865814,1104.128418
2026-07-16 19:31:28.728000+00:00,14.015039,78.834915,1104.973145
2026-07-16 19:31:30.730000+00:00,14.026172,78.848267,1104.882812
2026-07-16 19:31:32.746000+00:00,14.028711,78.868484,1105.936279
2026-07-16 19:31:34.732000+00:00,14.031054,78.841019,1106.418457
2026-07-16 19:31:36.722000+00:00,14.033399,78.853607,1106.219482
2026-07-16 19:31:38.740000+00:00,14.038281,78.842545,1106.586914
2026-07-16 19:31:40.747000+00:00,14.04082,78.858185,1106.810303
2026-07-16 19:31:42.749000+00:00,14.043164,78.817749,1107.235107
2026-07-16 19:31:44.760000+00:00,14.048047,78.837204,1106.844482
2026-07-16 19:31:46.744000+00:00,14.050977,78.844452,1107.510986
2026-07-16 19:31:48.757000+00:00,14.053711,78.849792,1107.841797
2026-07-16 19:31:50.755000+00:00,14.056251,78.866577,1108.137207
2026-07-16 19:31:52.757000+00:00,14.060742,78.826904,1108.572998
2026-07-16 19:31:54.748000+00:00,14.062891,78.849411,1108.360596
2026-07-16 19:31:56.751000+00:00,14.065234,78.850174,1108.857422
2026-07-16 19:31:58.768000+00:00,14.067774,78.845215,1109.047852
2026-07-16 19:32:00.771000+00:00,14.072461,78.847504,1109.169922
2026-07-16 19:32:02.774000+00:00,14.073633,78.849792,1109.576416
2026-07-16 19:32:04.783000+00:00,14.075976,78.836823,1109.709473
2026-07-16 19:32:06.777000+00:00,14.078321,78.842926,1109.699707
2026-07-16 19:32:08.800000+00:00,14.083399,78.850174,1109.981689
2026-07-16 19:32:10.776000+00:00,14.085742,78.815079,1110.487061
2026-07-16 19:32:12.783000+00:00,14.088867,78.8414,1110.167236
2026-07-16 19:32:14.784000+00:00,14.101367,78.846741,1110.788574
2026-07-16 19:32:16.772000+00:00,14.104883,78.846359,1111.853027
2026-07-16 19:32:18.789000+00:00,14.108203,78.842926,1112.115479
2026-07-16 19:32:20.791000+00:00,14.111719,78.845596,1112.336426
2026-07-16 19:32:22.792000+00:00,14.117188,78.841782,1112.637939
2026-07-16 19:32:24.787000+00:00,14.120313,78.807068,1113.033447
2026-07-16 19:32:26.778000+00:00,14.121875,78.68042,1112.7771
2026-07-16 19:32:28.797000+00:00,14.12207,78.648758,1111.109619
2026-07-16 19:32:30.815000+00:00,14.125391,78.07045,1110.678711
2026-07-16 19:32:32.809000+00:00,14.127149,77.876282,1102.77832
2026-07-16 19:32:34.817000+00:00,14.128516,77.637863,1100.162354
2026-07-16 19:32:36.799000+00:00,14.130078,77.387238,1096.907959
2026-07-16 19:32:38.821000+00:00,14.133594,76.861191,1093.491211
2026-07-16 19:32:40.817000+00:00,14.135352,76.597214,1086.320801
2026-07-16 19:32:42.816000+00:00,14.137305,76.324463,1082.731934
2026-07-16 19:32:44.815000+00:00,14.141797,75.612259,1079.013672
2026-07-16 19:32:46.799000+00:00,14.144531,75.183487,1069.291992
2026-07-16 19:32:48.818000+00:00,14.147265,74.776459,1063.431396
2026-07-16 19:32:50.819000+00:00,14.149219,74.512482,1057.886963
2026-07-16 19:32:52.819000+00:00,14.153711,73.817825,1054.290771
2026-07-16 19:32:54.804000+00:00,14.156054,73.441696,1044.79126
2026-07-16 19:32:56.806000+00:00,14.157618,73.226929,1039.648438
2026-07-16 19:32:58.832000+00:00,14.158399,73.098373,1036.713867
2026-07-16 19:33:00.838000+00:00,14.160937,72.715378,1034.958496
2026-07-16 19:33:02.822000+00:00,14.1625,72.475433,1029.7229
2026-07-16 19:33:04.822000+00:00,14.164062,72.271729,1026.433105
2026-07-16 19:33:06.802000+00:00,14.165626,72.016907,1023.66333
2026-07-16 19:33:08.822000+00:00,14.16875,71.590805,1020.168457
2026-07-16 19:33:10.823000+00:00,14.170313,71.321106,1014.348145
2026-07-16 19:33:12.821000+00:00,14.172071,71.078873,1010.645752
2026-07-16 19:33:14.823000+00:00,14.176368,70.436096,1007.333984
2026-07-16 19:33:16.809000+00:00,14.17793,70.180511,998.522949
2026-07-16 19:33:18.839000+00:00,14.179492,69.965363,995.012207
2026-07-16 19:33:20.824000+00:00,14.183594,69.317627,992.071533
2026-07-16 19:33:22.833000+00:00,14.189258,68.466568,983.179932
2026-07-16 19:33:24.810000+00:00,14.191406,68.135452,971.490479
2026-07-16 19:33:26.812000+00:00,14.195117,67.581558,966.931152
2026-07-16 19:33:28.834000+00:00,14.196289,67.396164,959.32251
2026-07-16 19:33:30.832000+00:00,14.198633,67.061996,956.778564
2026-07-16 19:33:32.833000+00:00,14.19961,66.914749,952.183838
2026-07-16 19:33:34.834000+00:00,14.200586,66.747665,950.161133
2026-07-16 19:33:36.817000+00:00,14.201563,66.615295,947.858887
2026-07-16 19:33:38.833000+00:00,14.203906,66.263199,946.048584
2026-07-16 19:33:40.839000+00:00,14.205274,66.075516,941.196289
2026-07-16 19:33:42.840000+00:00,14.206446,65.892029,938.616943
2026-07-16 19:33:44.841000+00:00,14.209375,65.464401,936.090088
2026-07-16 19:33:46.820000+00:00,14.210742,65.247345,930.202637
2026-07-16 19:33:48.844000+00:00,14.212305,64.992142,927.213135
2026-07-16 19:33:50.841000+00:00,14.214063,64.776993,923.693848
2026-07-16 19:33:52.843000+00:00,14.217188,64.268875,920.739746
2026-07-16 19:33:54.827000+00:00,14.218946,64.048004,913.725586
2026-07-16 19:33:56.827000+00:00,14.220313,63.818741,910.693359
2026-07-16 19:33:58.844000+00:00,14.221875,63.568878,907.518311
2026-07-16 19:34:00.853000+00:00,14.224414,63.183594,904.066162
2026-07-16 19:34:02.859000+00:00,14.222266,63.512802,898.748779
2026-07-16 19:34:04.846000+00:00,14.22129,63.694382,903.303223
2026-07-16 19:34:06.836000+00:00,14.221094,63.724518,905.817871
2026-07-16 19:34:08.855000+00:00,14.222071,63.582993,906.234131
2026-07-16 19:34:10.854000+00:00,14.222461,63.532257,904.279785
2026-07-16 19:34:12.856000+00:00,14.222852,63.474655,903.585205
2026-07-16 19:34:14.861000+00:00,14.222656,63.460541,902.784424
2026-07-16 19:34:16.839000+00:00,14.222852,63.487625,902.597656
2026-07-16 19:34:18.864000+00:00,14.223047,63.476944,902.974854
2026-07-16 19:34:20.866000+00:00,14.223437,63.410568,902.828369
2026-07-16 19:34:22.859000+00:00,14.225196,63.146973,901.915283
2026-07-16 19:34:24.848000+00:00,14.225977,63.011932,898.276367
2026-07-16 19:34:26.853000+00:00,14.227149,62.892914,896.411133
2026-07-16 19:34:28.875000+00:00,14.22832,62.679672,894.779053
2026-07-16 19:34:30.873000+00:00,14.23086,62.329865,891.828613
2026-07-16 19:34:32.872000+00:00,14.231641,62.182617,887.001953
2026-07-16 19:34:34.858000+00:00,14.232813,62.011337,884.962158
2026-07-16 19:34:36.858000+00:00,14.233985,61.845398,882.591553
2026-07-16 19:34:38.876000+00:00,14.236133,61.512375,880.300293
2026-07-16 19:34:40.877000+00:00,14.237109,61.364365,875.695801
2026-07-16 19:34:42.878000+00:00,14.238086,61.232376,873.649902
2026-07-16 19:34:44.878000+00:00,14.239062,61.047745,871.82373
2026-07-16 19:34:46.868000+00:00,14.241211,60.730743,869.265137
2026-07-16 19:34:48.882000+00:00,14.242383,60.544586,864.881592
2026-07-16 19:34:50.884000+00:00,14.243555,60.391998,862.302246
2026-07-16 19:34:52.883000+00:00,14.245313,60.111618,860.194092
2026-07-16 19:34:54.886000+00:00,14.246094,59.966278,856.303711
2026-07-16 19:34:56.876000+00:00,14.24707,59.83696,854.287109
2026-07-16 19:34:58.892000+00:00,14.248047,59.703827,852.506104
2026-07-16 19:35:00.893000+00:00,14.249804,59.435654,850.655518
2026-07-16 19:35:02.892000+00:00,14.250781,59.277344,846.943359
2026-07-16 19:35:04.888000+00:00,14.251563,59.143448,844.747314
2026-07-16 19:35:06.877000+00:00,14.25254,59.002686,842.893066
2026-07-16 19:35:08.893000+00:00,14.254687,58.694458,840.9375
2026-07-16 19:35:10.896000+00:00,14.255469,58.556747,836.66626
2026-07-16 19:35:12.907000+00:00,14.256446,58.414459,834.760742
2026-07-16 19:35:14.910000+00:00,14.257422,58.310699,832.785645
2026-07-16 19:35:16.896000+00:00,14.259376,57.982254,831.362305
2026-07-16 19:35:18.909000+00:00,14.260547,57.806778,826.790771
2026-07-16 19:35:20.914000+00:00,14.261523,57.648468,824.349365
2026-07-16 19:35:22.912000+00:00,14.263672,57.347107,822.156982
2026-07-16 19:35:24.903000+00:00,14.264648,57.188034,817.977295
2026-07-16 19:35:26.908000+00:00,14.265625,57.03392,815.762939
2026-07-16 19:35:28.924000+00:00,14.266797,56.865692,813.62793
2026-07-16 19:35:30.927000+00:00,14.268555,56.597519,811.2854
2026-07-16 19:35:32.930000+00:00,14.269531,56.454468,807.564697
2026-07-16 19:35:34.928000+00:00,14.270508,56.313324,805.577393
2026-07-16 19:35:36.914000+00:00,14.271484,56.147003,803.614502
2026-07-16 19:35:38.928000+00:00,14.273438,55.869293,801.30249
2026-07-16 19:35:40.930000+00:00,14.274219,55.72052,797.445068
2026-07-16 19:35:42.930000+00:00,14.275195,55.588531,795.369873
2026-07-16 19:35:44.934000+00:00,14.275977,55.460358,793.530273
2026-07-16 19:35:46.921000+00:00,14.278125,55.096054,791.75293
2026-07-16 19:35:48.958000+00:00,14.279883,54.859924,786.671143
2026-07-16 19:35:50.944000+00:00,14.28125,54.663849,783.389893
2026-07-16 19:35:52.950000+00:00,14.282813,54.434967,780.667725
2026-07-16 19:35:54.950000+00:00,14.283594,54.299164,777.480469
2026-07-16 19:35:56.940000+00:00,14.28418,54.214859,775.588379
2026-07-16 19:35:58.963000+00:00,14.285156,54.090881,774.417725
2026-07-16 19:36:00.967000+00:00,14.286914,53.791428,772.692871
2026-07-16 19:36:02.962000+00:00,14.297462,52.161407,768.516846
2026-07-16 19:36:04.968000+00:00,14.299219,51.867294,745.773926
2026-07-16 19:36:06.948000+00:00,14.300977,51.604843,741.661377
2026-07-16 19:36:08.967000+00:00,14.303906,51.147461,737.994385
2026-07-16 19:36:10.968000+00:00,14.305274,50.951767,731.605225
2026-07-16 19:36:12.974000+00:00,14.306445,50.761414,728.874512
2026-07-16 19:36:14.981000+00:00,14.307617,50.593948,726.21582
2026-07-16 19:36:16.968000+00:00,14.309766,50.281525,723.873291
2026-07-16 19:36:18.987000+00:00,14.310547,50.145721,719.512939
2026-07-16 19:36:20.985000+00:00,14.311523,50.001526,717.611084
2026-07-16 19:36:22.993000+00:00,14.313087,49.731827,715.599365
2026-07-16 19:36:24.984000+00:00,14.313868,49.603271,711.817627
2026-07-16 19:36:26.982000+00:00,14.314649,49.507523,710.019531
2026-07-16 19:36:29+00:00,14.31543,49.389648,708.681641
2026-07-16 19:36:31+00:00,14.316993,49.170685,707.036133
2026-07-16 19:36:32.996000+00:00,14.317774,49.041367,703.978271
2026-07-16 19:36:34.998000+00:00,14.31875,48.915863,702.159424
2026-07-16 19:36:36.988000+00:00,14.319531,48.794937,700.411377
2026-07-16 19:36:39.007000+00:00,14.321094,48.529816,698.717041
2026-07-16 19:36:41.008000+00:00,14.321876,48.403549,695.002441
2026-07-16 19:36:43.012000+00:00,14.322657,48.274612,693.231201
2026-07-16 19:36:45.009000+00:00,14.323438,48.168945,691.422119
2026-07-16 19:36:46.999000+00:00,14.32461,47.970963,689.943848
2026-07-16 19:36:49.013000+00:00,14.325391,47.874451,687.167969
2026-07-16 19:36:51.015000+00:00,14.324414,48.011398,685.821533
2026-07-16 19:36:53.015000+00:00,14.323829,48.143768,687.738037
2026-07-16 19:36:55+00:00,14.323829,48.149109,689.599609
2026-07-16 19:36:57.005000+00:00,14.323829,48.145676,689.678955
2026-07-16 19:36:59.028000+00:00,14.323438,48.22731,689.632568
2026-07-16 19:37:01.046000+00:00,14.323047,48.303604,690.777588
2026-07-16 19:37:03.031000+00:00,14.323633,48.188782,691.853027
2026-07-16 19:37:05.038000+00:00,14.324219,48.116684,690.24292
2026-07-16 19:37:07.027000+00:00,14.324414,48.066711,689.230957
2026-07-16 19:37:09.047000+00:00,14.325195,47.945404,688.531494
2026-07-16 19:37:11.049000+00:00,14.325782,47.867966,686.829834
2026-07-16 19:37:13.049000+00:00,14.326172,47.813416,685.744629
2026-07-16 19:37:15.055000+00:00,14.326563,47.755814,684.981689
2026-07-16 19:37:17.042000+00:00,14.327344,47.629166,684.174805
2026-07-16 19:37:19.069000+00:00,14.327735,47.576523,682.399902
2026-07-16 19:37:21.061000+00:00,14.328321,47.517776,681.662598
2026-07-16 19:37:23.047000+00:00,14.329297,47.38121,680.844727
2026-07-16 19:37:25.051000+00:00,14.329688,47.283554,678.933105
2026-07-16 19:37:27.063000+00:00,14.330274,47.214508,677.562256
2026-07-16 19:37:29.068000+00:00,14.330859,47.136307,676.59668
2026-07-16 19:37:31.075000+00:00,14.332031,46.977615,675.505371
2026-07-16 19:37:33.078000+00:00,14.332618,46.907806,673.280029
2026-07-16 19:37:35.083000+00:00,14.333008,46.812439,672.30835
2026-07-16 19:37:37.078000+00:00,14.333594,46.723557,670.961914
2026-07-16 19:37:39.096000+00:00,14.334765,46.538925,669.718018
2026-07-16 19:37:41.095000+00:00,14.335352,46.465302,667.120361
2026-07-16 19:37:43.101000+00:00,14.34043,45.64476,666.091309
2026-07-16 19:37:45.105000+00:00,14.342383,45.330429,654.56543
2026-07-16 19:37:47.099000+00:00,14.345508,44.814682,650.145264
2026-07-16 19:37:49.118000+00:00,14.346094,44.738388,642.893066
2026-07-16 19:37:51.118000+00:00,14.34629,44.715118,641.82251
2026-07-16 19:37:53.118000+00:00,14.347266,44.593811,641.501465
2026-07-16 19:37:55.101000+00:00,14.347656,44.507217,639.797363
2026-07-16 19:37:57.103000+00:00,14.348243,44.419479,638.571777
2026-07-16 19:37:59.122000+00:00,14.348633,44.361115,637.335205
2026-07-16 19:38:01.127000+00:00,14.349414,44.231033,636.516113
2026-07-16 19:38:03.134000+00:00,14.35,44.147873,634.6875
2026-07-16 19:38:05.153000+00:00,14.354102,43.482971,633.515625
2026-07-16 19:38:07.131000+00:00,14.358008,42.871857,624.160156
2026-07-16 19:38:09.142000+00:00,14.358789,42.753983,615.557861
2026-07-16 19:38:11.144000+00:00,14.359179,42.665863,613.891602
2026-07-16 19:38:13.146000+00:00,14.359766,42.580795,612.648926
2026-07-16 19:38:15.141000+00:00,14.359179,42.670441,611.448975
2026-07-16 19:38:17.128000+00:00,14.359962,42.595673,612.713623
2026-07-16 19:38:19.149000+00:00,14.360743,42.460251,611.671143
2026-07-16 19:38:21.136000+00:00,14.360743,42.456436,609.75708
2026-07-16 19:38:23.137000+00:00,14.36543,41.688156,609.709473
2026-07-16 19:38:25.134000+00:00,14.366015,41.595459,598.867188
2026-07-16 19:38:27.142000+00:00,14.365821,41.626358,597.559814
2026-07-16 19:38:29.156000+00:00,14.365821,41.653442,598.000488
2026-07-16 19:38:31.163000+00:00,14.366797,41.480637,598.38501
2026-07-16 19:38:33.171000+00:00,14.368164,41.251373,595.946045
2026-07-16 19:38:35.175000+00:00,14.368751,41.201401,592.711182
2026-07-16 19:38:37.163000+00:00,14.368751,41.168213,592.010498
2026-07-16 19:38:39.183000+00:00,14.369336,41.113281,591.535645
2026-07-16 19:38:41.188000+00:00,14.369336,41.088867,590.767822
2026-07-16 19:38:43.184000+00:00,14.369532,41.06636,590.41748
2026-07-16 19:38:45.185000+00:00,14.369727,41.038132,590.102539
2026-07-16 19:38:47.173000+00:00,14.369727,41.035843,589.702148
2026-07-16 19:38:49.201000+00:00,14.370117,40.995789,589.67041
2026-07-16 19:38:51.202000+00:00,14.370508,40.912628,589.110107
2026-07-16 19:38:53.209000+00:00,14.370898,40.844345,587.93335
2026-07-16 19:38:55.186000+00:00,14.371094,40.826797,586.967773
2026-07-16 19:38:57.193000+00:00,14.371094,40.817261,586.722412
2026-07-16 19:38:59.220000+00:00,14.371485,40.790176,586.590576
2026-07-16 19:39:01.221000+00:00,14.371875,40.716934,586.213379
2026-07-16 19:39:03.225000+00:00,14.37207,40.67955,585.174561
2026-07-16 19:39:05.222000+00:00,14.372266,40.661621,584.649658
2026-07-16 19:39:07.207000+00:00,14.372461,40.640259,584.396973
2026-07-16 19:39:09.221000+00:00,14.372461,40.627289,584.099121
2026-07-16 19:39:11.224000+00:00,14.371875,40.715027,583.912354
2026-07-16 19:39:13.216000+00:00,14.371875,40.721893,585.155029
2026-07-16 19:39:15.224000+00:00,14.37207,40.707016,585.250244
2026-07-16 19:39:17.218000+00:00,14.372657,40.629196,585.043945
2026-07-16 19:39:19.218000+00:00,14.372461,40.6353,583.947754
2026-07-16 19:39:21.219000+00:00,14.372851,40.576553,584.02832
2026-07-16 19:39:23.215000+00:00,14.373047,40.560532,583.198242
2026-07-16 19:39:25.225000+00:00,14.373047,40.535736,582.973633
2026-07-16 19:39:27.220000+00:00,14.373438,40.483475,582.62085
2026-07-16 19:39:29.248000+00:00,14.373633,40.462494,581.884766
2026-07-16 19:39:31.243000+00:00,14.374219,40.359879,581.591797
2026-07-16 19:39:33.242000+00:00,14.374414,40.333557,580.144043
2026-07-16 19:39:35.242000+00:00,14.374804,40.267944,579.771729
2026-07-16 19:39:37.227000+00:00,14.375196,40.236282,578.840332
2026-07-16 19:39:39.245000+00:00,14.375587,40.164185,578.40332
2026-07-16 19:39:41.245000+00:00,14.375781,40.132523,577.380371
2026-07-16 19:39:43.247000+00:00,14.375977,40.090942,576.931152
2026-07-16 19:39:45.247000+00:00,14.376172,40.059662,576.342773
2026-07-16 19:39:47.233000+00:00,14.376758,39.982605,575.905762
2026-07-16 19:39:49.247000+00:00,14.376953,39.93187,574.814453
2026-07-16 19:39:51.249000+00:00,14.377344,39.878845,574.101562
2026-07-16 19:39:53.252000+00:00,14.37793,39.782333,573.348389
2026-07-16 19:39:55.236000+00:00,14.378125,39.76326,571.989746
2026-07-16 19:39:57.238000+00:00,14.378321,39.750671,571.717529
2026-07-16 19:39:59.257000+00:00,14.378711,39.710236,571.54541
2026-07-16 19:40:01.259000+00:00,14.379102,39.633942,570.977783
2026-07-16 19:40:03.264000+00:00,14.379297,39.619446,569.899902
2026-07-16 19:40:05.266000+00:00,14.379687,39.559937,569.698486
2026-07-16 19:40:07.252000+00:00,14.379883,39.533615,568.857422
2026-07-16 19:40:09.269000+00:00,14.380469,39.422989,568.485107
2026-07-16 19:40:11.268000+00:00,14.380664,39.384842,566.922607
2026-07-16 19:40:13.268000+00:00,14.381055,39.35051,566.379395
2026-07-16 19:40:15.272000+00:00,14.38125,39.330673,565.900879
2026-07-16 19:40:17.253000+00:00,14.381446,39.279175,565.618896
2026-07-16 19:40:19.275000+00:00,14.381836,39.228821,564.892578
2026-07-16 19:40:21.258000+00:00,14.381836,39.210892,564.18335
2026-07-16 19:40:23.250000+00:00,14.382227,39.151001,563.92334
2026-07-16 19:40:25.261000+00:00,14.382227,39.147949,563.077393
2026-07-16 19:40:27.261000+00:00,14.382617,39.108276,563.035889
2026-07-16 19:40:29.292000+00:00,14.382812,39.072037,562.475586
2026-07-16 19:40:31.285000+00:00,14.336914,46.386337,561.965332
2026-07-16 19:40:33.278000+00:00,14.349219,44.410324,665.023193
2026-07-16 19:40:35.280000+00:00,14.354492,43.543625,637.250977
2026-07-16 19:40:37.274000+00:00,14.359571,42.757797,625.047607
2026-07-16 19:40:39.292000+00:00,14.367383,41.503143,613.980713
2026-07-16 19:40:41.289000+00:00,14.370508,40.996552,596.289062
2026-07-16 19:40:43.290000+00:00,14.373242,40.558243,589.139404
2026-07-16 19:40:45.296000+00:00,14.380469,39.419937,582.947998
2026-07-16 19:40:47.281000+00:00,14.391602,37.617874,566.870117
2026-07-16 19:40:49.301000+00:00,14.394141,37.2612,541.381836
2026-07-16 19:40:51.315000+00:00,14.395899,36.958313,536.343994
2026-07-16 19:40:53.323000+00:00,14.398633,36.503601,532.04834
2026-07-16 19:40:55.314000+00:00,14.399805,36.322021,525.606689
2026-07-16 19:40:57.317000+00:00,14.400977,36.169815,523.033447
2026-07-16 19:40:59.329000+00:00,14.401563,36.043167,520.878906
2026-07-16 19:41:01.328000+00:00,14.40293,35.853195,519.078369
2026-07-16 19:41:03.329000+00:00,14.40332,35.778809,516.387939
2026-07-16 19:41:05.328000+00:00,14.403907,35.687637,515.332031
2026-07-16 19:41:07.312000+00:00,14.404101,35.642242,514.038086
2026-07-16 19:41:09.329000+00:00,14.404688,35.556793,513.395996
2026-07-16 19:41:11.345000+00:00,14.404883,35.526276,512.183838
2026-07-16 19:41:13.334000+00:00,14.405078,35.476303,511.751709
2026-07-16 19:41:15.338000+00:00,14.405273,35.448456,511.038818
2026-07-16 19:41:17.328000+00:00,14.405664,35.389709,510.645752
2026-07-16 19:41:19.347000+00:00,14.40586,35.365295,509.812012
2026-07-16 19:41:21.334000+00:00,14.406054,35.343552,509.470215
2026-07-16 19:41:23.334000+00:00,14.40625,35.332489,509.160156
2026-07-16 19:41:25.340000+00:00,14.406641,35.303497,509.012451
2026-07-16 19:41:27.337000+00:00,14.406837,35.251236,508.601074
2026-07-16 19:41:29.355000+00:00,14.407031,35.214615,507.855225
2026-07-16 19:41:31.361000+00:00,14.407227,35.16655,507.337646
2026-07-16 19:41:33.355000+00:00,14.407422,35.14595,506.651611
2026-07-16 19:41:35.359000+00:00,14.407618,35.116196,506.362305
2026-07-16 19:41:37.344000+00:00,14.407813,35.1017,505.941162
2026-07-16 19:41:39.368000+00:00,14.408203,35.06813,505.736084
2026-07-16 19:41:41.358000+00:00,14.408203,35.043335,505.263672
2026-07-16 19:41:43.359000+00:00,14.408399,35.023499,504.914551
2026-07-16 19:41:45.373000+00:00,14.408594,34.994125,504.633789
2026-07-16 19:41:47.353000+00:00,14.408984,34.932327,504.210205
2026-07-16 19:41:49.366000+00:00,14.40918,34.903717,503.336182
2026-07-16 19:41:51.367000+00:00,14.409375,34.877014,502.929688
2026-07-16 19:41:53.363000+00:00,14.409571,34.812927,502.556152
2026-07-16 19:41:55.351000+00:00,14.409961,34.787369,501.640625
2026-07-16 19:41:57.350000+00:00,14.410156,34.759521,501.281738
2026-07-16 19:41:59.385000+00:00,14.410156,34.732437,500.88623
2026-07-16 19:42:01.372000+00:00,14.410547,34.659576,500.500488
2026-07-16 19:42:03.371000+00:00,14.410743,34.623718,499.466553
2026-07-16 19:42:05.375000+00:00,14.410937,34.601974,498.953857
2026-07-16 19:42:07.357000+00:00,14.411328,34.56459,498.643799
2026-07-16 19:42:09.377000+00:00,14.411524,34.502029,498.121338
2026-07-16 19:42:11.384000+00:00,14.411914,34.469604,497.231445
2026-07-16 19:42:13.387000+00:00,14.412109,34.426117,496.772461
2026-07-16 19:42:15.388000+00:00,14.412305,34.402084,496.152344
2026-07-16 19:42:17.375000+00:00,14.412696,34.330368,495.809326
2026-07-16 19:42:19.389000+00:00,14.41289,34.300232,494.794922
2026-07-16 19:42:21.380000+00:00,14.413281,34.262466,494.364014
2026-07-16 19:42:23.387000+00:00,14.413477,34.199524,493.831787
2026-07-16 19:42:25.384000+00:00,14.413672,34.160614,492.93335
2026-07-16 19:42:27.385000+00:00,14.413867,34.117508,492.382812
2026-07-16 19:42:29.405000+00:00,14.414062,34.094238,491.766357
2026-07-16 19:42:31.405000+00:00,14.414454,34.037018,491.437988
2026-07-16 19:42:33.400000+00:00,14.414649,34.008408,490.625
2026-07-16 19:42:35.404000+00:00,14.414844,33.971024,490.218506
2026-07-16 19:42:37.393000+00:00,14.417773,33.502197,489.685059
2026-07-16 19:42:39.416000+00:00,14.421679,32.876968,483.024902
2026-07-16 19:42:41.421000+00:00,14.422266,32.781601,474.139404
2026-07-16 19:42:43.424000+00:00,14.422656,32.704926,472.77832
2026-07-16 19:42:45.425000+00:00,14.423243,32.632446,471.693115
2026-07-16 19:42:47.408000+00:00,14.423828,32.527924,470.665283
2026-07-16 19:42:49.425000+00:00,14.424024,32.483673,469.177246
2026-07-16 19:42:51.423000+00:00,14.424219,32.447815,468.547363
2026-07-16 19:42:53.422000+00:00,14.424609,32.378387,468.037109
2026-07-16 19:42:55.408000+00:00,14.424805,32.338333,467.049561
2026-07-16 19:42:57.411000+00:00,14.425196,32.313919,466.477051
2026-07-16 19:42:59.427000+00:00,14.425391,32.274628,466.134033
2026-07-16 19:43:01.425000+00:00,14.425781,32.207108,465.571289
2026-07-16 19:43:03.428000+00:00,14.425977,32.169342,464.609375
2026-07-16 19:43:05.426000+00:00,14.426172,32.128143,464.073486
2026-07-16 19:43:07.408000+00:00,14.426368,32.089233,463.48877
2026-07-16 19:43:09.427000+00:00,14.426758,32.040787,462.932129
2026-07-16 19:43:11.426000+00:00,14.427149,32.004547,462.247314
2026-07-16 19:43:13.431000+00:00,14.427344,31.967163,461.734619
2026-07-16 19:43:15.437000+00:00,14.427539,31.927109,461.199951
2026-07-16 19:43:17.426000+00:00,14.42793,31.853104,460.627441
2026-07-16 19:43:19.443000+00:00,14.428321,31.818008,459.577637
2026-07-16 19:43:21.431000+00:00,14.428515,31.796646,459.078369
2026-07-16 19:43:23.439000+00:00,14.428906,31.717682,458.776855
2026-07-16 19:43:25.431000+00:00,14.429297,31.685257,457.650146
2026-07-16 19:43:27.440000+00:00,14.429492,31.640625,457.191162
2026-07-16 19:43:29.450000+00:00,14.429688,31.616974,456.555176
2026-07-16 19:43:31.455000+00:00,14.430079,31.526566,456.224365
2026-07-16 19:43:33.456000+00:00,14.430274,31.494904,454.932861
2026-07-16 19:43:35.460000+00:00,14.430664,31.456757,454.481201
2026-07-16 19:43:37.451000+00:00,14.43086,31.426239,453.94043
2026-07-16 19:43:39.472000+00:00,14.431251,31.348801,453.50708
2026-07-16 19:43:41.475000+00:00,14.431641,31.308365,452.401123
2026-07-16 19:43:43.478000+00:00,14.431836,31.264877,451.827393
2026-07-16 19:43:45.478000+00:00,14.432032,31.219482,451.206055
2026-07-16 19:43:47.465000+00:00,14.432617,31.142807,450.559082
2026-07-16 19:43:49.484000+00:00,14.432813,31.101608,449.471436
2026-07-16 19:43:51.490000+00:00,14.433008,31.056976,448.880615
2026-07-16 19:43:53.489000+00:00,14.433398,30.976868,448.249512
2026-07-16 19:43:55.474000+00:00,14.433789,30.934525,447.108154
2026-07-16 19:43:57.476000+00:00,14.43418,30.886078,446.501465
2026-07-16 19:43:59.489000+00:00,14.434375,30.851364,445.812988
2026-07-16 19:44:01.501000+00:00,14.434766,30.754089,445.318604
2026-07-16 19:44:03.505000+00:00,14.435157,30.717468,443.928223
2026-07-16 19:44:05.509000+00:00,14.435351,30.672455,443.409424
2026-07-16 19:44:07.493000+00:00,14.435547,30.624008,442.767334
2026-07-16 19:44:09.507000+00:00,14.436133,30.532455,442.076416
2026-07-16 19:44:11.509000+00:00,14.436523,30.49736,440.769043
2026-07-16 19:44:13.513000+00:00,14.436719,30.453491,440.274658
2026-07-16 19:44:15.502000+00:00,14.43711,30.400085,439.649658
2026-07-16 19:44:17.489000+00:00,14.437696,30.307388,438.885498
2026-07-16 19:44:19.511000+00:00,14.437891,30.260086,437.568359
2026-07-16 19:44:21.498000+00:00,14.438087,30.215073,436.890869
2026-07-16 19:44:23.505000+00:00,14.438477,30.101013,436.248779
2026-07-16 19:44:25.510000+00:00,14.438868,30.033875,434.619141
2026-07-16 19:44:27.504000+00:00,14.438868,29.906082,433.653564
2026-07-16 19:44:29.537000+00:00,14.439063,29.887009,431.809082
2026-07-16 19:44:31.526000+00:00,14.439649,29.825592,431.542969
2026-07-16 19:44:33.528000+00:00,14.439844,29.777527,430.670166
2026-07-16 19:44:35.528000+00:00,14.44043,29.73175,429.986572
2026-07-16 19:44:37.519000+00:00,14.440821,29.687119,429.338379
2026-07-16 19:44:39.540000+00:00,14.441211,29.580307,428.701172
2026-07-16 19:44:41.549000+00:00,14.441602,29.524231,427.178955
2026-07-16 19:44:43.552000+00:00,14.441797,29.473877,426.373291
2026-07-16 19:44:45.564000+00:00,14.442383,29.421234,425.657959
2026-07-16 19:44:47.545000+00:00,14.442969,29.315567,424.912109
2026-07-16 19:44:49.561000+00:00,14.443359,29.259491,423.405762
2026-07-16 19:44:51.567000+00:00,14.418945,33.187485,422.606201
2026-07-16 19:44:53.571000+00:00,14.399024,36.406326,478.419189
2026-07-16 19:44:55.561000+00:00,14.403125,35.726929,524.212646
2026-07-16 19:44:57.565000+00:00,14.407031,35.112762,514.576416
2026-07-16 19:44:59.587000+00:00,14.410547,34.558487,505.872803
2026-07-16 19:45:01.593000+00:00,14.416602,33.58345,498.00415
2026-07-16 19:45:03.601000+00:00,14.418945,33.173752,484.155273
2026-07-16 19:45:05.605000+00:00,14.425196,32.173157,478.330078
2026-07-16 19:45:07.592000+00:00,14.433594,30.820847,464.100342
2026-07-16 19:45:09.612000+00:00,14.439258,29.914856,444.853516
2026-07-16 19:45:11.620000+00:00,14.441211,29.611588,431.943359
2026-07-16 19:45:13.624000+00:00,14.442774,29.331589,427.625732
2026-07-16 19:45:15.628000+00:00,14.44414,29.122543,423.62915
2026-07-16 19:45:17.620000+00:00,14.446485,28.774643,420.653076
2026-07-16 19:45:19.640000+00:00,14.447266,28.622818,415.690918
2026-07-16 19:45:21.643000+00:00,14.448242,28.485107,413.520508
2026-07-16 19:45:23.657000+00:00,14.388282,38.132477,411.561279
2026-07-16 19:45:25.650000+00:00,14.371289,40.873718,548.400879
2026-07-16 19:45:27.655000+00:00,14.380469,39.365387,587.407227
2026-07-16 19:45:29.679000+00:00,14.388476,38.065338,566.09375
2026-07-16 19:45:31.686000+00:00,14.405078,35.407257,547.706299
2026-07-16 19:45:33.689000+00:00,14.426368,32.007217,510.031738
2026-07-16 19:45:35.700000+00:00,14.433008,30.93071,461.748047
2026-07-16 19:45:37.688000+00:00,14.437891,30.138397,446.424561
2026-07-16 19:45:39.707000+00:00,14.444727,29.042816,435.130615
2026-07-16 19:45:41.700000+00:00,14.447266,28.643417,419.515381
2026-07-16 19:45:43.705000+00:00,14.449414,28.313065,413.814697
2026-07-16 19:45:45.706000+00:00,14.450976,28.030014,409.102783
2026-07-16 19:45:47.692000+00:00,14.453906,27.576828,405.059814
2026-07-16 19:45:49.715000+00:00,14.455078,27.388382,398.596191
2026-07-16 19:45:51.724000+00:00,14.456055,27.211761,395.900879
2026-07-16 19:45:53.733000+00:00,14.458008,26.900482,393.375244
2026-07-16 19:45:55.710000+00:00,14.458984,26.763916,388.925781
2026-07-16 19:45:57.715000+00:00,14.459765,26.629639,386.976318
2026-07-16 19:45:59.729000+00:00,14.460547,26.511002,385.056152
2026-07-16 19:46:01.738000+00:00,14.46211,26.261902,383.360596
2026-07-16 19:46:03.744000+00:00,14.462891,26.150513,379.803467
2026-07-16 19:46:05.747000+00:00,14.463477,26.03302,378.21167
2026-07-16 19:46:07.720000+00:00,14.464258,25.922394,376.52832
2026-07-16 19:46:09.735000+00:00,14.46543,25.706863,374.945068
2026-07-16 19:46:11.735000+00:00,14.466211,25.600815,371.862793
2026-07-16 19:46:13.753000+00:00,14.466992,25.487137,370.350342
2026-07-16 19:46:15.761000+00:00,14.467578,25.390244,368.720703
2026-07-16 19:46:17.751000+00:00,14.468946,25.172806,367.332764
2026-07-16 19:46:19.761000+00:00,14.469531,25.064468,364.226074
2026-07-16 19:46:21.763000+00:00,14.470313,24.950409,362.67334
2026-07-16 19:46:23.781000+00:00,14.471484,24.729919,361.043701
2026-07-16 19:46:25.754000+00:00,14.472266,24.613571,357.874756
2026-07-16 19:46:27.763000+00:00,14.472852,24.511719,356.210938
2026-07-16 19:46:29.788000+00:00,14.473633,24.407959,354.754639
2026-07-16 19:46:31.797000+00:00,14.474805,24.187469,353.271484
2026-07-16 19:46:33.805000+00:00,14.475586,24.072266,350.109863
2026-07-16 19:46:35.813000+00:00,14.476172,23.963928,348.460693
2026-07-16 19:46:37.806000+00:00,14.476954,23.833466,346.905518
2026-07-16 19:46:39.829000+00:00,14.478516,23.618698,345.039062
2026-07-16 19:46:41.833000+00:00,14.479297,23.499298,341.962891
2026-07-16 19:46:43.837000+00:00,14.479883,23.390198,340.251465
2026-07-16 19:46:45.849000+00:00,14.481445,23.15979,338.688965
2026-07-16 19:46:47.827000+00:00,14.482422,23.033905,335.388184
2026-07-16 19:46:49.846000+00:00,14.483008,22.903824,333.583984
2026-07-16 19:46:51.846000+00:00,14.483789,22.783279,331.716309
2026-07-16 19:46:53.856000+00:00,14.485352,22.530365,329.989014
2026-07-16 19:46:55.850000+00:00,14.486133,22.40448,326.356201
2026-07-16 19:46:57.856000+00:00,14.486915,22.275543,324.549561
2026-07-16 19:46:59.864000+00:00,14.487696,22.139359,322.705078
2026-07-16 19:47:01.868000+00:00,14.489453,21.87767,320.744629
2026-07-16 19:47:03.873000+00:00,14.49043,21.70639,316.992188
2026-07-16 19:47:05.876000+00:00,14.491602,21.519852,314.534912
2026-07-16 19:47:07.863000+00:00,14.492579,21.355057,311.856689
2026-07-16 19:47:09.885000+00:00,14.494532,21.034241,309.490967
2026-07-16 19:47:11.890000+00:00,14.495704,20.86792,304.87915
2026-07-16 19:47:13.898000+00:00,14.496875,20.686722,302.496338
2026-07-16 19:47:15.898000+00:00,14.498633,20.378113,299.890137
2026-07-16 19:47:17.891000+00:00,14.499414,20.238113,295.45166
2026-07-16 19:47:19.913000+00:00,14.500391,20.096207,293.443604
2026-07-16 19:47:21.918000+00:00,14.501368,19.945145,291.400146
2026-07-16 19:47:23.924000+00:00,14.50293,19.676971,289.230957
2026-07-16 19:47:25.907000+00:00,14.503711,19.532013,285.372314
2026-07-16 19:47:27.912000+00:00,14.504687,19.387054,283.288574
2026-07-16 19:47:29.934000+00:00,14.505469,19.25354,281.201172
2026-07-16 19:47:31.947000+00:00,14.507227,18.983078,279.278564
2026-07-16 19:47:33.958000+00:00,14.508008,18.856049,275.386963
2026-07-16 19:47:35.960000+00:00,14.508789,18.73436,273.562012
2026-07-16 19:47:37.939000+00:00,14.50957,18.604279,271.811523
2026-07-16 19:47:39.963000+00:00,14.511133,18.333054,269.938965
2026-07-16 19:47:41.967000+00:00,14.511914,18.195343,266.036377
2026-07-16 19:47:43.972000+00:00,14.512891,18.061829,264.050293
2026-07-16 19:47:45.978000+00:00,14.514648,17.785645,262.130127
2026-07-16 19:47:47.966000+00:00,14.515429,17.636108,258.148193
2026-07-16 19:47:49.988000+00:00,14.516212,17.524338,255.999756
2026-07-16 19:47:51.993000+00:00,14.517188,17.39006,254.385986
2026-07-16 19:47:53.995000+00:00,14.51875,17.119598,252.452393
2026-07-16 19:47:55.993000+00:00,14.519531,16.994858,248.554688
2026-07-16 19:47:58.001000+00:00,14.520312,16.867828,246.757812
2026-07-16 19:48:00.011000+00:00,14.521289,16.69693,244.924316
2026-07-16 19:48:02.017000+00:00,14.523047,16.415787,242.460938
2026-07-16 19:48:04.023000+00:00,14.523829,16.279221,238.408203
2026-07-16 19:48:06.047000+00:00,14.524805,16.14151,236.436768
2026-07-16 19:48:08.012000+00:00,14.526367,15.862656,234.450684
2026-07-16 19:48:10.038000+00:00,14.527148,15.733337,230.427246
2026-07-16 19:48:12.044000+00:00,14.528125,15.594101,228.562012
2026-07-16 19:48:14.050000+00:00,14.528907,15.460205,226.551514
2026-07-16 19:48:16.057000+00:00,14.530664,15.198898,224.61792
2026-07-16 19:48:18.040000+00:00,14.53125,15.050125,220.848389
2026-07-16 19:48:20.062000+00:00,14.532227,14.912415,218.69873
2026-07-16 19:48:22.066000+00:00,14.533008,14.777374,216.707764
2026-07-16 19:48:24.068000+00:00,14.534766,14.517212,214.758301
2026-07-16 19:48:26.057000+00:00,14.535352,14.378357,211.000977
2026-07-16 19:48:28.056000+00:00,14.536328,14.247513,208.995361
2026-07-16 19:48:30.079000+00:00,14.537109,14.126205,207.105713
2026-07-16 19:48:32.084000+00:00,14.538672,13.866806,205.351562
2026-07-16 19:48:34.102000+00:00,14.539454,13.733292,201.602783
2026-07-16 19:48:36.095000+00:00,14.540235,13.607788,199.675293
2026-07-16 19:48:38.081000+00:00,14.541602,13.368988,197.857666
2026-07-16 19:48:40.097000+00:00,14.542383,13.240814,194.403076
2026-07-16 19:48:42.104000+00:00,14.508985,18.619156,192.550049
2026-07-16 19:48:44.105000+00:00,14.473047,24.621582,269.923096
2026-07-16 19:48:46.108000+00:00,14.491406,21.58165,356.345215
2026-07-16 19:48:48.097000+00:00,14.520312,16.8396,312.723389
2026-07-16 19:48:50.114000+00:00,14.52793,15.570068,244.515381
2026-07-16 19:48:52.117000+00:00,14.533594,14.661407,226.199951
2026-07-16 19:48:54.120000+00:00,14.541016,13.467407,213.079834
2026-07-16 19:48:56.120000+00:00,14.543555,13.049316,195.828857
2026-07-16 19:48:58.125000+00:00,14.545703,12.698364,189.783936
2026-07-16 19:49:00.145000+00:00,14.547462,12.409973,184.705811
2026-07-16 19:49:02.152000+00:00,14.550391,11.951065,180.531006
2026-07-16 19:49:04.161000+00:00,14.551562,11.75499,173.891602
2026-07-16 19:49:06.144000+00:00,14.552539,11.582184,171.049805
2026-07-16 19:49:08.138000+00:00,14.554492,11.27739,168.551025
2026-07-16 19:49:10.162000+00:00,14.555274,11.135101,164.133301
2026-07-16 19:49:12.167000+00:00,14.556055,11.014938,162.075195
2026-07-16 19:49:14.174000+00:00,14.556641,10.890198,160.334473
2026-07-16 19:49:16.177000+00:00,14.558204,10.666656,158.526611
2026-07-16 19:49:18.153000+00:00,14.558789,10.569382,155.285645
2026-07-16 19:49:20.184000+00:00,14.559375,10.476303,153.876953
2026-07-16 19:49:22.184000+00:00,14.559961,10.370636,152.526855
2026-07-16 19:49:24.186000+00:00,14.561133,10.168839,150.994873
2026-07-16 19:49:26.165000+00:00,14.561719,10.074615,148.071289
2026-07-16 19:49:28.169000+00:00,14.562304,9.997177,146.705322
2026-07-16 19:49:30.190000+00:00,14.562891,9.895706,145.579834
2026-07-16 19:49:32.183000+00:00,14.563868,9.709167,144.108887
2026-07-16 19:49:34.182000+00:00,14.564453,9.62944,141.401367
2026-07-16 19:49:36.198000+00:00,14.56504,9.538269,140.245361
2026-07-16 19:49:38.169000+00:00,14.566016,9.371185,138.922119
2026-07-16 19:49:40.195000+00:00,14.566406,9.286499,136.502686
2026-07-16 19:49:42.187000+00:00,14.566993,9.205627,135.269775
2026-07-16 19:49:44.186000+00:00,14.567383,9.12323,134.0979
2026-07-16 19:49:46.185000+00:00,14.568555,8.977127,132.89917
2026-07-16 19:49:48.173000+00:00,14.568946,8.906937,130.784912
2026-07-16 19:49:50.187000+00:00,14.56914,8.824921,129.761963
2026-07-16 19:49:52.188000+00:00,14.569727,8.74939,128.572998
2026-07-16 19:49:54.190000+00:00,14.570704,8.598709,127.475586
2026-07-16 19:49:56.178000+00:00,14.571094,8.533859,125.290527
2026-07-16 19:49:58.184000+00:00,14.571485,8.456039,124.346924
2026-07-16 19:50:00.200000+00:00,14.57207,8.390427,123.215332
2026-07-16 19:50:02.205000+00:00,14.572852,8.246231,122.263184
2026-07-16 19:50:04.205000+00:00,14.573242,8.175278,120.172119
2026-07-16 19:50:06.205000+00:00,14.573633,8.113861,119.140625
2026-07-16 19:50:08.196000+00:00,14.57461,7.979202,118.249512
2026-07-16 19:50:10.222000+00:00,14.575,7.904434,116.293945
2026-07-16 19:50:12.217000+00:00,14.575391,7.83844,115.20752
2026-07-16 19:50:14.226000+00:00,14.575782,7.778549,114.245605
2026-07-16 19:50:16.217000+00:00,14.576563,7.633591,113.375244
2026-07-16 19:50:18.208000+00:00,14.576758,7.573318,111.273193
2026-07-16 19:50:20.225000+00:00,14.577148,7.501984,110.393066
2026-07-16 19:50:22.238000+00:00,14.577735,7.442093,109.359131
2026-07-16 19:50:24.243000+00:00,14.578516,7.317352,108.48999
2026-07-16 19:50:26.222000+00:00,14.578712,7.25975,106.676025
2026-07-16 19:50:28.228000+00:00,14.579102,7.200241,105.838623
2026-07-16 19:50:30.252000+00:00,14.579493,7.130432,104.971924
2026-07-16 19:50:32.277000+00:00,14.580078,7.022095,103.95752
2026-07-16 19:50:34.252000+00:00,14.580665,6.96373,102.380371
2026-07-16 19:50:36.261000+00:00,14.581055,6.904221,101.536865
2026-07-16 19:50:38.249000+00:00,14.581641,6.807709,100.668945
2026-07-16 19:50:40.272000+00:00,14.582031,6.740952,99.265137
2026-07-16 19:50:42.276000+00:00,14.582422,6.689453,98.295898
2026-07-16 19:50:44.284000+00:00,14.582618,6.639862,97.547607
2026-07-16 19:50:46.279000+00:00,14.583399,6.525803,96.824951
2026-07-16 19:50:48.263000+00:00,14.583594,6.464386,95.164795
2026-07-16 19:50:50.297000+00:00,14.583984,6.415939,94.273682
2026-07-16 19:50:52.289000+00:00,14.58418,6.36673,93.570557
2026-07-16 19:50:54.299000+00:00,14.557813,-0.027466,92.852783
2026-07-16 19:50:56.292000+00:00,14.547852,-0.008392,-0.859375
2026-07-16 19:50:58.303000+00:00,14.538867,-0.012207,-0.343018
2026-07-16 19:51:02.316000+00:00,14.515429,-0.010681,-0.404053
2026-07-16 19:51:04.318000+00:00,14.508399,-0.014114,-0.253906
2026-07-16 19:51:06.320000+00:00,14.501758,-0.016403,-0.281982
2026-07-16 19:51:08.306000+00:00,14.489453,-0.01564,-0.319824
2026-07-16 19:51:10.327000+00:00,14.483398,-0.027084,-0.279541
2026-07-16 19:51:12.332000+00:00,14.477735,-0.011444,-1.071777
2026-07-16 19:51:14.338000+00:00,14.472071,-0.013733,-0.273438
2026-07-16 19:51:18.335000+00:00,14.456446,-0.011063,-0.743408
2026-07-16 19:51:20.352000+00:00,14.451367,-0.01297,-0.351562
2026-07-16 19:51:22.354000+00:00,14.446485,-0.013351,-0.266113
2026-07-16 19:51:24.342000+00:00,14.43711,-0.009918,-0.281982
2026-07-16 19:51:26.343000+00:00,14.432617,-0.01564,-0.270996
2026-07-16 19:51:28.340000+00:00,14.42793,-0.011826,-0.366211
2026-07-16 19:51:30.362000+00:00,14.423633,-0.008011,-0.256348
2026-07-16 19:51:32.364000+00:00,14.415235,0.00267,-0.286865
2026-07-16 19:51:34.362000+00:00,14.411133,-0.013351,0.993652
2026-07-16 19:51:36.368000+00:00,14.407031,-0.01297,-0.499268
2026-07-16 19:51:38.354000+00:00,14.399219,-0.008011,-0.266113
2026-07-16 19:51:40.372000+00:00,14.395312,-0.014877,-0.3479
2026-07-16 19:51:42.372000+00:00,14.391602,-0.006104,-0.413818
2026-07-16 19:51:44.374000+00:00,14.387891,-0.011444,-0.429688
2026-07-16 19:51:46.371000+00:00,14.380859,-0.016403,-0.250244
2026-07-16 19:51:48.361000+00:00,14.377344,-0.012589,-0.291748
2026-07-16 19:51:50.375000+00:00,14.373828,-0.014496,-0.255127
2026-07-16 19:51:52.381000+00:00,14.370508,-0.011063,-0.275879
2026-07-16 19:51:54.373000+00:00,14.364062,-0.012589,-0.239258
2026-07-16 19:51:56.372000+00:00,14.360938,-0.013733,-0.251465
2026-07-16 19:51:58.366000+00:00,14.357813,-0.010681,-0.281982
2026-07-16 19:52:00.386000+00:00,14.354688,-0.012589,-0.323486
2026-07-16 19:52:02.388000+00:00,14.348828,-0.014114,-0.355225
2026-07-16 19:52:04.390000+00:00,14.345899,-0.013351,-0.2771
2026-07-16 19:52:06.390000+00:00,14.342969,-0.0103,-0.354004
2026-07-16 19:52:08.379000+00:00,14.337305,-0.013351,-0.267334
2026-07-16 19:52:10.399000+00:00,14.334571,-0.016022,-0.313721
2026-07-16 19:52:12.399000+00:00,14.331836,-0.0103,-0.310059
2026-07-16 19:52:16.403000+00:00,14.324023,-0.001526,-0.283203
2026-07-16 19:52:18.386000+00:00,14.321485,-0.009537,-1.092529
2026-07-16 19:52:20.410000+00:00,14.318946,-0.012207,-0.283203
2026-07-16 19:52:22.402000+00:00,14.316602,-0.011444,-0.296631
2026-07-16 19:52:24.381000+00:00,14.311719,-0.018311,-0.245361
2026-07-16 19:52:26.390000+00:00,14.309375,-0.0103,-0.466309
2026-07-16 19:52:28.395000+00:00,14.307032,-0.009537,-0.394287
2026-07-16 19:52:30.416000+00:00,14.304688,-0.013351,-0.255127
2026-07-16 19:52:32.421000+00:00,14.300196,-0.014496,-0.252686
2026-07-16 19:52:34.425000+00:00,14.297852,-0.01297,-0.296631
2026-07-16 19:52:36.423000+00:00,14.295703,-0.012207,-0.29541
2026-07-16 19:52:38.410000+00:00,14.291407,-0.011826,-0.258789
2026-07-16 19:52:40.423000+00:00,14.289454,-0.0103,-0.264893
2026-07-16 19:52:42.428000+00:00,14.287305,-0.011826,-0.26123
2026-07-16 19:52:46.440000+00:00,14.28125,-0.012207,-0.24292
2026-07-16 19:52:48.430000+00:00,14.279297,-0.008392,-0.280762
2026-07-16 19:52:50.440000+00:00,14.277539,-0.012589,-0.256348
2026-07-16 19:52:52.442000+00:00,14.275586,-0.011444,-0.247803
2026-07-16 19:52:54.443000+00:00,14.271875,-0.01297,-0.257568
2026-07-16 19:52:56.426000+00:00,14.269922,-0.011444,-0.268555
2026-07-16 19:52:58.428000+00:00,14.268359,-0.011063,-0.284424
2026-07-16 19:53:02.444000+00:00,14.262891,-0.008774,-0.274658
2026-07-16 19:53:04.449000+00:00,14.261329,-0.013351,-0.256348
2026-07-16 19:53:06.448000+00:00,14.25957,-0.0103,-0.290527
2026-07-16 19:53:10.453000+00:00,14.254687,-0.011444,-0.256348
2026-07-16 19:53:12.455000+00:00,14.25293,-0.022125,-0.230713
2026-07-16 19:53:14.452000+00:00,14.251368,-0.012589,-0.472412
2026-07-16 19:53:16.456000+00:00,14.248438,0.008774,-0.267334
2026-07-16 19:53:18.443000+00:00,14.246875,-0.016785,1.019287
2026-07-16 19:53:20.457000+00:00,14.245313,-0.013351,-0.579834
2026-07-16 19:53:22.473000+00:00,14.243945,-0.010681,-0.457764
2026-07-16 19:53:24.472000+00:00,14.240821,-0.015259,-0.240479
2026-07-16 19:53:26.462000+00:00,14.239453,-0.014496,-0.284424
2026-07-16 19:53:28.456000+00:00,14.238086,-0.011826,-0.36499
2026-07-16 19:53:30.479000+00:00,14.236719,-0.003052,-0.377197
2026-07-16 19:53:32.494000+00:00,14.233985,-0.012207,-0.460205
2026-07-16 19:53:34.494000+00:00,14.232422,-0.004959,-0.264893
2026-07-16 19:53:36.497000+00:00,14.23125,-0.011444,-1.478271
2026-07-16 19:53:38.488000+00:00,14.228516,-0.006485,-0.305176
2026-07-16 19:53:40.509000+00:00,14.227344,-0.0103,-0.255127
2026-07-16 19:53:42.516000+00:00,14.225977,-0.01297,-0.228271
2026-07-16 19:53:46.530000+00:00,14.222266,0.02861,-0.273438
2026-07-16 19:53:48.520000+00:00,14.220899,0.000381,1.951904
2026-07-16 19:53:50.546000+00:00,14.219727,-0.009537,0.489502
2026-07-16 19:53:52.538000+00:00,14.218554,-0.009918,-0.256348
2026-07-16 19:53:54.543000+00:00,14.216211,-0.0103,-0.229492
2026-07-16 19:53:56.535000+00:00,14.215039,-0.007248,-0.3125
2026-07-16 19:53:58.524000+00:00,14.213867,-0.011444,-0.805664
2026-07-16 19:54:00.552000+00:00,14.212695,-0.013733,-0.244141
2026-07-16 19:54:02.556000+00:00,14.210352,-0.022125,-0.296631
2026-07-16 19:54:04.551000+00:00,14.209375,-0.010681,-1.455078
2026-07-16 19:54:06.554000+00:00,14.208203,-0.012589,-0.26123
2026-07-16 19:54:08.543000+00:00,14.206055,-0.011063,-0.289307
2026-07-16 19:54:10.559000+00:00,14.205078,-0.022507,-0.238037
2026-07-16 19:54:12.563000+00:00,14.203906,-0.009918,-1.324463
2026-07-16 19:54:14.566000+00:00,14.202929,-0.008392,-0.2771
2026-07-16 19:54:16.575000+00:00,14.200782,0.009155,-0.447998
2026-07-16 19:54:18.554000+00:00,14.2,-0.0103,1.296387
2026-07-16 19:54:20.557000+00:00,14.198829,-0.013733,-0.267334
2026-07-16 19:54:22.557000+00:00,14.197852,-0.011063,-0.257568
2026-07-16 19:54:24.553000+00:00,14.195899,-0.013733,-0.26123
2026-07-16 19:54:26.566000+00:00,14.194922,-0.014877,-0.27832
2026-07-16 19:54:28.568000+00:00,14.193946,-0.018692,-0.307617
2026-07-16 19:54:30.588000+00:00,14.193164,-0.011063,-0.460205
2026-07-16 19:54:32.591000+00:00,14.191406,-0.008011,-0.252686
2026-07-16 19:54:34.600000+00:00,14.190234,-0.012207,-0.294189
2026-07-16 19:54:36.611000+00:00,14.189453,-0.009918,-0.258789
2026-07-16 19:54:38.589000+00:00,14.187696,-0.012207,-0.228271
2026-07-16 19:54:40.622000+00:00,14.186914,-0.030518,-0.26123
2026-07-16 19:54:42.608000+00:00,14.185938,-0.011826,-0.6604
2026-07-16 19:54:44.611000+00:00,14.185157,-0.011444,-0.280762
2026-07-16 19:54:46.610000+00:00,14.183398,-0.009537,-1.883545
2026-07-16 19:54:48.594000+00:00,14.182617,-0.0103,-0.246582
2026-07-16 19:54:50.610000+00:00,14.16836,-0.017929,-0.531006
2026-07-16 19:54:52.615000+00:00,14.163477,-0.011826,-0.788574
2026-07-16 19:54:54.615000+00:00,14.161524,-0.022125,-0.98877
2026-07-16 19:54:56.606000+00:00,14.160743,-0.0103,-1.501465
2026-07-16 19:54:58.609000+00:00,14.159961,0.000381,-0.26001
