entity_id,state,last_changed
sensor.battery_bank_monitor_voltage_slope,unavailable,2026-07-15T04:00:00.000Z
sensor.battery_bank_monitor_voltage_slope,unknown,2026-07-15T15:45:35.148Z
sensor.battery_bank_monitor_voltage_slope,837.890625,2026-07-15T15:47:32.639Z
sensor.battery_bank_monitor_voltage_slope,544.697326660156,2026-07-15T15:48:32.635Z
sensor.battery_bank_monitor_voltage_slope,353.984832763672,2026-07-15T15:49:32.578Z
sensor.battery_bank_monitor_voltage_slope,229.61181640625,2026-07-15T15:50:32.585Z
sensor.battery_bank_monitor_voltage_slope,149.042404174805,2026-07-15T15:51:32.572Z
sensor.battery_bank_monitor_voltage_slope,96.7410354614258,2026-07-15T15:52:32.572Z
sensor.battery_bank_monitor_voltage_slope,63.0866165161133,2026-07-15T15:53:32.573Z
sensor.battery_bank_monitor_voltage_slope,41.0062980651855,2026-07-15T15:54:32.586Z
sensor.battery_bank_monitor_voltage_slope,26.6540927886963,2026-07-15T15:55:32.587Z
sensor.battery_bank_monitor_voltage_slope,17.325159072876,2026-07-15T15:56:32.587Z
sensor.battery_bank_monitor_voltage_slope,11.2613525390625,2026-07-15T15:57:32.587Z
sensor.battery_bank_monitor_voltage_slope,7.31987905502319,2026-07-15T15:58:32.593Z
sensor.battery_bank_monitor_voltage_slope,4.68949508666992,2026-07-15T15:59:32.601Z
sensor.battery_bank_monitor_voltage_slope,3.04817175865173,2026-07-15T16:00:32.593Z
sensor.battery_bank_monitor_voltage_slope,1.98131155967712,2026-07-15T16:01:32.597Z
sensor.battery_bank_monitor_voltage_slope,1.28785252571106,2026-07-15T16:02:32.600Z
sensor.battery_bank_monitor_voltage_slope,0.837104082107544,2026-07-15T16:03:32.600Z
sensor.battery_bank_monitor_voltage_slope,0.544117629528046,2026-07-15T16:04:32.600Z
sensor.battery_bank_monitor_voltage_slope,0.353676438331604,2026-07-15T16:05:32.653Z
sensor.battery_bank_monitor_voltage_slope,0.229889675974846,2026-07-15T16:06:32.658Z
sensor.battery_bank_monitor_voltage_slope,0.149428278207779,2026-07-15T16:07:32.577Z
sensor.battery_bank_monitor_voltage_slope,0.0287022441625595,2026-07-15T16:08:32.604Z
sensor.battery_bank_monitor_voltage_slope,0.0186564587056637,2026-07-15T16:09:32.606Z
sensor.battery_bank_monitor_voltage_slope,0.0121266981586814,2026-07-15T16:10:32.612Z
sensor.battery_bank_monitor_voltage_slope,-0.0602099932730198,2026-07-15T16:11:32.628Z
sensor.battery_bank_monitor_voltage_slope,-0.0391364954411983,2026-07-15T16:12:32.612Z
sensor.battery_bank_monitor_voltage_slope,-0.0254387203603983,2026-07-15T16:13:32.615Z
sensor.battery_bank_monitor_voltage_slope,-0.0165351685136557,2026-07-15T16:14:32.628Z
sensor.battery_bank_monitor_voltage_slope,-0.0107478592544794,2026-07-15T16:15:32.629Z
sensor.battery_bank_monitor_voltage_slope,-0.07541224360466,2026-07-15T16:16:32.615Z
sensor.battery_bank_monitor_voltage_slope,0.0194081738591194,2026-07-15T16:17:32.625Z
sensor.battery_bank_monitor_voltage_slope,-0.0558108203113079,2026-07-15T16:18:32.624Z
sensor.battery_bank_monitor_voltage_slope,-0.0362770333886147,2026-07-15T16:19:32.632Z
sensor.battery_bank_monitor_voltage_slope,unavailable,2026-07-15T16:19:51.071Z
sensor.battery_bank_monitor_voltage_slope,unknown,2026-07-15T16:19:56.311Z
sensor.battery_bank_monitor_voltage_slope,0.195503234863281,2026-07-15T16:20:55.253Z
sensor.battery_bank_monitor_voltage_slope,0.0586509704589844,2026-07-15T16:21:55.239Z
sensor.battery_bank_monitor_voltage_slope,0.0381231307983398,2026-07-15T16:22:55.208Z
sensor.battery_bank_monitor_voltage_slope,0.0247800350189209,2026-07-15T16:23:55.248Z
sensor.battery_bank_monitor_voltage_slope,-0.0523191094398499,2026-07-15T16:24:55.247Z
sensor.battery_bank_monitor_voltage_slope,0.0344187133014202,2026-07-15T16:25:55.243Z
sensor.battery_bank_monitor_voltage_slope,-0.0460539683699608,2026-07-15T16:26:55.253Z
sensor.battery_bank_monitor_voltage_slope,-0.0299350786954165,2026-07-15T16:27:55.261Z
sensor.battery_bank_monitor_voltage_slope,-0.0194578003138304,2026-07-15T16:28:55.328Z
sensor.battery_bank_monitor_voltage_slope,-0.0810737013816833,2026-07-15T16:29:55.383Z
sensor.battery_bank_monitor_voltage_slope,unavailable,2026-07-15T16:30:31.908Z
sensor.battery_bank_monitor_voltage_slope,unknown,2026-07-15T16:30:37.103Z
sensor.battery_bank_monitor_voltage_slope,-0.195503234863281,2026-07-15T16:31:36.870Z
sensor.battery_bank_monitor_voltage_slope,-0.127077102661133,2026-07-15T16:32:36.906Z
sensor.battery_bank_monitor_voltage_slope,-0.150692462921143,2026-07-15T16:33:36.939Z
sensor.battery_bank_monitor_voltage_slope,-0.0979501008987427,2026-07-15T16:34:36.982Z
sensor.battery_bank_monitor_voltage_slope,-0.132093697786331,2026-07-15T16:35:37.015Z
sensor.battery_bank_monitor_voltage_slope,-0.085860900580883,2026-07-15T16:36:37.058Z
sensor.battery_bank_monitor_voltage_slope,-0.0558095835149288,2026-07-15T16:37:37.104Z
sensor.battery_bank_monitor_voltage_slope,-0.0362762287259102,2026-07-15T16:38:37.139Z
sensor.battery_bank_monitor_voltage_slope,-0.0235795471817255,2026-07-15T16:39:37.191Z
sensor.battery_bank_monitor_voltage_slope,-0.0153267048299313,2026-07-15T16:40:37.242Z
sensor.battery_bank_monitor_voltage_slope,-0.0783884897828102,2026-07-15T16:41:37.281Z
sensor.battery_bank_monitor_voltage_slope,-0.0509525164961815,2026-07-15T16:42:37.334Z
sensor.battery_bank_monitor_voltage_slope,-0.0331191346049309,2026-07-15T16:43:37.379Z
sensor.battery_bank_monitor_voltage_slope,-0.0215274374932051,2026-07-15T16:44:37.422Z
sensor.battery_bank_monitor_voltage_slope,-0.013992833904922,2026-07-15T16:45:37.489Z
sensor.battery_bank_monitor_voltage_slope,-0.00909534189850092,2026-07-15T16:46:37.538Z
sensor.battery_bank_monitor_voltage_slope,-0.0743381008505821,2026-07-15T16:47:37.597Z
sensor.battery_bank_monitor_voltage_slope,-0.0483197644352913,2026-07-15T16:48:37.641Z
sensor.battery_bank_monitor_voltage_slope,-0.0314078442752361,2026-07-15T16:49:37.690Z
sensor.battery_bank_monitor_voltage_slope,-0.0888412296772003,2026-07-15T16:50:37.731Z
sensor.battery_bank_monitor_voltage_slope,-0.0577467978000641,2026-07-15T16:51:37.758Z
sensor.battery_bank_monitor_voltage_slope,-0.0375354178249836,2026-07-15T16:52:37.796Z
sensor.battery_bank_monitor_voltage_slope,-0.0243980213999748,2026-07-15T16:53:37.843Z
sensor.battery_bank_monitor_voltage_slope,-0.0839510560035706,2026-07-15T16:54:37.887Z
sensor.battery_bank_monitor_voltage_slope,-0.0545681826770306,2026-07-15T16:55:37.912Z
sensor.battery_bank_monitor_voltage_slope,-0.0354693159461021,2026-07-15T16:56:37.982Z
sensor.battery_bank_monitor_voltage_slope,-0.0230550542473793,2026-07-15T16:57:38.010Z
sensor.battery_bank_monitor_voltage_slope,-0.0149857848882675,2026-07-15T16:58:38.048Z
sensor.battery_bank_monitor_voltage_slope,-0.00974075961858034,2026-07-15T16:59:38.086Z
sensor.battery_bank_monitor_voltage_slope,-0.00633149361237884,2026-07-15T17:00:38.136Z
sensor.battery_bank_monitor_voltage_slope,-0.0725416019558907,2026-07-15T17:01:38.191Z
sensor.battery_bank_monitor_voltage_slope,-0.0471520386636257,2026-07-15T17:02:38.227Z
sensor.battery_bank_monitor_voltage_slope,-0.0306488238275051,2026-07-15T17:03:38.286Z
sensor.battery_bank_monitor_voltage_slope,-0.0883478671312332,2026-07-15T17:04:38.345Z
sensor.battery_bank_monitor_voltage_slope,-0.0574261099100113,2026-07-15T17:05:38.365Z
sensor.battery_bank_monitor_voltage_slope,0.0310991629958153,2026-07-15T17:06:38.426Z
sensor.battery_bank_monitor_voltage_slope,-0.0482116788625717,2026-07-15T17:07:38.488Z
sensor.battery_bank_monitor_voltage_slope,-0.0313375890254974,2026-07-15T17:08:38.544Z
sensor.battery_bank_monitor_voltage_slope,-0.0203694328665733,2026-07-15T17:09:38.638Z
sensor.battery_bank_monitor_voltage_slope,-0.0816662609577179,2026-07-15T17:10:38.722Z
sensor.battery_bank_monitor_voltage_slope,-0.0530830658972263,2026-07-15T17:11:38.792Z
sensor.battery_bank_monitor_voltage_slope,-0.0345039926469326,2026-07-15T17:12:38.857Z
sensor.battery_bank_monitor_voltage_slope,-0.0224275942891836,2026-07-15T17:13:38.918Z
sensor.battery_bank_monitor_voltage_slope,-0.014577935449779,2026-07-15T17:14:38.994Z
sensor.battery_bank_monitor_voltage_slope,-0.0779017880558968,2026-07-15T17:15:39.057Z
sensor.battery_bank_monitor_voltage_slope,-0.0506361611187458,2026-07-15T17:16:39.132Z
sensor.battery_bank_monitor_voltage_slope,-0.0329135023057461,2026-07-15T17:17:39.173Z
sensor.battery_bank_monitor_voltage_slope,-0.0213937759399414,2026-07-15T17:18:39.243Z
sensor.battery_bank_monitor_voltage_slope,-0.0139059536159039,2026-07-15T17:19:39.317Z
sensor.battery_bank_monitor_voltage_slope,-0.00903886929154396,2026-07-15T17:20:39.399Z
sensor.battery_bank_monitor_voltage_slope,-0.0058752647601068,2026-07-15T17:21:39.469Z
sensor.battery_bank_monitor_voltage_slope,-0.0719112679362297,2026-07-15T17:22:39.520Z
sensor.battery_bank_monitor_voltage_slope,-0.115168452262878,2026-07-15T17:23:39.593Z
sensor.battery_bank_monitor_voltage_slope,-0.00643336027860641,2026-07-15T17:24:39.714Z
sensor.battery_bank_monitor_voltage_slope,-0.00418168399482965,2026-07-15T17:25:39.781Z
sensor.battery_bank_monitor_voltage_slope,-0.0711442232131958,2026-07-15T17:26:39.839Z
sensor.battery_bank_monitor_voltage_slope,-0.046243742108345,2026-07-15T17:27:39.886Z
sensor.battery_bank_monitor_voltage_slope,-0.0984845608472824,2026-07-15T17:28:39.938Z
sensor.battery_bank_monitor_voltage_slope,-0.0640149638056755,2026-07-15T17:29:40.010Z
sensor.battery_bank_monitor_voltage_slope,0.0268164090812206,2026-07-15T17:30:40.045Z
sensor.battery_bank_monitor_voltage_slope,-0.0509954690933228,2026-07-15T17:31:40.106Z
sensor.battery_bank_monitor_voltage_slope,-0.0331470519304276,2026-07-15T17:32:40.142Z
sensor.battery_bank_monitor_voltage_slope,-0.0899717137217522,2026-07-15T17:33:40.311Z
sensor.battery_bank_monitor_voltage_slope,0.00994452089071274,2026-07-15T17:34:40.257Z
sensor.battery_bank_monitor_voltage_slope,-0.0619621947407722,2026-07-15T17:35:40.307Z
sensor.battery_bank_monitor_voltage_slope,-0.0402754247188568,2026-07-15T17:36:40.364Z
sensor.battery_bank_monitor_voltage_slope,-0.0261790249496698,2026-07-15T17:37:40.384Z
sensor.battery_bank_monitor_voltage_slope,-0.0854424983263016,2026-07-15T17:38:40.436Z
sensor.battery_bank_monitor_voltage_slope,-0.0555376224219799,2026-07-15T17:39:40.519Z
sensor.battery_bank_monitor_voltage_slope,-0.0360994525253773,2026-07-15T17:40:40.595Z
sensor.battery_bank_monitor_voltage_slope,-0.0234646424651146,2026-07-15T17:41:40.647Z
sensor.battery_bank_monitor_voltage_slope,-0.0833443626761436,2026-07-15T17:42:40.708Z
sensor.battery_bank_monitor_voltage_slope,0.0139185115695,2026-07-15T17:43:40.778Z
sensor.battery_bank_monitor_voltage_slope,-0.0590453147888184,2026-07-15T17:44:40.874Z
sensor.battery_bank_monitor_voltage_slope,-0.0383794531226158,2026-07-15T17:45:40.921Z
sensor.battery_bank_monitor_voltage_slope,-0.0249466430395842,2026-07-15T17:46:40.978Z
sensor.battery_bank_monitor_voltage_slope,-0.0162153169512749,2026-07-15T17:47:41.035Z
sensor.battery_bank_monitor_voltage_slope,-0.0105399554595351,2026-07-15T17:48:41.076Z
sensor.battery_bank_monitor_voltage_slope,-0.00685097090899944,2026-07-15T17:49:41.114Z
sensor.battery_bank_monitor_voltage_slope,-0.0728792622685432,2026-07-15T17:50:41.170Z
sensor.battery_bank_monitor_voltage_slope,-0.0473715178668499,2026-07-15T17:51:41.242Z
sensor.battery_bank_monitor_voltage_slope,-0.0307914856821299,2026-07-15T17:52:41.273Z
sensor.battery_bank_monitor_voltage_slope,-0.0200144648551941,2026-07-15T17:53:41.356Z
sensor.battery_bank_monitor_voltage_slope,-0.0814355313777924,2026-07-15T17:54:41.428Z
sensor.battery_bank_monitor_voltage_slope,0.0154930390417576,2026-07-15T17:55:41.511Z
sensor.battery_bank_monitor_voltage_slope,-0.0583556592464447,2026-07-15T17:56:41.578Z
sensor.battery_bank_monitor_voltage_slope,-0.037931177765131,2026-07-15T17:57:41.634Z
sensor.battery_bank_monitor_voltage_slope,-0.0246552638709545,2026-07-15T17:58:41.724Z
sensor.battery_bank_monitor_voltage_slope,-0.0160259213298559,2026-07-15T17:59:41.809Z
sensor.battery_bank_monitor_voltage_slope,-0.0788429826498032,2026-07-15T18:00:41.905Z
sensor.battery_bank_monitor_voltage_slope,0.0171781964600086,2026-07-15T18:01:41.968Z
sensor.battery_bank_monitor_voltage_slope,-0.0572603046894073,2026-07-15T18:02:42.060Z
sensor.battery_bank_monitor_voltage_slope,-0.0372191965579987,2026-07-15T18:03:42.126Z
sensor.battery_bank_monitor_voltage_slope,-0.0926186069846153,2026-07-15T18:04:42.175Z
sensor.battery_bank_monitor_voltage_slope,-0.0602020919322968,2026-07-15T18:05:42.234Z
sensor.battery_bank_monitor_voltage_slope,-0.0391313582658768,2026-07-15T18:06:42.283Z
sensor.battery_bank_monitor_voltage_slope,-0.0254353825002909,2026-07-15T18:07:42.346Z
sensor.battery_bank_monitor_voltage_slope,-0.0165329985320568,2026-07-15T18:08:42.397Z
sensor.battery_bank_monitor_voltage_slope,-0.0107464483007789,2026-07-15T18:09:42.446Z
sensor.battery_bank_monitor_voltage_slope,-0.0750775337219238,2026-07-15T18:10:42.555Z
sensor.battery_bank_monitor_voltage_slope,-0.0488003939390182,2026-07-15T18:11:42.662Z
sensor.battery_bank_monitor_voltage_slope,-0.0317202545702457,2026-07-15T18:12:42.694Z
sensor.battery_bank_monitor_voltage_slope,-0.0206181649118662,2026-07-15T18:13:42.756Z
sensor.battery_bank_monitor_voltage_slope,-0.0818279385566711,2026-07-15T18:14:42.827Z
sensor.battery_bank_monitor_voltage_slope,0.0152379758656025,2026-07-15T18:15:42.896Z
sensor.battery_bank_monitor_voltage_slope,-0.126947581768036,2026-07-15T18:16:42.963Z
sensor.battery_bank_monitor_voltage_slope,-0.0140897929668427,2026-07-15T18:17:43.006Z
sensor.battery_bank_monitor_voltage_slope,-0.0775844976305962,2026-07-15T18:18:43.106Z
sensor.battery_bank_monitor_voltage_slope,0.0179962106049061,2026-07-15T18:19:43.180Z
sensor.battery_bank_monitor_voltage_slope,-0.0567285940051079,2026-07-15T18:20:43.257Z
sensor.battery_bank_monitor_voltage_slope,-0.105299718677998,2026-07-15T18:21:43.308Z
sensor.battery_bank_monitor_voltage_slope,-0.20496329665184,2026-07-15T18:22:43.346Z
sensor.battery_bank_monitor_voltage_slope,-0.0651337951421738,2026-07-15T18:23:43.305Z
sensor.battery_bank_monitor_voltage_slope,-0.110429316759109,2026-07-15T18:24:43.297Z
sensor.battery_bank_monitor_voltage_slope,-0.0717790499329567,2026-07-15T18:25:43.308Z
sensor.battery_bank_monitor_voltage_slope,0.0214359648525715,2026-07-15T18:26:43.313Z
sensor.battery_bank_monitor_voltage_slope,-0.0541589707136154,2026-07-15T18:27:43.308Z
sensor.battery_bank_monitor_voltage_slope,-0.035203330218792,2026-07-15T18:28:43.326Z
sensor.battery_bank_monitor_voltage_slope,-0.0228821635246277,2026-07-15T18:29:43.312Z
sensor.battery_bank_monitor_voltage_slope,-0.014873405918479,2026-07-15T18:30:43.312Z
sensor.battery_bank_monitor_voltage_slope,-0.0780938416719437,2026-07-15T18:31:43.310Z
sensor.battery_bank_monitor_voltage_slope,-0.0507609955966473,2026-07-15T18:32:43.338Z
sensor.battery_bank_monitor_voltage_slope,-0.0329946465790272,2026-07-15T18:33:43.396Z
sensor.battery_bank_monitor_voltage_slope,-0.021446518599987,2026-07-15T18:34:43.434Z
sensor.battery_bank_monitor_voltage_slope,-0.082366369664669,2026-07-15T18:35:43.533Z
sensor.battery_bank_monitor_voltage_slope,-0.0535381399095058,2026-07-15T18:36:43.625Z
sensor.battery_bank_monitor_voltage_slope,-0.0347997881472111,2026-07-15T18:37:43.734Z
sensor.battery_bank_monitor_voltage_slope,-0.0226198621094227,2026-07-15T18:38:43.797Z
sensor.battery_bank_monitor_voltage_slope,-0.0147029096260667,2026-07-15T18:39:43.908Z
sensor.battery_bank_monitor_voltage_slope,-0.00955689046531916,2026-07-15T18:40:43.994Z
sensor.battery_bank_monitor_voltage_slope,-0.0746381133794785,2026-07-15T18:41:44.047Z
sensor.battery_bank_monitor_voltage_slope,0.0199113599956036,2026-07-15T18:42:44.084Z
sensor.battery_bank_monitor_voltage_slope,-0.0554837509989738,2026-07-15T18:43:44.105Z
sensor.battery_bank_monitor_voltage_slope,-0.036064438521862,2026-07-15T18:44:44.127Z
sensor.battery_bank_monitor_voltage_slope,-0.0234418846666813,2026-07-15T18:45:44.001Z
sensor.battery_bank_monitor_voltage_slope,-0.0152372242882848,2026-07-15T18:46:44.080Z
sensor.battery_bank_monitor_voltage_slope,-0.0783303305506706,2026-07-15T18:47:44.090Z
sensor.battery_bank_monitor_voltage_slope,-0.0509147122502327,2026-07-15T18:48:44.081Z
sensor.battery_bank_monitor_voltage_slope,-0.0330945625901222,2026-07-15T18:49:44.086Z
sensor.battery_bank_monitor_voltage_slope,-0.0215114653110504,2026-07-15T18:50:44.086Z
sensor.battery_bank_monitor_voltage_slope,-0.0139824515208602,2026-07-15T18:51:44.098Z
sensor.battery_bank_monitor_voltage_slope,-0.0771809369325638,2026-07-15T18:52:44.089Z
sensor.battery_bank_monitor_voltage_slope,-0.0501676090061665,2026-07-15T18:53:44.073Z
sensor.battery_bank_monitor_voltage_slope,-0.0326089449226856,2026-07-15T18:54:44.160Z
sensor.battery_bank_monitor_voltage_slope,-0.0896219462156296,2026-07-15T18:55:44.216Z
sensor.battery_bank_monitor_voltage_slope,-0.0582542642951012,2026-07-15T18:56:44.236Z
sensor.battery_bank_monitor_voltage_slope,-0.0378652699291706,2026-07-15T18:57:44.121Z
sensor.battery_bank_monitor_voltage_slope,-0.0246124248951674,2026-07-15T18:58:44.219Z
sensor.battery_bank_monitor_voltage_slope,-0.0159980747848749,2026-07-15T18:59:44.231Z
sensor.battery_bank_monitor_voltage_slope,-0.0103987483307719,2026-07-15T19:00:44.230Z
sensor.battery_bank_monitor_voltage_slope,-0.0751853212714195,2026-07-15T19:01:44.223Z
sensor.battery_bank_monitor_voltage_slope,-0.0488704554736614,2026-07-15T19:02:44.227Z
sensor.battery_bank_monitor_voltage_slope,-0.0317657962441444,2026-07-15T19:03:44.230Z
sensor.battery_bank_monitor_voltage_slope,-0.0206477660685778,2026-07-15T19:04:44.162Z
sensor.battery_bank_monitor_voltage_slope,-0.0134210474789143,2026-07-15T19:05:44.253Z
sensor.battery_bank_monitor_voltage_slope,-0.0771498158574104,2026-07-15T19:06:44.274Z
sensor.battery_bank_monitor_voltage_slope,-0.0501473769545555,2026-07-15T19:07:44.165Z
sensor.battery_bank_monitor_voltage_slope,-0.0325957946479321,2026-07-15T19:08:44.246Z
sensor.battery_bank_monitor_voltage_slope,-0.0211872663348913,2026-07-15T19:09:44.248Z
sensor.battery_bank_monitor_voltage_slope,-0.0137717230245471,2026-07-15T19:10:44.253Z
sensor.battery_bank_monitor_voltage_slope,-0.00895161926746368,2026-07-15T19:11:44.254Z
sensor.battery_bank_monitor_voltage_slope,-0.0742446854710579,2026-07-15T19:12:44.267Z
sensor.battery_bank_monitor_voltage_slope,-0.0482590422034264,2026-07-15T19:13:44.255Z
sensor.battery_bank_monitor_voltage_slope,-0.0313683748245239,2026-07-15T19:14:44.189Z
sensor.battery_bank_monitor_voltage_slope,-0.0203894432634115,2026-07-15T19:15:44.293Z
sensor.battery_bank_monitor_voltage_slope,-0.0132531374692917,2026-07-15T19:16:44.315Z
sensor.battery_bank_monitor_voltage_slope,-0.0767068862915039,2026-07-15T19:17:44.271Z
sensor.battery_bank_monitor_voltage_slope,-0.0498594753444195,2026-07-15T19:18:44.288Z
sensor.battery_bank_monitor_voltage_slope,-0.0324086584150791,2026-07-15T19:19:44.296Z
sensor.battery_bank_monitor_voltage_slope,-0.0210656262934208,2026-07-15T19:20:44.286Z
sensor.battery_bank_monitor_voltage_slope,-0.0821187868714333,2026-07-15T19:21:44.292Z
sensor.battery_bank_monitor_voltage_slope,0.0150489211082458,2026-07-15T19:22:44.292Z
sensor.battery_bank_monitor_voltage_slope,0.00978179834783077,2026-07-15T19:23:44.297Z
sensor.battery_bank_monitor_voltage_slope,-0.0620679631829262,2026-07-15T19:24:44.299Z
sensor.battery_bank_monitor_voltage_slope,-0.0403441749513149,2026-07-15T19:25:44.320Z
sensor.battery_bank_monitor_voltage_slope,-0.0262237135320902,2026-07-15T19:26:44.394Z
sensor.battery_bank_monitor_voltage_slope,-0.085471548140049,2026-07-15T19:27:44.485Z
sensor.battery_bank_monitor_voltage_slope,-0.0555565059185028,2026-07-15T19:28:44.543Z
sensor.battery_bank_monitor_voltage_slope,-0.0361117273569107,2026-07-15T19:29:44.617Z
sensor.battery_bank_monitor_voltage_slope,-0.0234726220369339,2026-07-15T19:30:44.638Z
sensor.battery_bank_monitor_voltage_slope,-0.015257203951478,2026-07-15T19:31:44.507Z
sensor.battery_bank_monitor_voltage_slope,-0.0099171819165349,2026-07-15T19:32:44.607Z
sensor.battery_bank_monitor_voltage_slope,-0.00644616782665253,2026-07-15T19:33:44.607Z
sensor.battery_bank_monitor_voltage_slope,-0.0726161450147629,2026-07-15T19:34:44.611Z
sensor.battery_bank_monitor_voltage_slope,-0.0472004935145378,2026-07-15T19:35:44.611Z
sensor.battery_bank_monitor_voltage_slope,-0.099106453359127,2026-07-15T19:36:44.622Z
sensor.battery_bank_monitor_voltage_slope,0.00400693714618683,2026-07-15T19:37:44.616Z
sensor.battery_bank_monitor_voltage_slope,-0.0658216252923012,2026-07-15T19:38:44.545Z
sensor.battery_bank_monitor_voltage_slope,-0.0427840538322926,2026-07-15T19:39:44.652Z
sensor.battery_bank_monitor_voltage_slope,-0.0278096348047256,2026-07-15T19:40:44.756Z
sensor.battery_bank_monitor_voltage_slope,-0.086168609559536,2026-07-15T19:41:44.786Z
sensor.battery_bank_monitor_voltage_slope,-0.0560095943510532,2026-07-15T19:42:44.664Z
sensor.battery_bank_monitor_voltage_slope,-0.0364062339067459,2026-07-15T19:43:44.725Z
sensor.battery_bank_monitor_voltage_slope,-0.0236640516668558,2026-07-15T19:44:44.747Z
sensor.battery_bank_monitor_voltage_slope,-0.0153816333040595,2026-07-15T19:45:44.746Z
sensor.battery_bank_monitor_voltage_slope,-0.00999806169420481,2026-07-15T19:46:44.750Z
sensor.battery_bank_monitor_voltage_slope,-0.006498740054667,2026-07-15T19:47:44.750Z
sensor.battery_bank_monitor_voltage_slope,-0.0726503133773804,2026-07-15T19:48:44.744Z
sensor.battery_bank_monitor_voltage_slope,-0.0472227036952972,2026-07-15T19:49:44.750Z
sensor.battery_bank_monitor_voltage_slope,-0.0306947566568851,2026-07-15T19:50:44.755Z
sensor.battery_bank_monitor_voltage_slope,-0.0199515912681818,2026-07-15T19:51:44.843Z
sensor.battery_bank_monitor_voltage_slope,-0.0813946649432182,2026-07-15T19:52:44.925Z
sensor.battery_bank_monitor_voltage_slope,-0.0529065318405628,2026-07-15T19:53:44.987Z
sensor.battery_bank_monitor_voltage_slope,-0.0343892462551594,2026-07-15T19:54:45.087Z
sensor.battery_bank_monitor_voltage_slope,-2.96167254447937,2026-07-15T19:55:45.162Z
sensor.battery_bank_monitor_voltage_slope,-4.24957275390625,2026-07-15T19:56:45.233Z
sensor.battery_bank_monitor_voltage_slope,-4.53929901123047,2026-07-15T19:57:45.321Z
sensor.battery_bank_monitor_voltage_slope,-4.4545841217041,2026-07-15T19:58:45.402Z
sensor.battery_bank_monitor_voltage_slope,-4.33109331130981,2026-07-15T19:59:45.484Z
sensor.battery_bank_monitor_voltage_slope,-4.18239784240723,2026-07-15T20:00:45.496Z
sensor.battery_bank_monitor_voltage_slope,-4.01731967926025,2026-07-15T20:01:45.432Z
sensor.battery_bank_monitor_voltage_slope,-3.84159302711487,2026-07-15T20:02:45.482Z
sensor.battery_bank_monitor_voltage_slope,-3.72770428657532,2026-07-15T20:03:45.472Z
sensor.battery_bank_monitor_voltage_slope,-3.51682448387146,2026-07-15T20:04:45.471Z
sensor.battery_bank_monitor_voltage_slope,-3.44784498214722,2026-07-15T20:05:45.473Z
sensor.battery_bank_monitor_voltage_slope,-3.33491587638855,2026-07-15T20:06:45.475Z
sensor.battery_bank_monitor_voltage_slope,-3.26151204109192,2026-07-15T20:07:45.478Z
sensor.battery_bank_monitor_voltage_slope,-3.14537334442139,2026-07-15T20:08:45.396Z
sensor.battery_bank_monitor_voltage_slope,-3.00145697593689,2026-07-15T20:09:45.497Z
sensor.battery_bank_monitor_voltage_slope,-2.90791130065918,2026-07-15T20:10:45.598Z
sensor.battery_bank_monitor_voltage_slope,-2.84710693359375,2026-07-15T20:11:45.626Z
sensor.battery_bank_monitor_voltage_slope,-2.80791759490967,2026-07-15T20:12:45.542Z
sensor.battery_bank_monitor_voltage_slope,-2.71368455886841,2026-07-15T20:13:45.589Z
sensor.battery_bank_monitor_voltage_slope,-2.65243339538574,2026-07-15T20:14:45.591Z
sensor.battery_bank_monitor_voltage_slope,-2.61295366287231,2026-07-15T20:15:45.590Z
sensor.battery_bank_monitor_voltage_slope,-2.51853203773499,2026-07-15T20:16:45.598Z
sensor.battery_bank_monitor_voltage_slope,-2.38906574249268,2026-07-15T20:17:45.597Z
sensor.battery_bank_monitor_voltage_slope,-2.30491256713867,2026-07-15T20:18:45.603Z
sensor.battery_bank_monitor_voltage_slope,-2.31863927841187,2026-07-15T20:19:45.602Z
sensor.battery_bank_monitor_voltage_slope,-2.19070911407471,2026-07-15T20:20:45.624Z
sensor.battery_bank_monitor_voltage_slope,-2.17564702033997,2026-07-15T20:21:45.703Z
sensor.battery_bank_monitor_voltage_slope,-2.09776425361633,2026-07-15T20:22:45.811Z
sensor.battery_bank_monitor_voltage_slope,-2.04714059829712,2026-07-15T20:23:45.846Z
sensor.battery_bank_monitor_voltage_slope,-1.94614279270172,2026-07-15T20:24:45.795Z
sensor.battery_bank_monitor_voltage_slope,-1.94858646392822,2026-07-15T20:25:45.804Z
sensor.battery_bank_monitor_voltage_slope,-1.81332266330719,2026-07-15T20:26:45.806Z
sensor.battery_bank_monitor_voltage_slope,-1.79382729530334,2026-07-15T20:27:45.805Z
sensor.battery_bank_monitor_voltage_slope,-1.71306300163269,2026-07-15T20:28:45.811Z
sensor.battery_bank_monitor_voltage_slope,-1.72865855693817,2026-07-15T20:29:45.810Z
sensor.battery_bank_monitor_voltage_slope,-1.60194337368011,2026-07-15T20:30:45.821Z
sensor.battery_bank_monitor_voltage_slope,-1.5199122428894,2026-07-15T20:31:45.722Z
sensor.battery_bank_monitor_voltage_slope,-1.53468441963196,2026-07-15T20:32:45.797Z
sensor.battery_bank_monitor_voltage_slope,-1.47619390487671,2026-07-15T20:33:45.885Z
sensor.battery_bank_monitor_voltage_slope,-1.43817520141602,2026-07-15T20:34:45.987Z
sensor.battery_bank_monitor_voltage_slope,-1.27661073207855,2026-07-15T20:35:46.059Z
sensor.battery_bank_monitor_voltage_slope,-1.37653851509094,2026-07-15T20:36:46.155Z
sensor.battery_bank_monitor_voltage_slope,-1.23654687404633,2026-07-15T20:37:46.252Z
sensor.battery_bank_monitor_voltage_slope,-1.21397852897644,2026-07-15T20:38:46.278Z
sensor.battery_bank_monitor_voltage_slope,-1.19930911064148,2026-07-15T20:39:46.243Z
sensor.battery_bank_monitor_voltage_slope,-1.12134778499603,2026-07-15T20:40:46.243Z
sensor.battery_bank_monitor_voltage_slope,-1.13876533508301,2026-07-15T20:41:46.240Z
sensor.battery_bank_monitor_voltage_slope,-1.01390194892883,2026-07-15T20:42:46.245Z
sensor.battery_bank_monitor_voltage_slope,-1.00083303451538,2026-07-15T20:43:46.247Z
sensor.battery_bank_monitor_voltage_slope,-0.992338299751282,2026-07-15T20:44:46.248Z
sensor.battery_bank_monitor_voltage_slope,-0.986816763877869,2026-07-15T20:45:46.250Z
sensor.battery_bank_monitor_voltage_slope,-0.846375465393066,2026-07-15T20:46:46.256Z
sensor.battery_bank_monitor_voltage_slope,-0.891940891742706,2026-07-15T20:47:46.311Z
sensor.battery_bank_monitor_voltage_slope,-0.784706175327301,2026-07-15T20:48:46.385Z
sensor.battery_bank_monitor_voltage_slope,-0.783763527870178,2026-07-15T20:49:46.401Z
sensor.battery_bank_monitor_voltage_slope,-0.782817006111145,2026-07-15T20:50:46.334Z
sensor.battery_bank_monitor_voltage_slope,-0.713775634765625,2026-07-15T20:51:46.382Z
sensor.battery_bank_monitor_voltage_slope,-0.737324893474579,2026-07-15T20:52:46.386Z
sensor.battery_bank_monitor_voltage_slope,-0.684539556503296,2026-07-15T20:53:46.384Z
sensor.battery_bank_monitor_voltage_slope,-0.649895310401917,2026-07-15T20:54:46.398Z
sensor.battery_bank_monitor_voltage_slope,-0.627710342407227,2026-07-15T20:55:46.390Z
sensor.battery_bank_monitor_voltage_slope,-0.544530153274536,2026-07-15T20:56:46.393Z
sensor.battery_bank_monitor_voltage_slope,-0.559222996234894,2026-07-15T20:57:46.357Z
sensor.battery_bank_monitor_voltage_slope,-0.500013411045074,2026-07-15T20:58:46.419Z
sensor.battery_bank_monitor_voltage_slope,-0.530287086963654,2026-07-15T20:59:46.436Z
sensor.battery_bank_monitor_voltage_slope,-0.481205075979233,2026-07-15T21:00:46.345Z
sensor.battery_bank_monitor_voltage_slope,-0.449635565280914,2026-07-15T21:01:46.412Z
sensor.battery_bank_monitor_voltage_slope,-0.428781598806381,2026-07-15T21:02:46.425Z
sensor.battery_bank_monitor_voltage_slope,-0.415560305118561,2026-07-15T21:03:46.418Z
sensor.battery_bank_monitor_voltage_slope,-0.4069664478302,2026-07-15T21:04:46.422Z
sensor.battery_bank_monitor_voltage_slope,-0.332620531320572,2026-07-15T21:05:46.425Z
sensor.battery_bank_monitor_voltage_slope,-0.353055596351624,2026-07-15T21:06:46.425Z
sensor.battery_bank_monitor_voltage_slope,-0.297912240028381,2026-07-15T21:07:46.347Z
sensor.battery_bank_monitor_voltage_slope,-0.330161422491074,2026-07-15T21:08:46.424Z
sensor.battery_bank_monitor_voltage_slope,-0.351457178592682,2026-07-15T21:09:46.514Z
sensor.battery_bank_monitor_voltage_slope,-0.228447154164314,2026-07-15T21:10:46.603Z
sensor.battery_bank_monitor_voltage_slope,-0.285342901945114,2026-07-15T21:11:46.725Z
sensor.battery_bank_monitor_voltage_slope,-0.253565222024918,2026-07-15T21:12:46.806Z
sensor.battery_bank_monitor_voltage_slope,-0.233243525028229,2026-07-15T21:13:46.921Z
sensor.battery_bank_monitor_voltage_slope,-0.220034420490265,2026-07-15T21:14:47.029Z
sensor.battery_bank_monitor_voltage_slope,-0.143022373318672,2026-07-15T21:15:47.118Z
sensor.battery_bank_monitor_voltage_slope,-0.161390662193298,2026-07-15T21:16:47.143Z
sensor.battery_bank_monitor_voltage_slope,-0.173330068588257,2026-07-15T21:17:47.091Z
sensor.battery_bank_monitor_voltage_slope,-0.180756896734238,2026-07-15T21:18:47.103Z
sensor.battery_bank_monitor_voltage_slope,-0.185918107628822,2026-07-15T21:19:47.108Z
sensor.battery_bank_monitor_voltage_slope,-0.120846763253212,2026-07-15T21:20:47.108Z
sensor.battery_bank_monitor_voltage_slope,-0.0785503908991814,2026-07-15T21:21:47.109Z
sensor.battery_bank_monitor_voltage_slope,-0.119483888149261,2026-07-15T21:22:47.108Z
sensor.battery_bank_monitor_voltage_slope,-0.0776645243167877,2026-07-15T21:23:47.113Z
sensor.battery_bank_monitor_voltage_slope,-0.118908070027828,2026-07-15T21:24:47.127Z
sensor.battery_bank_monitor_voltage_slope,-0.0772902444005013,2026-07-15T21:25:47.241Z
sensor.battery_bank_monitor_voltage_slope,-0.0502386577427387,2026-07-15T21:26:47.325Z
sensor.battery_bank_monitor_voltage_slope,-0.101081259548664,2026-07-15T21:27:47.352Z
sensor.battery_bank_monitor_voltage_slope,-0.0657028183341026,2026-07-15T21:28:47.260Z
sensor.battery_bank_monitor_voltage_slope,-0.0427068285644054,2026-07-15T21:29:47.323Z
sensor.battery_bank_monitor_voltage_slope,-0.0958517864346504,2026-07-15T21:30:47.330Z
sensor.battery_bank_monitor_voltage_slope,-0.0623036585748196,2026-07-15T21:31:47.333Z
sensor.battery_bank_monitor_voltage_slope,-0.0404973775148392,2026-07-15T21:32:47.335Z
sensor.battery_bank_monitor_voltage_slope,-0.094749428331852,2026-07-15T21:33:47.337Z
sensor.battery_bank_monitor_voltage_slope,0.00683900713920593,2026-07-15T21:34:47.338Z
sensor.battery_bank_monitor_voltage_slope,0.00444535445421934,2026-07-15T21:35:47.337Z
sensor.battery_bank_monitor_voltage_slope,0.00288948020897806,2026-07-15T21:36:47.331Z
sensor.battery_bank_monitor_voltage_slope,-0.0665479674935341,2026-07-15T21:37:47.419Z
sensor.battery_bank_monitor_voltage_slope,0.0251699537038803,2026-07-15T21:38:47.439Z
sensor.battery_bank_monitor_voltage_slope,0.0163604691624641,2026-07-15T21:39:47.327Z
sensor.battery_bank_monitor_voltage_slope,0.0106343049556017,2026-07-15T21:40:47.409Z
sensor.battery_bank_monitor_voltage_slope,0.00691229803487659,2026-07-15T21:41:47.416Z
sensor.battery_bank_monitor_voltage_slope,0.00449299346655607,2026-07-15T21:42:47.406Z
sensor.battery_bank_monitor_voltage_slope,0.00292044575326145,2026-07-15T21:43:47.412Z
sensor.battery_bank_monitor_voltage_slope,-0.0665278434753418,2026-07-15T21:44:47.417Z
sensor.battery_bank_monitor_voltage_slope,0.0251830369234085,2026-07-15T21:45:47.417Z
sensor.battery_bank_monitor_voltage_slope,0.0163689740002155,2026-07-15T21:46:47.342Z
sensor.battery_bank_monitor_voltage_slope,0.010639832355082,2026-07-15T21:47:47.424Z
sensor.battery_bank_monitor_voltage_slope,0.00691589061170816,2026-07-15T21:48:47.490Z
sensor.battery_bank_monitor_voltage_slope,0.072587676346302,2026-07-15T21:49:47.581Z
sensor.battery_bank_monitor_voltage_slope,-0.0209103599190712,2026-07-15T21:50:47.622Z
sensor.battery_bank_monitor_voltage_slope,0.0545006133615971,2026-07-15T21:51:47.681Z
sensor.battery_bank_monitor_voltage_slope,0.0354253984987736,2026-07-15T21:52:47.776Z
sensor.battery_bank_monitor_voltage_slope,0.0230265073478222,2026-07-15T21:53:47.838Z
sensor.battery_bank_monitor_voltage_slope,0.0149672292172909,2026-07-15T21:54:47.885Z
sensor.battery_bank_monitor_voltage_slope,0.00972869899123907,2026-07-15T21:55:47.985Z
sensor.battery_bank_monitor_voltage_slope,0.0747497826814651,2026-07-15T21:56:47.996Z
sensor.battery_bank_monitor_voltage_slope,-0.0198387764394283,2026-07-15T21:57:47.922Z
sensor.battery_bank_monitor_voltage_slope,0.0555309280753136,2026-07-15T21:58:47.972Z
sensor.battery_bank_monitor_voltage_slope,0.0360951013863087,2026-07-15T21:59:47.976Z
sensor.battery_bank_monitor_voltage_slope,0.0918879508972168,2026-07-15T22:00:47.976Z
sensor.battery_bank_monitor_voltage_slope,0.0597271658480167,2026-07-15T22:01:47.976Z
sensor.battery_bank_monitor_voltage_slope,-0.0296034775674343,2026-07-15T22:02:47.978Z
sensor.battery_bank_monitor_voltage_slope,0.0491838715970516,2026-07-15T22:03:47.983Z
sensor.battery_bank_monitor_voltage_slope,0.0319695137441158,2026-07-15T22:04:47.982Z
sensor.battery_bank_monitor_voltage_slope,0.0207801833748817,2026-07-15T22:05:47.984Z
sensor.battery_bank_monitor_voltage_slope,0.0819332525134087,2026-07-15T22:06:48.005Z
sensor.battery_bank_monitor_voltage_slope,0.0532566122710705,2026-07-15T22:07:48.012Z
sensor.battery_bank_monitor_voltage_slope,0.103042930364609,2026-07-15T22:08:47.898Z
sensor.battery_bank_monitor_voltage_slope,0.0669779032468796,2026-07-15T22:09:47.962Z
sensor.battery_bank_monitor_voltage_slope,0.0435356348752975,2026-07-15T22:10:47.962Z
sensor.battery_bank_monitor_voltage_slope,0.0282981619238853,2026-07-15T22:11:47.965Z
sensor.battery_bank_monitor_voltage_slope,0.0183938052505255,2026-07-15T22:12:47.963Z
sensor.battery_bank_monitor_voltage_slope,0.0119559727609158,2026-07-15T22:13:47.974Z
sensor.battery_bank_monitor_voltage_slope,0.0758637264370918,2026-07-15T22:14:47.949Z
sensor.battery_bank_monitor_voltage_slope,-0.0187809243798256,2026-07-15T22:15:47.998Z
sensor.battery_bank_monitor_voltage_slope,0.0558847449719906,2026-07-15T22:16:48.003Z
sensor.battery_bank_monitor_voltage_slope,0.0363250821828842,2026-07-15T22:17:48.101Z
sensor.battery_bank_monitor_voltage_slope,0.0236113034188747,2026-07-15T22:18:48.177Z
sensor.battery_bank_monitor_voltage_slope,0.0837734788656235,2026-07-15T22:19:48.239Z
sensor.battery_bank_monitor_voltage_slope,0.054452758282423,2026-07-15T22:20:48.337Z
sensor.battery_bank_monitor_voltage_slope,0.0353942923247814,2026-07-15T22:21:48.435Z
sensor.battery_bank_monitor_voltage_slope,0.0230062883347273,2026-07-15T22:22:48.540Z
sensor.battery_bank_monitor_voltage_slope,0.0833802223205566,2026-07-15T22:23:48.650Z
sensor.battery_bank_monitor_voltage_slope,0.0541971437633038,2026-07-15T22:24:48.665Z
sensor.battery_bank_monitor_voltage_slope,0.0352281406521797,2026-07-15T22:25:48.631Z
sensor.battery_bank_monitor_voltage_slope,0.0228982903063297,2026-07-15T22:26:48.640Z
sensor.battery_bank_monitor_voltage_slope,0.0833100229501724,2026-07-15T22:27:48.634Z
sensor.battery_bank_monitor_voltage_slope,0.0541515126824379,2026-07-15T22:28:48.643Z
sensor.battery_bank_monitor_voltage_slope,0.0351984836161137,2026-07-15T22:29:48.644Z
sensor.battery_bank_monitor_voltage_slope,0.0228790137916803,2026-07-15T22:30:48.644Z
sensor.battery_bank_monitor_voltage_slope,0.0832974910736084,2026-07-15T22:31:48.653Z
sensor.battery_bank_monitor_voltage_slope,0.0541433654725552,2026-07-15T22:32:48.653Z
sensor.battery_bank_monitor_voltage_slope,0.0351931862533092,2026-07-15T22:33:48.656Z
sensor.battery_bank_monitor_voltage_slope,0.0909679159522057,2026-07-15T22:34:48.727Z
sensor.battery_bank_monitor_voltage_slope,-0.0089632011950016,2026-07-15T22:35:48.731Z
sensor.battery_bank_monitor_voltage_slope,-0.00582608068361878,2026-07-15T22:36:48.800Z
sensor.battery_bank_monitor_voltage_slope,0.0643053948879242,2026-07-15T22:37:48.658Z
sensor.battery_bank_monitor_voltage_slope,0.0417985059320927,2026-07-15T22:38:48.649Z
sensor.battery_bank_monitor_voltage_slope,0.0271690282970667,2026-07-15T22:39:48.663Z
sensor.battery_bank_monitor_voltage_slope,0.017659867182374,2026-07-15T22:40:48.666Z
sensor.battery_bank_monitor_voltage_slope,0.0799050480127335,2026-07-15T22:41:48.663Z
sensor.battery_bank_monitor_voltage_slope,0.0519382804632187,2026-07-15T22:42:48.655Z
sensor.battery_bank_monitor_voltage_slope,0.033759880810976,2026-07-15T22:43:48.654Z
sensor.battery_bank_monitor_voltage_slope,0.0219439212232828,2026-07-15T22:44:48.621Z
sensor.battery_bank_monitor_voltage_slope,0.0826896801590919,2026-07-15T22:45:48.682Z
sensor.battery_bank_monitor_voltage_slope,0.0537482909858227,2026-07-15T22:46:48.758Z
sensor.battery_bank_monitor_voltage_slope,0.103362515568733,2026-07-15T22:47:48.810Z
sensor.battery_bank_monitor_voltage_slope,-0.00124049931764603,2026-07-15T22:48:48.883Z
sensor.battery_bank_monitor_voltage_slope,0.0676198080182076,2026-07-15T22:49:48.954Z
sensor.battery_bank_monitor_voltage_slope,-0.0244732573628426,2026-07-15T22:50:49.038Z
sensor.battery_bank_monitor_voltage_slope,0.0525185167789459,2026-07-15T22:51:49.104Z
sensor.battery_bank_monitor_voltage_slope,0.102563165128231,2026-07-15T22:52:49.190Z
sensor.battery_bank_monitor_voltage_slope,0.0666660517454147,2026-07-15T22:53:49.278Z
sensor.battery_bank_monitor_voltage_slope,0.0433329306542873,2026-07-15T22:54:49.356Z
sensor.battery_bank_monitor_voltage_slope,0.0281664039939642,2026-07-15T22:55:49.424Z
sensor.battery_bank_monitor_voltage_slope,0.0864005088806152,2026-07-15T22:56:49.491Z
sensor.battery_bank_monitor_voltage_slope,-0.0119320191442966,2026-07-15T22:57:49.564Z
sensor.battery_bank_monitor_voltage_slope,-0.00775581225752831,2026-07-15T22:58:49.663Z
sensor.battery_bank_monitor_voltage_slope,0.0630510672926903,2026-07-15T22:59:49.750Z
sensor.battery_bank_monitor_voltage_slope,0.0409831926226616,2026-07-15T23:00:49.845Z
sensor.battery_bank_monitor_voltage_slope,0.0266390740871429,2026-07-15T23:01:49.954Z
sensor.battery_bank_monitor_voltage_slope,unavailable,2026-07-15T23:01:58.929Z
sensor.battery_bank_monitor_voltage_slope,unknown,2026-07-15T23:02:04.136Z
sensor.battery_bank_monitor_voltage_slope,0.194549560546875,2026-07-15T23:03:02.188Z
sensor.battery_bank_monitor_voltage_slope,0.126457214355469,2026-07-15T23:04:02.188Z
sensor.battery_bank_monitor_voltage_slope,0.0821971893310547,2026-07-15T23:05:02.242Z
sensor.battery_bank_monitor_voltage_slope,0.0534281693398952,2026-07-15T23:06:02.286Z
sensor.battery_bank_monitor_voltage_slope,0.103154435753822,2026-07-15T23:07:02.360Z
sensor.battery_bank_monitor_voltage_slope,0.0670503824949265,2026-07-15T23:08:02.396Z
sensor.battery_bank_monitor_voltage_slope,0.0435827486217022,2026-07-15T23:09:02.425Z
sensor.battery_bank_monitor_voltage_slope,0.0283287856727839,2026-07-15T23:10:02.459Z
sensor.battery_bank_monitor_voltage_slope,0.0184137094765902,2026-07-15T23:11:02.482Z
sensor.battery_bank_monitor_voltage_slope,0.0119689106941223,2026-07-15T23:12:02.544Z
sensor.battery_bank_monitor_voltage_slope,0.00777979148551822,2026-07-15T23:13:02.604Z
sensor.battery_bank_monitor_voltage_slope,0.0734829977154732,2026-07-15T23:14:02.629Z
sensor.battery_bank_monitor_voltage_slope,0.0477639473974705,2026-07-15T23:15:02.675Z
sensor.battery_bank_monitor_voltage_slope,0.0310465637594461,2026-07-15T23:16:02.704Z
sensor.battery_bank_monitor_voltage_slope,0.0201802663505077,2026-07-15T23:17:02.760Z
sensor.battery_bank_monitor_voltage_slope,0.013117172755301,2026-07-15T23:18:02.782Z
sensor.battery_bank_monitor_voltage_slope,0.0769522935152054,2026-07-15T23:19:02.846Z
sensor.battery_bank_monitor_voltage_slope,0.0500189885497093,2026-07-15T23:20:02.889Z
sensor.battery_bank_monitor_voltage_slope,0.0325123406946659,2026-07-15T23:21:02.932Z
sensor.battery_bank_monitor_voltage_slope,0.0211330205202103,2026-07-15T23:22:02.969Z
sensor.battery_bank_monitor_voltage_slope,0.0821625962853432,2026-07-15T23:23:03.018Z
sensor.battery_bank_monitor_voltage_slope,-0.0150204449892044,2026-07-15T23:24:03.075Z
sensor.battery_bank_monitor_voltage_slope,-0.00976328924298286,2026-07-15T23:25:03.141Z
sensor.battery_bank_monitor_voltage_slope,0.0620799958705902,2026-07-15T23:26:03.181Z
sensor.battery_bank_monitor_voltage_slope,0.0403519943356514,2026-07-15T23:27:03.247Z
sensor.battery_bank_monitor_voltage_slope,0.0262287948280573,2026-07-15T23:28:03.296Z
sensor.battery_bank_monitor_voltage_slope,0.0851410627365112,2026-07-15T23:29:03.322Z
sensor.battery_bank_monitor_voltage_slope,0.055341687053442,2026-07-15T23:30:03.356Z
sensor.battery_bank_monitor_voltage_slope,0.0359720960259438,2026-07-15T23:31:03.394Z
sensor.battery_bank_monitor_voltage_slope,0.0233818609267473,2026-07-15T23:32:03.438Z
sensor.battery_bank_monitor_voltage_slope,0.015198209322989,2026-07-15T23:33:03.488Z
sensor.battery_bank_monitor_voltage_slope,0.00987883564084768,2026-07-15T23:34:03.517Z
sensor.battery_bank_monitor_voltage_slope,0.0748473778367043,2026-07-15T23:35:03.557Z
sensor.battery_bank_monitor_voltage_slope,0.0486507937312126,2026-07-15T23:36:03.595Z
sensor.battery_bank_monitor_voltage_slope,0.031623013317585,2026-07-15T23:37:03.659Z
sensor.battery_bank_monitor_voltage_slope,0.0205549579113722,2026-07-15T23:38:03.714Z
sensor.battery_bank_monitor_voltage_slope,-0.0550654083490372,2026-07-15T23:39:03.736Z
sensor.battery_bank_monitor_voltage_slope,0.0326336175203323,2026-07-15T23:40:03.781Z
sensor.battery_bank_monitor_voltage_slope,0.021211851388216,2026-07-15T23:41:03.822Z
sensor.battery_bank_monitor_voltage_slope,0.0137877026572824,2026-07-15T23:42:03.855Z
sensor.battery_bank_monitor_voltage_slope,0.0773881375789642,2026-07-15T23:43:03.896Z
sensor.battery_bank_monitor_voltage_slope,0.0503022894263268,2026-07-15T23:44:03.929Z
sensor.battery_bank_monitor_voltage_slope,0.0326964855194092,2026-07-15T23:45:03.944Z
sensor.battery_bank_monitor_voltage_slope,0.0212527140974998,2026-07-15T23:46:03.999Z
sensor.battery_bank_monitor_voltage_slope,0.0138142639771104,2026-07-15T23:47:04.041Z
sensor.battery_bank_monitor_voltage_slope,0.00897927116602659,2026-07-15T23:48:04.077Z
sensor.battery_bank_monitor_voltage_slope,0.0742626562714577,2026-07-15T23:49:04.126Z
sensor.battery_bank_monitor_voltage_slope,0.0482707247138023,2026-07-15T23:50:04.172Z
sensor.battery_bank_monitor_voltage_slope,0.0313759706914425,2026-07-15T23:51:04.202Z
sensor.battery_bank_monitor_voltage_slope,0.020394379273057,2026-07-15T23:52:04.241Z
sensor.battery_bank_monitor_voltage_slope,0.0132563458755612,2026-07-15T23:53:04.278Z
sensor.battery_bank_monitor_voltage_slope,0.00861662440001965,2026-07-15T23:54:04.324Z
sensor.battery_bank_monitor_voltage_slope,0.00560080586001277,2026-07-15T23:55:04.371Z
sensor.battery_bank_monitor_voltage_slope,0.00364052364602685,2026-07-15T23:56:04.418Z
sensor.battery_bank_monitor_voltage_slope,0.0707924738526344,2026-07-15T23:57:04.451Z
sensor.battery_bank_monitor_voltage_slope,0.0460151061415672,2026-07-15T23:58:04.485Z
sensor.battery_bank_monitor_voltage_slope,0.0299098175019026,2026-07-15T23:59:04.531Z
sensor.battery_bank_monitor_voltage_slope,0.0194413810968399,2026-07-16T00:00:04.575Z
sensor.battery_bank_monitor_voltage_slope,0.0807292461395264,2026-07-16T00:01:04.626Z
sensor.battery_bank_monitor_voltage_slope,-0.0156183391809464,2026-07-16T00:02:04.679Z
sensor.battery_bank_monitor_voltage_slope,-0.351948797702789,2026-07-16T00:03:04.728Z
sensor.battery_bank_monitor_voltage_slope,-2.55325245857239,2026-07-16T00:04:04.767Z
sensor.battery_bank_monitor_voltage_slope,-2.27478170394897,2026-07-16T00:05:04.816Z
sensor.battery_bank_monitor_voltage_slope,-1.88883101940155,2026-07-16T00:06:04.862Z
sensor.battery_bank_monitor_voltage_slope,-1.56953704357147,2026-07-16T00:07:04.886Z
sensor.battery_bank_monitor_voltage_slope,-1.29356980323792,2026-07-16T00:08:04.924Z
sensor.battery_bank_monitor_voltage_slope,-1.11419105529785,2026-07-16T00:09:04.960Z
sensor.battery_bank_monitor_voltage_slope,-0.92916876077652,2026-07-16T00:10:05.006Z
sensor.battery_bank_monitor_voltage_slope,-0.740811944007874,2026-07-16T00:11:05.067Z
sensor.battery_bank_monitor_voltage_slope,-0.686472356319427,2026-07-16T00:12:05.102Z
sensor.battery_bank_monitor_voltage_slope,-0.583059310913086,2026-07-16T00:13:05.141Z
sensor.battery_bank_monitor_voltage_slope,-0.515840768814087,2026-07-16T00:14:05.168Z
sensor.battery_bank_monitor_voltage_slope,-0.471814960241318,2026-07-16T00:15:05.235Z
sensor.battery_bank_monitor_voltage_slope,-0.375105857849121,2026-07-16T00:16:05.266Z
sensor.battery_bank_monitor_voltage_slope,-0.380671083927155,2026-07-16T00:17:05.314Z
sensor.battery_bank_monitor_voltage_slope,-0.31552854180336,2026-07-16T00:18:05.364Z
sensor.battery_bank_monitor_voltage_slope,-0.273519694805145,2026-07-16T00:19:05.379Z
sensor.battery_bank_monitor_voltage_slope,-0.246213927865028,2026-07-16T00:20:05.419Z
sensor.battery_bank_monitor_voltage_slope,-0.228465184569359,2026-07-16T00:21:05.484Z
sensor.battery_bank_monitor_voltage_slope,-0.216928496956825,2026-07-16T00:22:05.537Z
sensor.battery_bank_monitor_voltage_slope,-0.209095865488052,2026-07-16T00:23:05.577Z
sensor.battery_bank_monitor_voltage_slope,-0.204338446259499,2026-07-16T00:24:05.628Z
sensor.battery_bank_monitor_voltage_slope,-0.132819980382919,2026-07-16T00:25:05.670Z
sensor.battery_bank_monitor_voltage_slope,-0.0863329842686653,2026-07-16T00:26:05.681Z
sensor.battery_bank_monitor_voltage_slope,-0.124542571604252,2026-07-16T00:27:05.740Z
sensor.battery_bank_monitor_voltage_slope,-0.0809526666998863,2026-07-16T00:28:05.775Z
sensor.battery_bank_monitor_voltage_slope,-0.0526192300021648,2026-07-16T00:29:05.841Z
sensor.battery_bank_monitor_voltage_slope,-0.0342024974524975,2026-07-16T00:30:05.920Z
sensor.battery_bank_monitor_voltage_slope,-0.0222316216677427,2026-07-16T00:31:05.987Z
sensor.battery_bank_monitor_voltage_slope,-0.0828766822814941,2026-07-16T00:32:06.039Z
sensor.battery_bank_monitor_voltage_slope,-0.0538698397576809,2026-07-16T00:33:06.096Z
sensor.battery_bank_monitor_voltage_slope,-0.103441521525383,2026-07-16T00:34:06.157Z
sensor.battery_bank_monitor_voltage_slope,0.00118914246559143,2026-07-16T00:35:06.212Z
sensor.battery_bank_monitor_voltage_slope,0.000772942556068301,2026-07-16T00:36:06.276Z
sensor.battery_bank_monitor_voltage_slope,0.000502412614878267,2026-07-16T00:37:06.348Z
sensor.battery_bank_monitor_voltage_slope,0.000326568173477426,2026-07-16T00:38:06.386Z
sensor.battery_bank_monitor_voltage_slope,0.000212269311305135,2026-07-16T00:39:06.461Z
sensor.battery_bank_monitor_voltage_slope,0.000137975046527572,2026-07-16T00:40:06.513Z
sensor.battery_bank_monitor_voltage_slope,8.96837736945599e-05,2026-07-16T00:41:06.585Z
sensor.battery_bank_monitor_voltage_slope,5.82944521738682e-05,2026-07-16T00:42:06.629Z
sensor.battery_bank_monitor_voltage_slope,3.78913937311154e-05,2026-07-16T00:43:06.688Z
sensor.battery_bank_monitor_voltage_slope,2.46294057433261e-05,2026-07-16T00:44:06.770Z
sensor.battery_bank_monitor_voltage_slope,1.60091130965156e-05,2026-07-16T00:45:06.828Z
sensor.battery_bank_monitor_voltage_slope,0.0684365406632423,2026-07-16T00:46:06.891Z
sensor.battery_bank_monitor_voltage_slope,-0.0239423811435699,2026-07-16T00:47:06.943Z
sensor.battery_bank_monitor_voltage_slope,0.0528635829687119,2026-07-16T00:48:06.999Z
sensor.battery_bank_monitor_voltage_slope,0.0343613289296627,2026-07-16T00:49:07.072Z
sensor.battery_bank_monitor_voltage_slope,0.0223348625004292,2026-07-16T00:50:07.128Z
sensor.battery_bank_monitor_voltage_slope,0.0145176602527499,2026-07-16T00:51:07.194Z
sensor.battery_bank_monitor_voltage_slope,0.00943647883832455,2026-07-16T00:52:07.298Z
sensor.battery_bank_monitor_voltage_slope,0.00613371096551418,2026-07-16T00:53:07.374Z
sensor.battery_bank_monitor_voltage_slope,0.0724130421876907,2026-07-16T00:54:07.456Z
sensor.battery_bank_monitor_voltage_slope,0.0470684766769409,2026-07-16T00:55:07.572Z
sensor.battery_bank_monitor_voltage_slope,0.0305945090949535,2026-07-16T00:56:07.608Z
sensor.battery_bank_monitor_voltage_slope,0.0198864303529263,2026-07-16T00:57:07.705Z
sensor.battery_bank_monitor_voltage_slope,0.012926178984344,2026-07-16T00:58:07.815Z
sensor.battery_bank_monitor_voltage_slope,0.0768281519412994,2026-07-16T00:59:07.896Z
sensor.battery_bank_monitor_voltage_slope,0.0499382987618446,2026-07-16T01:00:07.913Z
sensor.battery_bank_monitor_voltage_slope,0.0324598923325539,2026-07-16T01:01:08.007Z
sensor.battery_bank_monitor_voltage_slope,0.089191272854805,2026-07-16T01:02:07.906Z
sensor.battery_bank_monitor_voltage_slope,0.0579743236303329,2026-07-16T01:03:07.813Z
sensor.battery_bank_monitor_voltage_slope,0.0376833081245422,2026-07-16T01:04:07.861Z
sensor.battery_bank_monitor_voltage_slope,0.0244941487908363,2026-07-16T01:05:07.902Z
sensor.battery_bank_monitor_voltage_slope,0.0159211959689856,2026-07-16T01:06:07.902Z
sensor.battery_bank_monitor_voltage_slope,0.0787749066948891,2026-07-16T01:07:07.902Z
sensor.battery_bank_monitor_voltage_slope,0.0512036867439747,2026-07-16T01:08:07.902Z
sensor.battery_bank_monitor_voltage_slope,0.033282395452261,2026-07-16T01:09:07.904Z
sensor.battery_bank_monitor_voltage_slope,0.0216335561126471,2026-07-16T01:10:07.912Z
sensor.battery_bank_monitor_voltage_slope,0.082487940788269,2026-07-16T01:11:07.926Z
sensor.battery_bank_monitor_voltage_slope,0.0536171607673168,2026-07-16T01:12:07.818Z
sensor.battery_bank_monitor_voltage_slope,0.0348511524498463,2026-07-16T01:13:07.939Z
sensor.battery_bank_monitor_voltage_slope,0.0226532481610775,2026-07-16T01:14:08.017Z
sensor.battery_bank_monitor_voltage_slope,0.0831507444381714,2026-07-16T01:15:08.049Z
sensor.battery_bank_monitor_voltage_slope,0.0540479831397533,2026-07-16T01:16:08.087Z
sensor.battery_bank_monitor_voltage_slope,0.0351311862468719,2026-07-16T01:17:08.138Z
sensor.battery_bank_monitor_voltage_slope,0.0228352695703506,2026-07-16T01:18:08.211Z
sensor.battery_bank_monitor_voltage_slope,0.0832690596580505,2026-07-16T01:19:08.279Z
sensor.battery_bank_monitor_voltage_slope,0.0541248880326748,2026-07-16T01:20:08.380Z
sensor.battery_bank_monitor_voltage_slope,0.035181175917387,2026-07-16T01:21:08.438Z
sensor.battery_bank_monitor_voltage_slope,0.022867763414979,2026-07-16T01:22:08.459Z
sensor.battery_bank_monitor_voltage_slope,0.0148640461266041,2026-07-16T01:23:08.540Z
sensor.battery_bank_monitor_voltage_slope,0.00966162979602814,2026-07-16T01:24:08.604Z
sensor.battery_bank_monitor_voltage_slope,0.0743724033236504,2026-07-16T01:25:08.666Z
sensor.battery_bank_monitor_voltage_slope,0.0483420602977276,2026-07-16T01:26:08.700Z
sensor.battery_bank_monitor_voltage_slope,0.0314223393797874,2026-07-16T01:27:08.784Z
sensor.battery_bank_monitor_voltage_slope,0.0888506546616554,2026-07-16T01:28:08.885Z
sensor.battery_bank_monitor_voltage_slope,0.0577529221773148,2026-07-16T01:29:08.998Z
sensor.battery_bank_monitor_voltage_slope,0.0375393964350224,2026-07-16T01:30:09.040Z
sensor.battery_bank_monitor_voltage_slope,0.024400606751442,2026-07-16T01:31:09.140Z
sensor.battery_bank_monitor_voltage_slope,0.0842865258455276,2026-07-16T01:32:09.236Z
sensor.battery_bank_monitor_voltage_slope,0.0547862388193607,2026-07-16T01:33:09.314Z
sensor.battery_bank_monitor_voltage_slope,0.0356110520660877,2026-07-16T01:34:09.391Z
sensor.battery_bank_monitor_voltage_slope,0.0915733128786087,2026-07-16T01:35:09.421Z
sensor.battery_bank_monitor_voltage_slope,-0.00890348106622696,2026-07-16T01:36:09.468Z
sensor.battery_bank_monitor_voltage_slope,-0.00578726269304752,2026-07-16T01:37:09.334Z
sensor.battery_bank_monitor_voltage_slope,0.0646644085645676,2026-07-16T01:38:09.382Z
sensor.battery_bank_monitor_voltage_slope,0.0420318655669689,2026-07-16T01:39:09.382Z
sensor.battery_bank_monitor_voltage_slope,0.0273207109421492,2026-07-16T01:40:09.377Z
sensor.battery_bank_monitor_voltage_slope,0.0861845910549164,2026-07-16T01:41:09.382Z
sensor.battery_bank_monitor_voltage_slope,-0.0124061517417431,2026-07-16T01:42:09.383Z
sensor.battery_bank_monitor_voltage_slope,0.060362134128809,2026-07-16T01:43:09.393Z
sensor.battery_bank_monitor_voltage_slope,0.0392353869974613,2026-07-16T01:44:09.299Z
sensor.battery_bank_monitor_voltage_slope,0.0255030002444983,2026-07-16T01:45:09.395Z
sensor.battery_bank_monitor_voltage_slope,0.0165769495069981,2026-07-16T01:46:09.436Z
sensor.battery_bank_monitor_voltage_slope,0.0107750166207552,2026-07-16T01:47:09.395Z
sensor.battery_bank_monitor_voltage_slope,0.075096108019352,2026-07-16T01:48:09.397Z
sensor.battery_bank_monitor_voltage_slope,0.0488124676048756,2026-07-16T01:49:09.411Z
sensor.battery_bank_monitor_voltage_slope,0.0317281037569046,2026-07-16T01:50:09.400Z
sensor.battery_bank_monitor_voltage_slope,0.0206232666969299,2026-07-16T01:51:09.397Z
sensor.battery_bank_monitor_voltage_slope,0.0134051227942109,2026-07-16T01:52:09.402Z
sensor.battery_bank_monitor_voltage_slope,0.00871332921087742,2026-07-16T01:53:09.402Z
sensor.battery_bank_monitor_voltage_slope,0.0740897953510284,2026-07-16T01:54:09.489Z
sensor.battery_bank_monitor_voltage_slope,0.0481583662331104,2026-07-16T01:55:09.597Z
sensor.battery_bank_monitor_voltage_slope,0.0313029363751411,2026-07-16T01:56:09.698Z
sensor.battery_bank_monitor_voltage_slope,0.0203469078987837,2026-07-16T01:57:09.733Z
sensor.battery_bank_monitor_voltage_slope,0.0132254892960191,2026-07-16T01:58:09.628Z
sensor.battery_bank_monitor_voltage_slope,0.00859656743705273,2026-07-16T01:59:09.695Z
sensor.battery_bank_monitor_voltage_slope,0.0740139037370682,2026-07-16T02:00:09.690Z
sensor.battery_bank_monitor_voltage_slope,0.0481090359389782,2026-07-16T02:01:09.695Z
sensor.battery_bank_monitor_voltage_slope,0.0312708728015423,2026-07-16T02:02:09.697Z
sensor.battery_bank_monitor_voltage_slope,0.0203260667622089,2026-07-16T02:03:09.601Z
sensor.battery_bank_monitor_voltage_slope,0.0132119432091713,2026-07-16T02:04:09.701Z
sensor.battery_bank_monitor_voltage_slope,0.00858776271343231,2026-07-16T02:05:09.803Z
sensor.battery_bank_monitor_voltage_slope,0.005582045763731,2026-07-16T02:06:09.839Z
sensor.battery_bank_monitor_voltage_slope,0.00362832960672677,2026-07-16T02:07:09.727Z
sensor.battery_bank_monitor_voltage_slope,0.0707845464348793,2026-07-16T02:08:09.808Z
sensor.battery_bank_monitor_voltage_slope,0.0460099540650845,2026-07-16T02:09:09.803Z
sensor.battery_bank_monitor_voltage_slope,-0.0385196655988693,2026-07-16T02:10:09.804Z
sensor.battery_bank_monitor_voltage_slope,0.111814484000206,2026-07-16T02:11:09.806Z
sensor.battery_bank_monitor_voltage_slope,0.00425328314304352,2026-07-16T02:12:09.810Z
sensor.battery_bank_monitor_voltage_slope,0.00276463385671377,2026-07-16T02:13:09.825Z
sensor.battery_bank_monitor_voltage_slope,0.00179701193701476,2026-07-16T02:14:09.940Z
sensor.battery_bank_monitor_voltage_slope,0.0695941895246506,2026-07-16T02:15:10.027Z
sensor.battery_bank_monitor_voltage_slope,0.0452362224459648,2026-07-16T02:16:10.058Z
sensor.battery_bank_monitor_voltage_slope,0.029403543099761,2026-07-16T02:17:09.947Z
sensor.battery_bank_monitor_voltage_slope,0.0191123019903898,2026-07-16T02:18:10.027Z
sensor.battery_bank_monitor_voltage_slope,0.0124229956418276,2026-07-16T02:19:10.022Z
sensor.battery_bank_monitor_voltage_slope,0.00807494670152664,2026-07-16T02:20:10.023Z
sensor.battery_bank_monitor_voltage_slope,0.0052487151697278,2026-07-16T02:21:10.027Z
sensor.battery_bank_monitor_voltage_slope,0.0715040117502213,2026-07-16T02:22:10.035Z
sensor.battery_bank_monitor_voltage_slope,-0.0216147415339947,2026-07-16T02:23:10.009Z
sensor.battery_bank_monitor_voltage_slope,0.0540427640080452,2026-07-16T02:24:10.090Z
sensor.battery_bank_monitor_voltage_slope,0.0351277962327003,2026-07-16T02:25:10.200Z
sensor.battery_bank_monitor_voltage_slope,0.0228330660611391,2026-07-16T02:26:10.237Z
sensor.battery_bank_monitor_voltage_slope,0.0148414922878146,2026-07-16T02:27:10.119Z
sensor.battery_bank_monitor_voltage_slope,0.00964696984738111,2026-07-16T02:28:10.192Z
sensor.battery_bank_monitor_voltage_slope,0.00627053016796708,2026-07-16T02:29:10.203Z
sensor.battery_bank_monitor_voltage_slope,0.00407584430649877,2026-07-16T02:30:10.202Z
sensor.battery_bank_monitor_voltage_slope,0.0710754320025444,2026-07-16T02:31:10.214Z
sensor.battery_bank_monitor_voltage_slope,0.0461990274488926,2026-07-16T02:32:10.203Z
sensor.battery_bank_monitor_voltage_slope,-0.0383967645466328,2026-07-16T02:33:10.207Z
sensor.battery_bank_monitor_voltage_slope,0.0434682369232178,2026-07-16T02:34:10.262Z
sensor.battery_bank_monitor_voltage_slope,0.0282543525099754,2026-07-16T02:35:10.358Z
sensor.battery_bank_monitor_voltage_slope,0.018365329131484,2026-07-16T02:36:10.407Z
sensor.battery_bank_monitor_voltage_slope,0.0119374636560678,2026-07-16T02:37:10.354Z
sensor.battery_bank_monitor_voltage_slope,0.00775935128331184,2026-07-16T02:38:10.355Z
sensor.battery_bank_monitor_voltage_slope,0.0050435783341527,2026-07-16T02:39:10.354Z
sensor.battery_bank_monitor_voltage_slope,0.00327832577750087,2026-07-16T02:40:10.360Z
sensor.battery_bank_monitor_voltage_slope,0.00213091168552637,2026-07-16T02:41:10.352Z
sensor.battery_bank_monitor_voltage_slope,0.069811224937439,2026-07-16T02:42:10.359Z
sensor.battery_bank_monitor_voltage_slope,-0.0230488367378712,2026-07-16T02:43:10.363Z
sensor.battery_bank_monitor_voltage_slope,0.0534443892538548,2026-07-16T02:44:10.412Z
sensor.battery_bank_monitor_voltage_slope,0.0347388535737991,2026-07-16T02:45:10.373Z
sensor.battery_bank_monitor_voltage_slope,0.0225802548229694,2026-07-16T02:46:10.366Z
sensor.battery_bank_monitor_voltage_slope,-0.0537489652633667,2026-07-16T02:47:10.368Z
sensor.battery_bank_monitor_voltage_slope,0.0334893055260181,2026-07-16T02:48:10.372Z
sensor.battery_bank_monitor_voltage_slope,0.0217680484056473,2026-07-16T02:49:10.368Z
sensor.battery_bank_monitor_voltage_slope,0.0141492309048772,2026-07-16T02:50:10.382Z
sensor.battery_bank_monitor_voltage_slope,0.0091969994828105,2026-07-16T02:51:10.373Z
sensor.battery_bank_monitor_voltage_slope,0.00597804924473166,2026-07-16T02:52:10.365Z
sensor.battery_bank_monitor_voltage_slope,0.003885731799528,2026-07-16T02:53:10.458Z
sensor.battery_bank_monitor_voltage_slope,0.00252572563476861,2026-07-16T02:54:10.472Z
sensor.battery_bank_monitor_voltage_slope,0.00164172158110887,2026-07-16T02:55:10.365Z
sensor.battery_bank_monitor_voltage_slope,0.00106711895205081,2026-07-16T02:56:10.444Z
sensor.battery_bank_monitor_voltage_slope,0.000693627283908427,2026-07-16T02:57:10.446Z
sensor.battery_bank_monitor_voltage_slope,0.0688769891858101,2026-07-16T02:58:10.447Z
sensor.battery_bank_monitor_voltage_slope,0.0447700396180153,2026-07-16T02:59:10.451Z
sensor.battery_bank_monitor_voltage_slope,0.0291005242615938,2026-07-16T03:00:10.423Z
sensor.battery_bank_monitor_voltage_slope,0.0189153403043747,2026-07-16T03:01:10.530Z
sensor.battery_bank_monitor_voltage_slope,0.0122949704527855,2026-07-16T03:02:10.609Z
sensor.battery_bank_monitor_voltage_slope,0.00799173023551702,2026-07-16T03:03:10.664Z
sensor.battery_bank_monitor_voltage_slope,0.00519462442025542,2026-07-16T03:04:10.771Z
sensor.battery_bank_monitor_voltage_slope,0.00337650580331683,2026-07-16T03:05:10.878Z
sensor.battery_bank_monitor_voltage_slope,0.00219472870230675,2026-07-16T03:06:10.968Z
sensor.battery_bank_monitor_voltage_slope,-0.0669995620846748,2026-07-16T03:07:11.012Z
sensor.battery_bank_monitor_voltage_slope,0.024876419454813,2026-07-16T03:08:10.881Z
sensor.battery_bank_monitor_voltage_slope,0.016169672831893,2026-07-16T03:09:10.967Z
sensor.battery_bank_monitor_voltage_slope,0.0105102872475982,2026-07-16T03:10:10.968Z
sensor.battery_bank_monitor_voltage_slope,0.00683168647810817,2026-07-16T03:11:10.969Z
sensor.battery_bank_monitor_voltage_slope,0.00444059586152434,2026-07-16T03:12:10.966Z
sensor.battery_bank_monitor_voltage_slope,0.00288638728670776,2026-07-16T03:13:10.973Z
sensor.battery_bank_monitor_voltage_slope,0.0703022852540016,2026-07-16T03:14:10.960Z
sensor.battery_bank_monitor_voltage_slope,-0.0227296501398087,2026-07-16T03:15:11.070Z
sensor.battery_bank_monitor_voltage_slope,-0.0147742722183466,2026-07-16T03:16:11.138Z
sensor.battery_bank_monitor_voltage_slope,-0.00960327684879303,2026-07-16T03:17:11.185Z
sensor.battery_bank_monitor_voltage_slope,-0.00624212995171547,2026-07-16T03:18:11.048Z
sensor.battery_bank_monitor_voltage_slope,0.0643687471747398,2026-07-16T03:19:11.138Z
sensor.battery_bank_monitor_voltage_slope,0.0418396852910519,2026-07-16T03:20:11.127Z
sensor.battery_bank_monitor_voltage_slope,0.0271957945078611,2026-07-16T03:21:11.129Z
sensor.battery_bank_monitor_voltage_slope,-0.0507488660514355,2026-07-16T03:22:11.136Z
sensor.battery_bank_monitor_voltage_slope,0.0354393720626831,2026-07-16T03:23:11.133Z
sensor.battery_bank_monitor_voltage_slope,0.023035591468215,2026-07-16T03:24:11.102Z
sensor.battery_bank_monitor_voltage_slope,0.0149731338024139,2026-07-16T03:25:11.156Z
sensor.battery_bank_monitor_voltage_slope,0.00973253697156906,2026-07-16T03:26:11.195Z
sensor.battery_bank_monitor_voltage_slope,0.00632614875212312,2026-07-16T03:27:11.142Z
sensor.battery_bank_monitor_voltage_slope,0.00411199638620019,2026-07-16T03:28:11.121Z
sensor.battery_bank_monitor_voltage_slope,0.0026727975346148,2026-07-16T03:29:11.156Z
sensor.battery_bank_monitor_voltage_slope,0.00173731835093349,2026-07-16T03:30:11.151Z
sensor.battery_bank_monitor_voltage_slope,0.00112925691064447,2026-07-16T03:31:11.151Z
sensor.battery_bank_monitor_voltage_slope,-0.0676921159029007,2026-07-16T03:32:11.154Z
sensor.battery_bank_monitor_voltage_slope,0.0244262591004372,2026-07-16T03:33:11.156Z
sensor.battery_bank_monitor_voltage_slope,0.0158770680427551,2026-07-16T03:34:11.240Z
sensor.battery_bank_monitor_voltage_slope,0.0103200934827328,2026-07-16T03:35:11.347Z
sensor.battery_bank_monitor_voltage_slope,0.00670806039124727,2026-07-16T03:36:11.388Z
sensor.battery_bank_monitor_voltage_slope,0.00436023902148008,2026-07-16T03:37:11.505Z
sensor.battery_bank_monitor_voltage_slope,-0.0655919760465622,2026-07-16T03:38:11.514Z
sensor.battery_bank_monitor_voltage_slope,0.0257913507521152,2026-07-16T03:39:11.497Z
sensor.battery_bank_monitor_voltage_slope,0.0167643781751394,2026-07-16T03:40:11.497Z
sensor.battery_bank_monitor_voltage_slope,0.0108968457207084,2026-07-16T03:41:11.498Z
sensor.battery_bank_monitor_voltage_slope,0.00708294939249754,2026-07-16T03:42:11.507Z
sensor.battery_bank_monitor_voltage_slope,0.0046039167791605,2026-07-16T03:43:11.499Z
sensor.battery_bank_monitor_voltage_slope,0.00299254572018981,2026-07-16T03:44:11.497Z
sensor.battery_bank_monitor_voltage_slope,-0.0664809793233871,2026-07-16T03:45:11.405Z
sensor.battery_bank_monitor_voltage_slope,0.025213498622179,2026-07-16T03:46:11.503Z
sensor.battery_bank_monitor_voltage_slope,0.0163887739181519,2026-07-16T03:47:11.566Z
sensor.battery_bank_monitor_voltage_slope,0.0106527023017406,2026-07-16T03:48:11.618Z
sensor.battery_bank_monitor_voltage_slope,0.0750166028738022,2026-07-16T03:49:11.500Z
sensor.battery_bank_monitor_voltage_slope,-0.0193315558135509,2026-07-16T03:50:11.568Z
sensor.battery_bank_monitor_voltage_slope,-0.0125655112788081,2026-07-16T03:51:11.564Z
sensor.battery_bank_monitor_voltage_slope,-0.00816758163273335,2026-07-16T03:52:11.566Z
sensor.battery_bank_monitor_voltage_slope,-0.00530892796814442,2026-07-16T03:53:11.565Z
sensor.battery_bank_monitor_voltage_slope,-0.00345080299302936,2026-07-16T03:54:11.570Z
sensor.battery_bank_monitor_voltage_slope,-0.00224302196875215,2026-07-16T03:55:11.571Z
sensor.battery_bank_monitor_voltage_slope,-0.00145796418655664,2026-07-16T03:56:11.615Z
sensor.battery_bank_monitor_voltage_slope,0.0671446695923805,2026-07-16T03:57:11.500Z
sensor.battery_bank_monitor_voltage_slope,-0.0244483128190041,2026-07-16T03:58:11.572Z
sensor.battery_bank_monitor_voltage_slope,-0.0158914029598236,2026-07-16T03:59:11.582Z
sensor.battery_bank_monitor_voltage_slope,-0.0103294113650918,2026-07-16T04:00:11.573Z
sensor.battery_bank_monitor_voltage_slope,-0.0751402527093887,2026-07-16T04:01:11.575Z
sensor.battery_bank_monitor_voltage_slope,0.0195849686861038,2026-07-16T04:02:11.580Z
sensor.battery_bank_monitor_voltage_slope,0.0127302287146449,2026-07-16T04:03:11.549Z
sensor.battery_bank_monitor_voltage_slope,0.0763669908046722,2026-07-16T04:04:11.684Z
sensor.battery_bank_monitor_voltage_slope,-0.0184538029134274,2026-07-16T04:05:11.793Z
sensor.battery_bank_monitor_voltage_slope,-0.0119949718937278,2026-07-16T04:06:11.881Z
sensor.battery_bank_monitor_voltage_slope,-0.0077967313118279,2026-07-16T04:07:11.913Z
sensor.battery_bank_monitor_voltage_slope,-0.00506787514314055,2026-07-16T04:08:11.838Z
sensor.battery_bank_monitor_voltage_slope,-0.00329411868005991,2026-07-16T04:09:11.880Z
sensor.battery_bank_monitor_voltage_slope,-0.0705673098564148,2026-07-16T04:10:11.881Z
sensor.battery_bank_monitor_voltage_slope,0.0225573815405369,2026-07-16T04:11:11.884Z
sensor.battery_bank_monitor_voltage_slope,0.0146622974425554,2026-07-16T04:12:11.884Z
sensor.battery_bank_monitor_voltage_slope,0.00953049305826426,2026-07-16T04:13:11.888Z
sensor.battery_bank_monitor_voltage_slope,0.00619482016190886,2026-07-16T04:14:11.897Z
sensor.battery_bank_monitor_voltage_slope,0.0040266327559948,2026-07-16T04:15:11.979Z
sensor.battery_bank_monitor_voltage_slope,0.00261731119826436,2026-07-16T04:16:12.060Z
sensor.battery_bank_monitor_voltage_slope,0.00170125218573958,2026-07-16T04:17:12.177Z
sensor.battery_bank_monitor_voltage_slope,-0.067320317029953,2026-07-16T04:18:12.252Z
sensor.battery_bank_monitor_voltage_slope,0.024667926132679,2026-07-16T04:19:12.293Z
sensor.battery_bank_monitor_voltage_slope,-0.0523919835686684,2026-07-16T04:20:12.252Z
sensor.battery_bank_monitor_voltage_slope,-0.0340547896921635,2026-07-16T04:21:12.263Z
sensor.battery_bank_monitor_voltage_slope,0.0462905205786228,2026-07-16T04:22:12.267Z
sensor.battery_bank_monitor_voltage_slope,-0.0383372940123081,2026-07-16T04:23:12.258Z
sensor.battery_bank_monitor_voltage_slope,-0.0249192398041487,2026-07-16T04:24:12.265Z
sensor.battery_bank_monitor_voltage_slope,-0.0161975044757128,2026-07-16T04:25:12.264Z
sensor.battery_bank_monitor_voltage_slope,0.0578977540135384,2026-07-16T04:26:12.264Z
sensor.battery_bank_monitor_voltage_slope,0.0376335382461548,2026-07-16T04:27:12.253Z
sensor.battery_bank_monitor_voltage_slope,-0.0439643338322639,2026-07-16T04:28:12.373Z
sensor.battery_bank_monitor_voltage_slope,0.0398493185639381,2026-07-16T04:29:12.480Z
sensor.battery_bank_monitor_voltage_slope,-0.0425240769982338,2026-07-16T04:30:12.584Z
sensor.battery_bank_monitor_voltage_slope,-0.0276406481862068,2026-07-16T04:31:12.699Z
sensor.battery_bank_monitor_voltage_slope,-0.0179664213210344,2026-07-16T04:32:12.820Z
sensor.battery_bank_monitor_voltage_slope,0.0567479580640793,2026-07-16T04:33:12.843Z
sensor.battery_bank_monitor_voltage_slope,0.0368861705064774,2026-07-16T04:34:12.811Z
sensor.battery_bank_monitor_voltage_slope,-0.0444501228630543,2026-07-16T04:35:12.781Z
sensor.battery_bank_monitor_voltage_slope,-0.0288925785571337,2026-07-16T04:36:12.814Z
sensor.battery_bank_monitor_voltage_slope,-0.0187801755964756,2026-07-16T04:37:12.814Z
sensor.battery_bank_monitor_voltage_slope,-0.0122071141377091,2026-07-16T04:38:12.819Z
sensor.battery_bank_monitor_voltage_slope,-0.00793462432920933,2026-07-16T04:39:12.812Z
sensor.battery_bank_monitor_voltage_slope,-0.00515750562772155,2026-07-16T04:40:12.818Z
sensor.battery_bank_monitor_voltage_slope,-0.00335237849503756,2026-07-16T04:41:12.818Z
sensor.battery_bank_monitor_voltage_slope,-0.070605181157589,2026-07-16T04:42:12.930Z
sensor.battery_bank_monitor_voltage_slope,0.0225327648222446,2026-07-16T04:43:12.965Z
sensor.battery_bank_monitor_voltage_slope,0.014646296389401,2026-07-16T04:44:12.920Z
sensor.battery_bank_monitor_voltage_slope,-0.0589060410857201,2026-07-16T04:45:12.912Z
sensor.battery_bank_monitor_voltage_slope,-0.0382889248430729,2026-07-16T04:46:12.921Z
sensor.battery_bank_monitor_voltage_slope,-0.0248878002166748,2026-07-16T04:47:12.922Z
sensor.battery_bank_monitor_voltage_slope,-0.0161770693957806,2026-07-16T04:48:12.922Z
sensor.battery_bank_monitor_voltage_slope,-0.0105150947347283,2026-07-16T04:49:12.922Z
sensor.battery_bank_monitor_voltage_slope,-0.00683481153100729,2026-07-16T04:50:12.904Z
sensor.battery_bank_monitor_voltage_slope,-0.00444262754172087,2026-07-16T04:51:12.990Z
sensor.battery_bank_monitor_voltage_slope,0.0655384212732315,2026-07-16T04:52:13.004Z
sensor.battery_bank_monitor_voltage_slope,-0.0258261598646641,2026-07-16T04:53:13.086Z
sensor.battery_bank_monitor_voltage_slope,-0.0167870037257671,2026-07-16T04:54:12.983Z
sensor.battery_bank_monitor_voltage_slope,-0.0109115522354841,2026-07-16T04:55:12.984Z
sensor.battery_bank_monitor_voltage_slope,-0.00709250848740339,2026-07-16T04:56:12.984Z
sensor.battery_bank_monitor_voltage_slope,-0.00461013056337833,2026-07-16T04:57:12.997Z
sensor.battery_bank_monitor_voltage_slope,-0.00299658486619592,2026-07-16T04:58:12.993Z
sensor.battery_bank_monitor_voltage_slope,-0.00194778013974428,2026-07-16T04:59:12.991Z
sensor.battery_bank_monitor_voltage_slope,0.067160077393055,2026-07-16T05:00:13.023Z
sensor.battery_bank_monitor_voltage_slope,-0.024772085249424,2026-07-16T05:01:13.043Z
sensor.battery_bank_monitor_voltage_slope,-0.0161018539220095,2026-07-16T05:02:13.129Z
sensor.battery_bank_monitor_voltage_slope,-0.0788923352956772,2026-07-16T05:03:13.006Z
sensor.battery_bank_monitor_voltage_slope,-0.0512800142168999,2026-07-16T05:04:13.022Z
sensor.battery_bank_monitor_voltage_slope,-0.0333320088684559,2026-07-16T05:05:13.021Z
sensor.battery_bank_monitor_voltage_slope,0.0467603281140327,2026-07-16T05:06:13.025Z
sensor.battery_bank_monitor_voltage_slope,0.0303942114114761,2026-07-16T05:07:13.017Z
sensor.battery_bank_monitor_voltage_slope,0.0197562370449305,2026-07-16T05:08:13.027Z
sensor.battery_bank_monitor_voltage_slope,-0.055584579706192,2026-07-16T05:09:12.963Z
sensor.battery_bank_monitor_voltage_slope,-0.0361299738287926,2026-07-16T05:10:13.058Z
sensor.battery_bank_monitor_voltage_slope,-0.0234844814985991,2026-07-16T05:11:13.129Z
sensor.battery_bank_monitor_voltage_slope,-0.0152649125084281,2026-07-16T05:12:13.197Z
sensor.battery_bank_monitor_voltage_slope,-0.00992219243198633,2026-07-16T05:13:13.304Z
sensor.battery_bank_monitor_voltage_slope,-0.00644942466169596,2026-07-16T05:14:13.381Z
sensor.battery_bank_monitor_voltage_slope,-0.0726182609796524,2026-07-16T05:15:13.433Z
sensor.battery_bank_monitor_voltage_slope,0.0212242640554905,2026-07-16T05:16:13.375Z
sensor.battery_bank_monitor_voltage_slope,0.0137957707047462,2026-07-16T05:17:13.379Z
sensor.battery_bank_monitor_voltage_slope,0.00896725058555603,2026-07-16T05:18:13.380Z
sensor.battery_bank_monitor_voltage_slope,0.00582871260121465,2026-07-16T05:19:13.372Z
sensor.battery_bank_monitor_voltage_slope,0.0037886630743742,2026-07-16T05:20:13.388Z
sensor.battery_bank_monitor_voltage_slope,-0.0659634992480278,2026-07-16T05:21:13.381Z
sensor.battery_bank_monitor_voltage_slope,0.0255498588085175,2026-07-16T05:22:13.464Z
sensor.battery_bank_monitor_voltage_slope,-0.0518187247216702,2026-07-16T05:23:13.571Z
sensor.battery_bank_monitor_voltage_slope,-0.0336821712553501,2026-07-16T05:24:13.580Z
sensor.battery_bank_monitor_voltage_slope,-0.021893410012126,2026-07-16T05:25:13.544Z
sensor.battery_bank_monitor_voltage_slope,0.0541954152286053,2026-07-16T05:26:13.566Z
sensor.battery_bank_monitor_voltage_slope,-0.0331991128623486,2026-07-16T05:27:13.568Z
sensor.battery_bank_monitor_voltage_slope,-0.021579422056675,2026-07-16T05:28:13.578Z
sensor.battery_bank_monitor_voltage_slope,-0.0140266241505742,2026-07-16T05:29:13.568Z
sensor.battery_bank_monitor_voltage_slope,-0.00911730527877808,2026-07-16T05:30:13.566Z
sensor.battery_bank_monitor_voltage_slope,-0.00592624815180898,2026-07-16T05:31:13.569Z
sensor.battery_bank_monitor_voltage_slope,-0.00385206122882664,2026-07-16T05:32:13.529Z
sensor.battery_bank_monitor_voltage_slope,-0.00250383978709579,2026-07-16T05:33:13.660Z
sensor.battery_bank_monitor_voltage_slope,-0.0697198435664177,2026-07-16T05:34:13.756Z
sensor.battery_bank_monitor_voltage_slope,-0.0453178957104683,2026-07-16T05:35:13.862Z
sensor.battery_bank_monitor_voltage_slope,-0.0294566303491592,2026-07-16T05:36:13.970Z
sensor.battery_bank_monitor_voltage_slope,-0.0191468093544245,2026-07-16T05:37:14.014Z
sensor.battery_bank_monitor_voltage_slope,0.0556469187140465,2026-07-16T05:38:13.957Z
sensor.battery_bank_monitor_voltage_slope,-0.031921848654747,2026-07-16T05:39:13.963Z
sensor.battery_bank_monitor_voltage_slope,-0.0207492001354694,2026-07-16T05:40:13.958Z
sensor.battery_bank_monitor_voltage_slope,-0.0134869795292616,2026-07-16T05:41:13.965Z
sensor.battery_bank_monitor_voltage_slope,-0.00876653660088778,2026-07-16T05:42:13.964Z
sensor.battery_bank_monitor_voltage_slope,-0.00569824874401093,2026-07-16T05:43:13.966Z
sensor.battery_bank_monitor_voltage_slope,-0.00370386149734259,2026-07-16T05:44:13.991Z
sensor.battery_bank_monitor_voltage_slope,-0.0024075098335743,2026-07-16T05:45:14.101Z
sensor.battery_bank_monitor_voltage_slope,-0.00156488129869103,2026-07-16T05:46:14.196Z
sensor.battery_bank_monitor_voltage_slope,-0.0694433078169823,2026-07-16T05:47:14.231Z
sensor.battery_bank_monitor_voltage_slope,-0.0451381467282772,2026-07-16T05:48:14.188Z
sensor.battery_bank_monitor_voltage_slope,0.0390863381326199,2026-07-16T05:49:14.189Z
sensor.battery_bank_monitor_voltage_slope,0.0254061184823513,2026-07-16T05:50:14.192Z
sensor.battery_bank_monitor_voltage_slope,-0.0519121550023556,2026-07-16T05:51:14.194Z
sensor.battery_bank_monitor_voltage_slope,-0.0337429009377956,2026-07-16T05:52:14.195Z
sensor.battery_bank_monitor_voltage_slope,-0.0219328850507736,2026-07-16T05:53:14.194Z
sensor.battery_bank_monitor_voltage_slope,-0.0142563749104738,2026-07-16T05:54:14.203Z
sensor.battery_bank_monitor_voltage_slope,-0.00926664378494024,2026-07-16T05:55:14.311Z
sensor.battery_bank_monitor_voltage_slope,-0.006023318041116,2026-07-16T05:56:14.412Z
sensor.battery_bank_monitor_voltage_slope,-0.00391515670344234,2026-07-16T05:57:14.455Z
sensor.battery_bank_monitor_voltage_slope,-0.0025448517408222,2026-07-16T05:58:14.413Z
sensor.battery_bank_monitor_voltage_slope,-0.00165415357332677,2026-07-16T05:59:14.415Z
sensor.battery_bank_monitor_voltage_slope,-0.0695013329386711,2026-07-16T06:00:14.414Z
sensor.battery_bank_monitor_voltage_slope,-0.0451758652925491,2026-07-16T06:01:14.421Z
sensor.battery_bank_monitor_voltage_slope,0.0390618219971657,2026-07-16T06:02:14.428Z
sensor.battery_bank_monitor_voltage_slope,0.0253901835530996,2026-07-16T06:03:14.428Z
sensor.battery_bank_monitor_voltage_slope,0.016503619030118,2026-07-16T06:04:14.531Z
sensor.battery_bank_monitor_voltage_slope,-0.0576987788081169,2026-07-16T06:05:14.564Z
sensor.battery_bank_monitor_voltage_slope,-0.0375042036175728,2026-07-16T06:06:14.499Z
sensor.battery_bank_monitor_voltage_slope,-0.0243777316063643,2026-07-16T06:07:14.535Z
sensor.battery_bank_monitor_voltage_slope,-0.0158455241471529,2026-07-16T06:08:14.529Z
sensor.battery_bank_monitor_voltage_slope,-0.0102995904162526,2026-07-16T06:09:14.533Z
sensor.battery_bank_monitor_voltage_slope,-0.00669473363086581,2026-07-16T06:10:14.546Z
sensor.battery_bank_monitor_voltage_slope,-0.00435157679021358,2026-07-16T06:11:14.540Z
sensor.battery_bank_monitor_voltage_slope,-0.00282852491363883,2026-07-16T06:12:14.443Z
sensor.battery_bank_monitor_voltage_slope,-0.00183854112401605,2026-07-16T06:13:14.528Z
sensor.battery_bank_monitor_voltage_slope,-0.00119505170732737,2026-07-16T06:14:14.619Z
sensor.battery_bank_monitor_voltage_slope,-0.000776783563196659,2026-07-16T06:15:14.741Z
sensor.battery_bank_monitor_voltage_slope,-0.0689310431480408,2026-07-16T06:16:14.772Z
sensor.battery_bank_monitor_voltage_slope,-0.0448051765561104,2026-07-16T06:17:14.730Z
sensor.battery_bank_monitor_voltage_slope,0.0393027663230896,2026-07-16T06:18:14.745Z
sensor.battery_bank_monitor_voltage_slope,-0.0428793355822563,2026-07-16T06:19:14.736Z
sensor.battery_bank_monitor_voltage_slope,0.0405545644462109,2026-07-16T06:20:14.736Z
sensor.battery_bank_monitor_voltage_slope,-0.0420656651258469,2026-07-16T06:21:14.737Z
sensor.battery_bank_monitor_voltage_slope,-0.0273426808416843,2026-07-16T06:22:14.730Z
sensor.battery_bank_monitor_voltage_slope,-0.0177727416157722,2026-07-16T06:23:14.746Z
sensor.battery_bank_monitor_voltage_slope,-0.0115522816777229,2026-07-16T06:24:14.795Z
sensor.battery_bank_monitor_voltage_slope,-0.00750898290425539,2026-07-16T06:25:14.901Z
sensor.battery_bank_monitor_voltage_slope,-0.0048808385618031,2026-07-16T06:26:14.942Z
sensor.battery_bank_monitor_voltage_slope,-0.00317254499532282,2026-07-16T06:27:14.865Z
sensor.battery_bank_monitor_voltage_slope,-0.0704882889986038,2026-07-16T06:28:14.896Z
sensor.battery_bank_monitor_voltage_slope,0.0226087458431721,2026-07-16T06:29:14.895Z
sensor.battery_bank_monitor_voltage_slope,0.0146956844255328,2026-07-16T06:30:14.896Z
sensor.battery_bank_monitor_voltage_slope,-0.0588739365339279,2026-07-16T06:31:14.903Z
sensor.battery_bank_monitor_voltage_slope,0.0301580764353275,2026-07-16T06:32:14.906Z
sensor.battery_bank_monitor_voltage_slope,-0.0488233827054501,2026-07-16T06:33:14.929Z
sensor.battery_bank_monitor_voltage_slope,-0.0317351967096329,2026-07-16T06:34:14.967Z
sensor.battery_bank_monitor_voltage_slope,-0.0206278767436743,2026-07-16T06:35:14.923Z
sensor.battery_bank_monitor_voltage_slope,-0.0815004631876945,2026-07-16T06:36:14.928Z
sensor.battery_bank_monitor_voltage_slope,0.0151170454919338,2026-07-16T06:37:14.928Z
sensor.battery_bank_monitor_voltage_slope,0.00982607901096344,2026-07-16T06:38:14.926Z
sensor.battery_bank_monitor_voltage_slope,0.00638695107772946,2026-07-16T06:39:14.929Z
sensor.battery_bank_monitor_voltage_slope,-0.0639408305287361,2026-07-16T06:40:14.931Z
sensor.battery_bank_monitor_voltage_slope,-0.0415615364909172,2026-07-16T06:41:14.934Z
sensor.battery_bank_monitor_voltage_slope,0.0410773493349552,2026-07-16T06:42:14.937Z
sensor.battery_bank_monitor_voltage_slope,-0.0413920693099499,2026-07-16T06:43:15.034Z
sensor.battery_bank_monitor_voltage_slope,-0.0269048437476158,2026-07-16T06:44:15.143Z
sensor.battery_bank_monitor_voltage_slope,-0.0174881480634212,2026-07-16T06:45:15.241Z
sensor.battery_bank_monitor_voltage_slope,-0.0113672958686948,2026-07-16T06:46:15.329Z
sensor.battery_bank_monitor_voltage_slope,-0.00738874217495322,2026-07-16T06:47:15.249Z
sensor.battery_bank_monitor_voltage_slope,-0.00480268243700266,2026-07-16T06:48:15.330Z
sensor.battery_bank_monitor_voltage_slope,-0.00312174344435334,2026-07-16T06:49:15.337Z
sensor.battery_bank_monitor_voltage_slope,-0.00202913326211274,2026-07-16T06:50:15.340Z
sensor.battery_bank_monitor_voltage_slope,-0.0697450712323189,2026-07-16T06:51:15.337Z
sensor.battery_bank_monitor_voltage_slope,-0.0453342944383621,2026-07-16T06:52:15.339Z
sensor.battery_bank_monitor_voltage_slope,0.038958840072155,2026-07-16T06:53:15.337Z
sensor.battery_bank_monitor_voltage_slope,-0.0431028865277767,2026-07-16T06:54:15.343Z
sensor.battery_bank_monitor_voltage_slope,-0.0280168745666742,2026-07-16T06:55:15.343Z
sensor.battery_bank_monitor_voltage_slope,-0.018210968002677,2026-07-16T06:56:15.356Z
sensor.battery_bank_monitor_voltage_slope,-0.0118371285498142,2026-07-16T06:57:15.280Z
sensor.battery_bank_monitor_voltage_slope,-0.00769413309171796,2026-07-16T06:58:15.381Z
sensor.battery_bank_monitor_voltage_slope,-0.00500118639320135,2026-07-16T06:59:15.470Z
sensor.battery_bank_monitor_voltage_slope,-0.00325077096931636,2026-07-16T07:00:15.557Z
sensor.battery_bank_monitor_voltage_slope,-0.00211300095543265,2026-07-16T07:01:15.640Z
sensor.battery_bank_monitor_voltage_slope,-0.00137345062103122,2026-07-16T07:02:15.731Z
sensor.battery_bank_monitor_voltage_slope,-0.069318875670433,2026-07-16T07:03:15.820Z
sensor.battery_bank_monitor_voltage_slope,0.0233688652515411,2026-07-16T07:04:15.921Z
sensor.battery_bank_monitor_voltage_slope,-0.0532363690435886,2026-07-16T07:05:16.009Z
sensor.battery_bank_monitor_voltage_slope,-0.0346036404371262,2026-07-16T07:06:16.100Z
sensor.battery_bank_monitor_voltage_slope,-0.022492365911603,2026-07-16T07:07:16.192Z
sensor.battery_bank_monitor_voltage_slope,-0.0146200377494097,2026-07-16T07:08:16.254Z
sensor.battery_bank_monitor_voltage_slope,-0.00950302463024855,2026-07-16T07:09:16.338Z
sensor.battery_bank_monitor_voltage_slope,-0.00617696577683091,2026-07-16T07:10:16.419Z
sensor.battery_bank_monitor_voltage_slope,-0.00401502754539251,2026-07-16T07:11:16.503Z
sensor.battery_bank_monitor_voltage_slope,-0.00260976771824062,2026-07-16T07:12:16.588Z
sensor.battery_bank_monitor_voltage_slope,-0.00169634900521487,2026-07-16T07:13:16.674Z
sensor.battery_bank_monitor_voltage_slope,-0.0695287585258484,2026-07-16T07:14:16.773Z
sensor.battery_bank_monitor_voltage_slope,-0.0451936908066273,2026-07-16T07:15:16.871Z
sensor.battery_bank_monitor_voltage_slope,-0.0293758977204561,2026-07-16T07:16:16.960Z
sensor.battery_bank_monitor_voltage_slope,-0.0190943330526352,2026-07-16T07:17:17.042Z
sensor.battery_bank_monitor_voltage_slope,-0.0124113159254193,2026-07-16T07:18:17.123Z
sensor.battery_bank_monitor_voltage_slope,-0.00806735549122095,2026-07-16T07:19:17.197Z
sensor.battery_bank_monitor_voltage_slope,-0.00524378102272749,2026-07-16T07:20:17.281Z
sensor.battery_bank_monitor_voltage_slope,-0.0718345865607262,2026-07-16T07:21:17.375Z
sensor.battery_bank_monitor_voltage_slope,0.0217336528003216,2026-07-16T07:22:17.451Z
sensor.battery_bank_monitor_voltage_slope,-0.0542992576956749,2026-07-16T07:23:17.525Z
sensor.battery_bank_monitor_voltage_slope,-0.0352945178747177,2026-07-16T07:24:17.612Z
sensor.battery_bank_monitor_voltage_slope,0.0454846955835819,2026-07-16T07:25:17.701Z
sensor.battery_bank_monitor_voltage_slope,-0.0388610810041428,2026-07-16T07:26:17.782Z
sensor.battery_bank_monitor_voltage_slope,-0.0252597015351057,2026-07-16T07:27:17.874Z
sensor.battery_bank_monitor_voltage_slope,-0.0164188053458929,2026-07-16T07:28:17.971Z
sensor.battery_bank_monitor_voltage_slope,-0.0106722228229046,2026-07-16T07:29:18.061Z
sensor.battery_bank_monitor_voltage_slope,-0.00693694455549121,2026-07-16T07:30:18.120Z
sensor.battery_bank_monitor_voltage_slope,-0.00450901361182332,2026-07-16T07:31:18.203Z
sensor.battery_bank_monitor_voltage_slope,-0.00293085863813758,2026-07-16T07:32:18.295Z
sensor.battery_bank_monitor_voltage_slope,-0.0699974074959755,2026-07-16T07:33:18.366Z
sensor.battery_bank_monitor_voltage_slope,-0.0454983115196228,2026-07-16T07:34:18.438Z
sensor.battery_bank_monitor_voltage_slope,-0.0295739006251097,2026-07-16T07:35:18.522Z
sensor.battery_bank_monitor_voltage_slope,-0.0192230343818665,2026-07-16T07:36:18.591Z
sensor.battery_bank_monitor_voltage_slope,-0.0124949719756842,2026-07-16T07:37:18.677Z
sensor.battery_bank_monitor_voltage_slope,-0.00812173169106245,2026-07-16T07:38:18.798Z
sensor.battery_bank_monitor_voltage_slope,-0.00527912518009543,2026-07-16T07:39:18.872Z
sensor.battery_bank_monitor_voltage_slope,-0.0718575641512871,2026-07-16T07:40:18.938Z
sensor.battery_bank_monitor_voltage_slope,0.021718718111515,2026-07-16T07:41:19.023Z
sensor.battery_bank_monitor_voltage_slope,-0.0543089658021927,2026-07-16T07:42:19.115Z
sensor.battery_bank_monitor_voltage_slope,-0.035300824791193,2026-07-16T07:43:19.186Z
sensor.battery_bank_monitor_voltage_slope,-0.0229455344378948,2026-07-16T07:44:19.275Z
sensor.battery_bank_monitor_voltage_slope,-0.0149145964533091,2026-07-16T07:45:19.346Z
sensor.battery_bank_monitor_voltage_slope,-0.00969448778778315,2026-07-16T07:46:19.435Z
sensor.battery_bank_monitor_voltage_slope,-0.00630141701549292,2026-07-16T07:47:19.517Z
sensor.battery_bank_monitor_voltage_slope,-0.00409592082723975,2026-07-16T07:48:19.609Z
sensor.battery_bank_monitor_voltage_slope,-0.00266234832815826,2026-07-16T07:49:19.691Z
sensor.battery_bank_monitor_voltage_slope,-0.0701566562056541,2026-07-16T07:50:19.766Z
sensor.battery_bank_monitor_voltage_slope,-0.0456018261611462,2026-07-16T07:51:19.855Z
sensor.battery_bank_monitor_voltage_slope,-0.0296411868184805,2026-07-16T07:52:19.930Z
sensor.battery_bank_monitor_voltage_slope,-0.0192667711526155,2026-07-16T07:53:20.020Z
sensor.battery_bank_monitor_voltage_slope,-0.0125234005972743,2026-07-16T07:54:20.114Z
sensor.battery_bank_monitor_voltage_slope,-0.0081402100622654,2026-07-16T07:55:20.203Z
sensor.battery_bank_monitor_voltage_slope,-0.00529113644734025,2026-07-16T07:56:20.315Z
sensor.battery_bank_monitor_voltage_slope,-0.00343923852778971,2026-07-16T07:57:20.324Z
sensor.battery_bank_monitor_voltage_slope,-0.00223550503142178,2026-07-16T07:58:20.415Z
sensor.battery_bank_monitor_voltage_slope,-0.0698792114853859,2026-07-16T07:59:20.307Z
sensor.battery_bank_monitor_voltage_slope,-0.0454214848577976,2026-07-16T08:00:20.308Z
sensor.battery_bank_monitor_voltage_slope,0.0389021672308445,2026-07-16T08:01:20.305Z
sensor.battery_bank_monitor_voltage_slope,-0.0431397259235382,2026-07-16T08:02:20.310Z
sensor.battery_bank_monitor_voltage_slope,-0.0280408207327127,2026-07-16T08:03:20.309Z
sensor.battery_bank_monitor_voltage_slope,-0.0182265322655439,2026-07-16T08:04:20.310Z
sensor.battery_bank_monitor_voltage_slope,-0.0118472455069423,2026-07-16T08:05:20.315Z
sensor.battery_bank_monitor_voltage_slope,-0.00770070916041732,2026-07-16T08:06:20.315Z
sensor.battery_bank_monitor_voltage_slope,-0.00500546069815755,2026-07-16T08:07:20.315Z
sensor.battery_bank_monitor_voltage_slope,-0.00325354933738708,2026-07-16T08:08:20.365Z
sensor.battery_bank_monitor_voltage_slope,-0.0705409422516823,2026-07-16T08:09:20.454Z
sensor.battery_bank_monitor_voltage_slope,0.0225745216012001,2026-07-16T08:10:20.514Z
sensor.battery_bank_monitor_voltage_slope,0.0146734388545156,2026-07-16T08:11:20.614Z
sensor.battery_bank_monitor_voltage_slope,-0.0588883981108665,2026-07-16T08:12:20.687Z
sensor.battery_bank_monitor_voltage_slope,-0.0382774583995342,2026-07-16T08:13:20.787Z
sensor.battery_bank_monitor_voltage_slope,-0.0248803477734327,2026-07-16T08:14:20.887Z
sensor.battery_bank_monitor_voltage_slope,-0.0842645689845085,2026-07-16T08:15:20.964Z
sensor.battery_bank_monitor_voltage_slope,-0.0547719672322273,2026-07-16T08:16:21.020Z
sensor.battery_bank_monitor_voltage_slope,-0.0356017760932446,2026-07-16T08:17:21.093Z
sensor.battery_bank_monitor_voltage_slope,-0.0231411531567574,2026-07-16T08:18:21.180Z
sensor.battery_bank_monitor_voltage_slope,-0.0150417489930987,2026-07-16T08:19:21.265Z
sensor.battery_bank_monitor_voltage_slope,-0.00977713614702225,2026-07-16T08:20:21.185Z
sensor.battery_bank_monitor_voltage_slope,-0.00635513802990317,2026-07-16T08:21:21.255Z
sensor.battery_bank_monitor_voltage_slope,-0.0041308393701911,2026-07-16T08:22:21.255Z
sensor.battery_bank_monitor_voltage_slope,-0.00268504559062421,2026-07-16T08:23:21.257Z
sensor.battery_bank_monitor_voltage_slope,-0.00174527952913195,2026-07-16T08:24:21.259Z
sensor.battery_bank_monitor_voltage_slope,-0.001134431688115,2026-07-16T08:25:21.261Z
sensor.battery_bank_monitor_voltage_slope,-0.000737380585633218,2026-07-16T08:26:21.263Z
sensor.battery_bank_monitor_voltage_slope,-0.000479297363199294,2026-07-16T08:27:21.219Z
sensor.battery_bank_monitor_voltage_slope,-0.0687376782298088,2026-07-16T08:28:21.313Z
sensor.battery_bank_monitor_voltage_slope,0.0237466432154179,2026-07-16T08:29:21.414Z
sensor.battery_bank_monitor_voltage_slope,-0.0529908165335655,2026-07-16T08:30:21.525Z
sensor.battery_bank_monitor_voltage_slope,-0.0344440303742886,2026-07-16T08:31:21.623Z
sensor.battery_bank_monitor_voltage_slope,-0.022388618439436,2026-07-16T08:32:21.733Z
sensor.battery_bank_monitor_voltage_slope,-0.0145526016131043,2026-07-16T08:33:21.851Z
sensor.battery_bank_monitor_voltage_slope,-0.00945919100195169,2026-07-16T08:34:21.956Z
sensor.battery_bank_monitor_voltage_slope,-0.0061484738253057,2026-07-16T08:35:22.053Z
sensor.battery_bank_monitor_voltage_slope,-0.003996507730335,2026-07-16T08:36:22.149Z
sensor.battery_bank_monitor_voltage_slope,-0.0710238590836525,2026-07-16T08:37:22.056Z
sensor.battery_bank_monitor_voltage_slope,-0.046165507286787,2026-07-16T08:38:22.143Z
sensor.battery_bank_monitor_voltage_slope,-0.03000757843256,2026-07-16T08:39:22.143Z
sensor.battery_bank_monitor_voltage_slope,-0.0195049252361059,2026-07-16T08:40:22.156Z
sensor.battery_bank_monitor_voltage_slope,-0.0126782013103366,2026-07-16T08:41:22.147Z
sensor.battery_bank_monitor_voltage_slope,-0.00824083015322685,2026-07-16T08:42:22.139Z
sensor.battery_bank_monitor_voltage_slope,-0.0053565395064652,2026-07-16T08:43:22.154Z
sensor.battery_bank_monitor_voltage_slope,-0.0719078853726387,2026-07-16T08:44:22.146Z
sensor.battery_bank_monitor_voltage_slope,-0.0467401221394539,2026-07-16T08:45:22.144Z
sensor.battery_bank_monitor_voltage_slope,-0.0303810779005289,2026-07-16T08:46:22.243Z
sensor.battery_bank_monitor_voltage_slope,-0.0197477005422115,2026-07-16T08:47:22.341Z
sensor.battery_bank_monitor_voltage_slope,-0.0128360046073794,2026-07-16T08:48:22.455Z
sensor.battery_bank_monitor_voltage_slope,-0.0083434022963047,2026-07-16T08:49:22.551Z
sensor.battery_bank_monitor_voltage_slope,-0.00542321149259806,2026-07-16T08:50:22.655Z
sensor.battery_bank_monitor_voltage_slope,-0.00352508737705648,2026-07-16T08:51:22.664Z
sensor.battery_bank_monitor_voltage_slope,-0.00229130662046373,2026-07-16T08:52:22.617Z
sensor.battery_bank_monitor_voltage_slope,-0.00148934929165989,2026-07-16T08:53:22.654Z
sensor.battery_bank_monitor_voltage_slope,-0.0693942084908485,2026-07-16T08:54:22.646Z
sensor.battery_bank_monitor_voltage_slope,0.0233199000358582,2026-07-16T08:55:22.650Z
sensor.battery_bank_monitor_voltage_slope,-0.0532681979238987,2026-07-16T08:56:22.648Z
sensor.battery_bank_monitor_voltage_slope,-0.0346243269741535,2026-07-16T08:57:22.649Z
sensor.battery_bank_monitor_voltage_slope,-0.0225058123469353,2026-07-16T08:58:22.646Z
sensor.battery_bank_monitor_voltage_slope,-0.082721121609211,2026-07-16T08:59:22.554Z
sensor.battery_bank_monitor_voltage_slope,0.0143236182630062,2026-07-16T09:00:22.694Z
sensor.battery_bank_monitor_voltage_slope,-0.0587819963693619,2026-07-16T09:01:22.603Z
sensor.battery_bank_monitor_voltage_slope,0.0298840515315533,2026-07-16T09:02:22.692Z
sensor.battery_bank_monitor_voltage_slope,-0.0486677139997482,2026-07-16T09:03:22.694Z
sensor.battery_bank_monitor_voltage_slope,-0.0316340140998363,2026-07-16T09:04:22.695Z
sensor.battery_bank_monitor_voltage_slope,-0.0205621086061001,2026-07-16T09:05:22.697Z
sensor.battery_bank_monitor_voltage_slope,-0.0817915052175522,2026-07-16T09:06:22.698Z
sensor.battery_bank_monitor_voltage_slope,0.0152616575360298,2026-07-16T09:07:22.699Z
sensor.battery_bank_monitor_voltage_slope,0.00992007739841938,2026-07-16T09:08:22.739Z
sensor.battery_bank_monitor_voltage_slope,-0.0619780831038952,2026-07-16T09:09:22.834Z
sensor.battery_bank_monitor_voltage_slope,0.0281403809785843,2026-07-16T09:10:22.932Z
sensor.battery_bank_monitor_voltage_slope,0.0182912461459637,2026-07-16T09:11:22.979Z
sensor.battery_bank_monitor_voltage_slope,-0.0565368235111237,2026-07-16T09:12:22.868Z
sensor.battery_bank_monitor_voltage_slope,-0.0367489345371723,2026-07-16T09:13:22.924Z
sensor.battery_bank_monitor_voltage_slope,-0.0238868072628975,2026-07-16T09:14:22.924Z
sensor.battery_bank_monitor_voltage_slope,-0.0839525535702705,2026-07-16T09:15:22.917Z
sensor.battery_bank_monitor_voltage_slope,0.0138569734990597,2026-07-16T09:16:22.925Z
sensor.battery_bank_monitor_voltage_slope,0.00900703202933073,2026-07-16T09:17:22.925Z
sensor.battery_bank_monitor_voltage_slope,0.00585457077249885,2026-07-16T09:18:22.927Z
sensor.battery_bank_monitor_voltage_slope,-0.0646206587553024,2026-07-16T09:19:22.900Z
sensor.battery_bank_monitor_voltage_slope,-0.0420034267008305,2026-07-16T09:20:23.034Z
sensor.battery_bank_monitor_voltage_slope,-0.0273022260516882,2026-07-16T09:21:23.078Z
sensor.battery_bank_monitor_voltage_slope,-0.0177464466542006,2026-07-16T09:22:23.014Z
sensor.battery_bank_monitor_voltage_slope,-0.0115351900458336,2026-07-16T09:23:23.028Z
sensor.battery_bank_monitor_voltage_slope,-0.0074978731572628,2026-07-16T09:24:23.031Z
sensor.battery_bank_monitor_voltage_slope,-0.00487361755222082,2026-07-16T09:25:23.030Z
sensor.battery_bank_monitor_voltage_slope,-0.00316785136237741,2026-07-16T09:26:23.030Z
sensor.battery_bank_monitor_voltage_slope,-0.0704852342605591,2026-07-16T09:27:23.031Z
sensor.battery_bank_monitor_voltage_slope,-0.0458154007792473,2026-07-16T09:28:23.034Z
sensor.battery_bank_monitor_voltage_slope,-0.0297800097614527,2026-07-16T09:29:23.108Z
sensor.battery_bank_monitor_voltage_slope,-0.0193570051342249,2026-07-16T09:30:22.961Z
sensor.battery_bank_monitor_voltage_slope,-0.0125820524990559,2026-07-16T09:31:23.003Z
sensor.battery_bank_monitor_voltage_slope,-0.00817833375185728,2026-07-16T09:32:23.049Z
sensor.battery_bank_monitor_voltage_slope,-0.00531591661274433,2026-07-16T09:33:23.037Z
sensor.battery_bank_monitor_voltage_slope,-0.00345534575171769,2026-07-16T09:34:23.036Z
sensor.battery_bank_monitor_voltage_slope,-0.0706721097230911,2026-07-16T09:35:23.036Z
sensor.battery_bank_monitor_voltage_slope,-0.0459368713200092,2026-07-16T09:36:23.042Z
sensor.battery_bank_monitor_voltage_slope,-0.0298589654266834,2026-07-16T09:37:23.037Z
sensor.battery_bank_monitor_voltage_slope,-0.0194083265960217,2026-07-16T09:38:23.026Z
sensor.battery_bank_monitor_voltage_slope,-0.0807077586650848,2026-07-16T09:39:23.160Z
sensor.battery_bank_monitor_voltage_slope,0.0156323052942753,2026-07-16T09:40:23.221Z
sensor.battery_bank_monitor_voltage_slope,0.0101609984412789,2026-07-16T09:41:23.298Z
sensor.battery_bank_monitor_voltage_slope,-0.0614876970648766,2026-07-16T09:42:23.356Z
sensor.battery_bank_monitor_voltage_slope,0.0281253457069397,2026-07-16T09:43:23.281Z
sensor.battery_bank_monitor_voltage_slope,-0.0498108714818954,2026-07-16T09:44:23.303Z
sensor.battery_bank_monitor_voltage_slope,-0.0323770642280579,2026-07-16T09:45:23.300Z
sensor.battery_bank_monitor_voltage_slope,-0.0210450906306505,2026-07-16T09:46:23.302Z
sensor.battery_bank_monitor_voltage_slope,-0.0136793088167906,2026-07-16T09:47:23.301Z
sensor.battery_bank_monitor_voltage_slope,-0.00889155082404613,2026-07-16T09:48:23.302Z
sensor.battery_bank_monitor_voltage_slope,-0.00577950803562999,2026-07-16T09:49:23.273Z
sensor.battery_bank_monitor_voltage_slope,-0.0721828117966652,2026-07-16T09:50:23.378Z
sensor.battery_bank_monitor_voltage_slope,0.0215073078870773,2026-07-16T09:51:23.471Z
sensor.battery_bank_monitor_voltage_slope,-0.0544463843107224,2026-07-16T09:52:23.564Z
sensor.battery_bank_monitor_voltage_slope,-0.0353901498019695,2026-07-16T09:53:23.618Z
sensor.battery_bank_monitor_voltage_slope,-0.0230035968124866,2026-07-16T09:54:23.559Z
sensor.battery_bank_monitor_voltage_slope,-0.0149523373693228,2026-07-16T09:55:23.566Z
sensor.battery_bank_monitor_voltage_slope,-0.0781451538205147,2026-07-16T09:56:23.565Z
sensor.battery_bank_monitor_voltage_slope,-0.0507943481206894,2026-07-16T09:57:23.567Z
sensor.battery_bank_monitor_voltage_slope,0.0354098081588745,2026-07-16T09:58:23.569Z
sensor.battery_bank_monitor_voltage_slope,-0.0454097576439381,2026-07-16T09:59:23.570Z
sensor.battery_bank_monitor_voltage_slope,-0.0295163411647081,2026-07-16T10:00:23.571Z
sensor.battery_bank_monitor_voltage_slope,-0.019185621291399,2026-07-16T10:01:23.579Z
sensor.battery_bank_monitor_voltage_slope,-0.0124706532806158,2026-07-16T10:02:23.684Z
sensor.battery_bank_monitor_voltage_slope,-0.0081059243530035,2026-07-16T10:03:23.729Z
sensor.battery_bank_monitor_voltage_slope,-0.00526885082945228,2026-07-16T10:04:23.587Z
sensor.battery_bank_monitor_voltage_slope,-0.00342475296929479,2026-07-16T10:05:23.684Z
sensor.battery_bank_monitor_voltage_slope,-0.0706522241234779,2026-07-16T10:06:23.684Z
sensor.battery_bank_monitor_voltage_slope,0.0225021876394749,2026-07-16T10:07:23.687Z
sensor.battery_bank_monitor_voltage_slope,-0.0537997111678123,2026-07-16T10:08:23.683Z
sensor.battery_bank_monitor_voltage_slope,-0.0349698103964329,2026-07-16T10:09:23.688Z
sensor.battery_bank_monitor_voltage_slope,-0.0227303765714169,2026-07-16T10:10:23.725Z
sensor.battery_bank_monitor_voltage_slope,-0.0147747443988919,2026-07-16T10:11:23.790Z
sensor.battery_bank_monitor_voltage_slope,-0.00960358325392008,2026-07-16T10:12:23.656Z
sensor.battery_bank_monitor_voltage_slope,-0.00624232878908515,2026-07-16T10:13:23.735Z
sensor.battery_bank_monitor_voltage_slope,-0.0040575135499239,2026-07-16T10:14:23.732Z
sensor.battery_bank_monitor_voltage_slope,-0.0026373837608844,2026-07-16T10:15:23.732Z
sensor.battery_bank_monitor_voltage_slope,-0.070140428841114,2026-07-16T10:16:23.732Z
sensor.battery_bank_monitor_voltage_slope,-0.0455912761390209,2026-07-16T10:17:23.700Z
sensor.battery_bank_monitor_voltage_slope,-0.029634328559041,2026-07-16T10:18:23.787Z
sensor.battery_bank_monitor_voltage_slope,-0.0192623119801283,2026-07-16T10:19:23.817Z
sensor.battery_bank_monitor_voltage_slope,-0.0806128457188606,2026-07-16T10:20:23.869Z
sensor.battery_bank_monitor_voltage_slope,0.0156939998269081,2026-07-16T10:21:23.744Z
sensor.battery_bank_monitor_voltage_slope,0.0102010993286967,2026-07-16T10:22:23.779Z
sensor.battery_bank_monitor_voltage_slope,0.00663071451708674,2026-07-16T10:23:23.777Z
sensor.battery_bank_monitor_voltage_slope,0.00430996436625719,2026-07-16T10:24:23.780Z
sensor.battery_bank_monitor_voltage_slope,-0.0652908682823181,2026-07-16T10:25:23.781Z
sensor.battery_bank_monitor_voltage_slope,-0.0424390621483326,2026-07-16T10:26:23.785Z
sensor.battery_bank_monitor_voltage_slope,-0.0960115194320679,2026-07-16T10:27:23.839Z
sensor.battery_bank_monitor_voltage_slope,0.00601864606142044,2026-07-16T10:28:23.926Z
sensor.battery_bank_monitor_voltage_slope,-0.0645140111446381,2026-07-16T10:29:23.995Z
sensor.battery_bank_monitor_voltage_slope,0.0264920257031918,2026-07-16T10:30:24.034Z
sensor.battery_bank_monitor_voltage_slope,-0.0512063167989254,2026-07-16T10:31:23.986Z
sensor.battery_bank_monitor_voltage_slope,-0.033284105360508,2026-07-16T10:32:23.961Z
sensor.battery_bank_monitor_voltage_slope,-0.0216346681118011,2026-07-16T10:33:23.992Z
sensor.battery_bank_monitor_voltage_slope,-0.0140625340864062,2026-07-16T10:34:23.981Z
sensor.battery_bank_monitor_voltage_slope,-0.00914064701646566,2026-07-16T10:35:23.987Z
sensor.battery_bank_monitor_voltage_slope,-0.00594142032787204,2026-07-16T10:36:23.989Z
sensor.battery_bank_monitor_voltage_slope,-0.00386192300356925,2026-07-16T10:37:23.986Z
sensor.battery_bank_monitor_voltage_slope,-0.00251024984754622,2026-07-16T10:38:23.914Z
sensor.battery_bank_monitor_voltage_slope,-0.00163166236598045,2026-07-16T10:39:24.000Z
sensor.battery_bank_monitor_voltage_slope,-0.0694867148995399,2026-07-16T10:40:24.117Z
sensor.battery_bank_monitor_voltage_slope,-0.0451663620769978,2026-07-16T10:41:24.133Z
sensor.battery_bank_monitor_voltage_slope,-0.0293581336736679,2026-07-16T10:42:24.210Z
sensor.battery_bank_monitor_voltage_slope,-0.0190827865153551,2026-07-16T10:43:24.093Z
sensor.battery_bank_monitor_voltage_slope,-0.0124038103967905,2026-07-16T10:44:24.117Z
sensor.battery_bank_monitor_voltage_slope,-0.00806247629225254,2026-07-16T10:45:24.117Z
sensor.battery_bank_monitor_voltage_slope,-0.00524060940369964,2026-07-16T10:46:24.125Z
sensor.battery_bank_monitor_voltage_slope,-0.00340639590285718,2026-07-16T10:47:24.120Z
sensor.battery_bank_monitor_voltage_slope,-0.0706402882933617,2026-07-16T10:48:24.174Z
sensor.battery_bank_monitor_voltage_slope,-0.0459161847829819,2026-07-16T10:49:24.270Z
sensor.battery_bank_monitor_voltage_slope,-0.0298455189913511,2026-07-16T10:50:24.363Z
sensor.battery_bank_monitor_voltage_slope,-0.0193995870649815,2026-07-16T10:51:24.461Z
sensor.battery_bank_monitor_voltage_slope,-0.0126097314059734,2026-07-16T10:52:24.582Z
sensor.battery_bank_monitor_voltage_slope,-0.0081963250413537,2026-07-16T10:53:24.635Z
sensor.battery_bank_monitor_voltage_slope,-0.0737537443637848,2026-07-16T10:54:24.480Z
sensor.battery_bank_monitor_voltage_slope,0.0204861983656883,2026-07-16T10:55:24.570Z
sensor.battery_bank_monitor_voltage_slope,-0.0551101043820381,2026-07-16T10:56:24.573Z
sensor.battery_bank_monitor_voltage_slope,-0.0358215682208538,2026-07-16T10:57:24.575Z
sensor.battery_bank_monitor_voltage_slope,-0.0232840180397034,2026-07-16T10:58:24.570Z
sensor.battery_bank_monitor_voltage_slope,-0.0151346111670136,2026-07-16T10:59:24.590Z
sensor.battery_bank_monitor_voltage_slope,-0.00983749702572823,2026-07-16T11:00:24.561Z
sensor.battery_bank_monitor_voltage_slope,-0.00639437278732657,2026-07-16T11:01:24.697Z
sensor.battery_bank_monitor_voltage_slope,-0.0722486898303032,2026-07-16T11:02:24.701Z
sensor.battery_bank_monitor_voltage_slope,0.0211306996643543,2026-07-16T11:03:24.794Z
sensor.battery_bank_monitor_voltage_slope,-0.0543573908507824,2026-07-16T11:04:24.675Z
sensor.battery_bank_monitor_voltage_slope,-0.035332303494215,2026-07-16T11:05:24.692Z
sensor.battery_bank_monitor_voltage_slope,-0.0229659955948591,2026-07-16T11:06:24.691Z
sensor.battery_bank_monitor_voltage_slope,-0.0149278966709971,2026-07-16T11:07:24.690Z
sensor.battery_bank_monitor_voltage_slope,-0.00970313232392073,2026-07-16T11:08:24.693Z
sensor.battery_bank_monitor_voltage_slope,-0.00630703568458557,2026-07-16T11:09:24.695Z
sensor.battery_bank_monitor_voltage_slope,-0.0725257024168968,2026-07-16T11:10:24.696Z
sensor.battery_bank_monitor_voltage_slope,0.0212844274938107,2026-07-16T11:11:24.699Z
sensor.battery_bank_monitor_voltage_slope,-0.0545912533998489,2026-07-16T11:12:24.815Z
sensor.battery_bank_monitor_voltage_slope,-0.0354843139648438,2026-07-16T11:13:24.899Z
sensor.battery_bank_monitor_voltage_slope,-0.0230648033320904,2026-07-16T11:14:24.954Z
sensor.battery_bank_monitor_voltage_slope,-0.0149921216070652,2026-07-16T11:15:24.886Z
sensor.battery_bank_monitor_voltage_slope,-0.00974487885832787,2026-07-16T11:16:24.868Z
sensor.battery_bank_monitor_voltage_slope,-0.00633417116478086,2026-07-16T11:17:24.886Z
sensor.battery_bank_monitor_voltage_slope,-0.00411721132695675,2026-07-16T11:18:24.892Z
sensor.battery_bank_monitor_voltage_slope,-0.0711023211479187,2026-07-16T11:19:24.895Z
sensor.battery_bank_monitor_voltage_slope,-0.046216506510973,2026-07-16T11:20:24.893Z
sensor.battery_bank_monitor_voltage_slope,-0.0300407279282808,2026-07-16T11:21:24.942Z
sensor.battery_bank_monitor_voltage_slope,-0.0195264723151922,2026-07-16T11:22:24.976Z
sensor.battery_bank_monitor_voltage_slope,-0.0126922065392137,2026-07-16T11:23:24.931Z
sensor.battery_bank_monitor_voltage_slope,-0.00824993383139372,2026-07-16T11:24:24.859Z
sensor.battery_bank_monitor_voltage_slope,-0.00536245666444302,2026-07-16T11:25:24.913Z
sensor.battery_bank_monitor_voltage_slope,-0.0034855967387557,2026-07-16T11:26:24.940Z
sensor.battery_bank_monitor_voltage_slope,-0.0706917718052864,2026-07-16T11:27:24.935Z
sensor.battery_bank_monitor_voltage_slope,-0.045949649065733,2026-07-16T11:28:24.937Z
sensor.battery_bank_monitor_voltage_slope,-0.0298672709614038,2026-07-16T11:29:24.949Z
sensor.battery_bank_monitor_voltage_slope,-0.0194137245416641,2026-07-16T11:30:24.904Z
sensor.battery_bank_monitor_voltage_slope,-0.0126189207658172,2026-07-16T11:31:25.024Z
sensor.battery_bank_monitor_voltage_slope,-0.00820229854434729,2026-07-16T11:32:25.102Z
sensor.battery_bank_monitor_voltage_slope,5.73678922653198,2026-07-16T11:33:25.196Z
sensor.battery_bank_monitor_voltage_slope,5.50632333755493,2026-07-16T11:34:25.278Z
sensor.battery_bank_monitor_voltage_slope,4.80977916717529,2026-07-16T11:35:25.373Z
sensor.battery_bank_monitor_voltage_slope,4.01489448547363,2026-07-16T11:36:25.471Z
sensor.battery_bank_monitor_voltage_slope,3.36170125007629,2026-07-16T11:37:25.493Z
sensor.battery_bank_monitor_voltage_slope,2.80027341842651,2026-07-16T11:38:25.590Z
sensor.battery_bank_monitor_voltage_slope,2.43534517288208,2026-07-16T11:39:25.411Z
sensor.battery_bank_monitor_voltage_slope,2.06162357330322,2026-07-16T11:40:25.488Z
sensor.battery_bank_monitor_voltage_slope,1.81837058067322,2026-07-16T11:41:25.480Z
sensor.battery_bank_monitor_voltage_slope,1.59216380119324,2026-07-16T11:42:25.479Z
sensor.battery_bank_monitor_voltage_slope,1.44512939453125,2026-07-16T11:43:25.483Z
sensor.battery_bank_monitor_voltage_slope,1.28113102912903,2026-07-16T11:44:25.387Z
sensor.battery_bank_monitor_voltage_slope,1.17453193664551,2026-07-16T11:45:25.450Z
sensor.battery_bank_monitor_voltage_slope,1.03681647777557,2026-07-16T11:46:25.559Z
sensor.battery_bank_monitor_voltage_slope,1.01572751998901,2026-07-16T11:47:25.651Z
sensor.battery_bank_monitor_voltage_slope,0.93359363079071,2026-07-16T11:48:25.759Z
sensor.battery_bank_monitor_voltage_slope,0.880540370941162,2026-07-16T11:49:25.876Z
sensor.battery_bank_monitor_voltage_slope,0.777295827865601,2026-07-16T11:50:25.976Z
sensor.battery_bank_monitor_voltage_slope,0.778613030910492,2026-07-16T11:51:26.017Z
sensor.battery_bank_monitor_voltage_slope,0.711376845836639,2026-07-16T11:52:25.909Z
sensor.battery_bank_monitor_voltage_slope,0.667339563369751,2026-07-16T11:53:25.979Z
sensor.battery_bank_monitor_voltage_slope,0.638715267181396,2026-07-16T11:54:25.979Z
sensor.battery_bank_monitor_voltage_slope,0.620443344116211,2026-07-16T11:55:25.987Z
sensor.battery_bank_monitor_voltage_slope,0.539806604385376,2026-07-16T11:56:25.979Z
sensor.battery_bank_monitor_voltage_slope,0.556152701377869,2026-07-16T11:57:25.982Z
sensor.battery_bank_monitor_voltage_slope,0.566443860530853,2026-07-16T11:58:25.985Z
sensor.battery_bank_monitor_voltage_slope,0.505040764808655,2026-07-16T11:59:26.011Z
sensor.battery_bank_monitor_voltage_slope,0.464794963598251,2026-07-16T12:00:25.981Z
sensor.battery_bank_monitor_voltage_slope,0.507395148277283,2026-07-16T12:01:25.968Z
sensor.battery_bank_monitor_voltage_slope,0.398232966661453,2026-07-16T12:02:25.991Z
sensor.battery_bank_monitor_voltage_slope,0.463796019554138,2026-07-16T12:03:25.990Z
sensor.battery_bank_monitor_voltage_slope,0.438319653272629,2026-07-16T12:04:25.993Z
sensor.battery_bank_monitor_voltage_slope,0.421426236629486,2026-07-16T12:05:25.995Z
sensor.battery_bank_monitor_voltage_slope,0.342353165149689,2026-07-16T12:06:25.925Z
sensor.battery_bank_monitor_voltage_slope,0.359381794929504,2026-07-16T12:07:26.032Z
sensor.battery_bank_monitor_voltage_slope,0.370116651058197,2026-07-16T12:08:26.129Z
sensor.battery_bank_monitor_voltage_slope,0.377428084611893,2026-07-16T12:09:26.154Z
sensor.battery_bank_monitor_voltage_slope,0.381846725940704,2026-07-16T12:10:26.127Z
sensor.battery_bank_monitor_voltage_slope,0.316626489162445,2026-07-16T12:11:26.142Z
sensor.battery_bank_monitor_voltage_slope,0.274233341217041,2026-07-16T12:12:26.125Z
sensor.battery_bank_monitor_voltage_slope,0.315103948116302,2026-07-16T12:13:26.134Z
sensor.battery_bank_monitor_voltage_slope,0.341336041688919,2026-07-16T12:14:26.133Z
sensor.battery_bank_monitor_voltage_slope,0.29029455780983,2026-07-16T12:15:26.138Z
sensor.battery_bank_monitor_voltage_slope,0.257117569446564,2026-07-16T12:16:26.138Z
sensor.battery_bank_monitor_voltage_slope,0.235552549362183,2026-07-16T12:17:26.169Z
sensor.battery_bank_monitor_voltage_slope,0.289627611637115,2026-07-16T12:18:26.192Z
sensor.battery_bank_monitor_voltage_slope,0.256684064865112,2026-07-16T12:19:26.266Z
sensor.battery_bank_monitor_voltage_slope,0.235270768404007,2026-07-16T12:20:26.144Z
sensor.battery_bank_monitor_voltage_slope,0.289444476366043,2026-07-16T12:21:26.172Z
sensor.battery_bank_monitor_voltage_slope,0.256565034389496,2026-07-16T12:22:26.169Z
sensor.battery_bank_monitor_voltage_slope,0.235193401575089,2026-07-16T12:23:26.174Z
sensor.battery_bank_monitor_voltage_slope,0.221301838755608,2026-07-16T12:24:26.173Z
sensor.battery_bank_monitor_voltage_slope,0.280364662408829,2026-07-16T12:25:26.174Z
sensor.battery_bank_monitor_voltage_slope,0.182237029075623,2026-07-16T12:26:26.126Z
sensor.battery_bank_monitor_voltage_slope,0.255306333303452,2026-07-16T12:27:26.253Z
sensor.battery_bank_monitor_voltage_slope,0.234375238418579,2026-07-16T12:28:26.268Z
sensor.battery_bank_monitor_voltage_slope,0.152343899011612,2026-07-16T12:29:26.248Z
sensor.battery_bank_monitor_voltage_slope,0.235541999340057,2026-07-16T12:30:26.250Z
sensor.battery_bank_monitor_voltage_slope,0.153102293610573,2026-07-16T12:31:26.262Z
sensor.battery_bank_monitor_voltage_slope,0.167942613363266,2026-07-16T12:32:26.251Z
sensor.battery_bank_monitor_voltage_slope,0.177588820457458,2026-07-16T12:33:26.254Z
sensor.battery_bank_monitor_voltage_slope,0.252285003662109,2026-07-16T12:34:26.256Z
sensor.battery_bank_monitor_voltage_slope,0.232077598571777,2026-07-16T12:35:26.249Z
sensor.battery_bank_monitor_voltage_slope,0.150850430130959,2026-07-16T12:36:26.256Z
sensor.battery_bank_monitor_voltage_slope,0.166478902101517,2026-07-16T12:37:26.264Z
sensor.battery_bank_monitor_voltage_slope,0.176637411117554,2026-07-16T12:38:26.363Z
sensor.battery_bank_monitor_voltage_slope,0.183240443468094,2026-07-16T12:39:26.466Z
sensor.battery_bank_monitor_voltage_slope,0.119106285274029,2026-07-16T12:40:26.473Z
sensor.battery_bank_monitor_voltage_slope,0.145845204591751,2026-07-16T12:41:26.565Z
sensor.battery_bank_monitor_voltage_slope,0.162891715764999,2026-07-16T12:42:26.418Z
sensor.battery_bank_monitor_voltage_slope,0.174305737018585,2026-07-16T12:43:26.456Z
sensor.battery_bank_monitor_voltage_slope,0.181724846363068,2026-07-16T12:44:26.458Z
sensor.battery_bank_monitor_voltage_slope,0.18654727935791,2026-07-16T12:45:26.461Z
sensor.battery_bank_monitor_voltage_slope,0.121255725622177,2026-07-16T12:46:26.459Z
sensor.battery_bank_monitor_voltage_slope,0.147242352366447,2026-07-16T12:47:26.463Z
sensor.battery_bank_monitor_voltage_slope,0.16379988193512,2026-07-16T12:48:26.463Z
sensor.battery_bank_monitor_voltage_slope,0.106469921767712,2026-07-16T12:49:26.558Z
sensor.battery_bank_monitor_voltage_slope,0.137631580233574,2026-07-16T12:50:26.650Z
sensor.battery_bank_monitor_voltage_slope,0.0894605219364166,2026-07-16T12:51:26.744Z
sensor.battery_bank_monitor_voltage_slope,0.126575469970703,2026-07-16T12:52:26.849Z
sensor.battery_bank_monitor_voltage_slope,0.150700181722641,2026-07-16T12:53:26.868Z
sensor.battery_bank_monitor_voltage_slope,0.166381239891052,2026-07-16T12:54:26.749Z
sensor.battery_bank_monitor_voltage_slope,0.108147799968719,2026-07-16T12:55:26.840Z
sensor.battery_bank_monitor_voltage_slope,0.138388410210609,2026-07-16T12:56:26.855Z
sensor.battery_bank_monitor_voltage_slope,0.0899524614214897,2026-07-16T12:57:26.847Z
sensor.battery_bank_monitor_voltage_slope,0.126895233988762,2026-07-16T12:58:26.848Z
sensor.battery_bank_monitor_voltage_slope,0.0824818983674049,2026-07-16T12:59:26.847Z
sensor.battery_bank_monitor_voltage_slope,0.1220393627882,2026-07-16T13:00:26.848Z
sensor.battery_bank_monitor_voltage_slope,0.147751718759537,2026-07-16T13:01:26.853Z
sensor.battery_bank_monitor_voltage_slope,0.0960386171936989,2026-07-16T13:02:26.933Z
sensor.battery_bank_monitor_voltage_slope,0.130851238965988,2026-07-16T13:03:27.037Z
sensor.battery_bank_monitor_voltage_slope,0.0850533023476601,2026-07-16T13:04:27.072Z
sensor.battery_bank_monitor_voltage_slope,0.123376995325089,2026-07-16T13:05:27.034Z
sensor.battery_bank_monitor_voltage_slope,0.148621171712875,2026-07-16T13:06:27.026Z
sensor.battery_bank_monitor_voltage_slope,0.0966037586331367,2026-07-16T13:07:27.025Z
sensor.battery_bank_monitor_voltage_slope,0.131218582391739,2026-07-16T13:08:27.026Z
sensor.battery_bank_monitor_voltage_slope,0.0852920785546303,2026-07-16T13:09:27.027Z
sensor.battery_bank_monitor_voltage_slope,0.123865976929665,2026-07-16T13:10:27.027Z
sensor.battery_bank_monitor_voltage_slope,0.0805128812789917,2026-07-16T13:11:26.998Z
sensor.battery_bank_monitor_voltage_slope,0.120759502053261,2026-07-16T13:12:27.078Z
sensor.battery_bank_monitor_voltage_slope,0.0784936770796776,2026-07-16T13:13:27.122Z
sensor.battery_bank_monitor_voltage_slope,0.119113236665726,2026-07-16T13:14:27.013Z
sensor.battery_bank_monitor_voltage_slope,0.0774236023426056,2026-07-16T13:15:27.072Z
sensor.battery_bank_monitor_voltage_slope,0.118751473724842,2026-07-16T13:16:27.071Z
sensor.battery_bank_monitor_voltage_slope,0.0771884545683861,2026-07-16T13:17:27.073Z
sensor.battery_bank_monitor_voltage_slope,0.118598625063896,2026-07-16T13:18:27.077Z
sensor.battery_bank_monitor_voltage_slope,0.0770891010761261,2026-07-16T13:19:27.085Z
sensor.battery_bank_monitor_voltage_slope,0.0501079149544239,2026-07-16T13:20:27.085Z
sensor.battery_bank_monitor_voltage_slope,0.100996270775795,2026-07-16T13:21:27.040Z
sensor.battery_bank_monitor_voltage_slope,0.0656475722789764,2026-07-16T13:22:27.093Z
sensor.battery_bank_monitor_voltage_slope,0.111097052693367,2026-07-16T13:23:27.198Z
sensor.battery_bank_monitor_voltage_slope,0.0722130835056305,2026-07-16T13:24:27.281Z
sensor.battery_bank_monitor_voltage_slope,0.115030847489834,2026-07-16T13:25:27.366Z
sensor.battery_bank_monitor_voltage_slope,0.0747700482606888,2026-07-16T13:26:27.449Z
sensor.battery_bank_monitor_voltage_slope,0.117026656866074,2026-07-16T13:27:27.530Z
sensor.battery_bank_monitor_voltage_slope,0.0760673210024834,2026-07-16T13:28:27.613Z
sensor.battery_bank_monitor_voltage_slope,0.0494437552988529,2026-07-16T13:29:27.709Z
sensor.battery_bank_monitor_voltage_slope,0.100564569234848,2026-07-16T13:30:27.819Z
sensor.battery_bank_monitor_voltage_slope,0.0653669685125351,2026-07-16T13:31:27.921Z
sensor.battery_bank_monitor_voltage_slope,0.110914662480354,2026-07-16T13:32:27.941Z
sensor.battery_bank_monitor_voltage_slope,0.0720945298671722,2026-07-16T13:33:27.826Z
sensor.battery_bank_monitor_voltage_slope,0.0468614436686039,2026-07-16T13:34:27.903Z
sensor.battery_bank_monitor_voltage_slope,0.0988860726356506,2026-07-16T13:35:27.908Z
sensor.battery_bank_monitor_voltage_slope,0.0642759427428246,2026-07-16T13:36:27.915Z
sensor.battery_bank_monitor_voltage_slope,0.109871707856655,2026-07-16T13:37:27.916Z
sensor.battery_bank_monitor_voltage_slope,0.0714166089892387,2026-07-16T13:38:27.920Z
sensor.battery_bank_monitor_voltage_slope,0.04642079398036,2026-07-16T13:39:27.920Z
sensor.battery_bank_monitor_voltage_slope,0.0301735159009695,2026-07-16T13:40:27.856Z
sensor.battery_bank_monitor_voltage_slope,0.0880389213562012,2026-07-16T13:41:27.976Z
sensor.battery_bank_monitor_voltage_slope,0.0572252981364727,2026-07-16T13:42:28.074Z
sensor.battery_bank_monitor_voltage_slope,0.105622574687004,2026-07-16T13:43:28.171Z
sensor.battery_bank_monitor_voltage_slope,0.000228539109230042,2026-07-16T13:44:28.183Z
sensor.battery_bank_monitor_voltage_slope,0.0685746818780899,2026-07-16T13:45:28.069Z
sensor.battery_bank_monitor_voltage_slope,0.0445735417306423,2026-07-16T13:46:28.163Z
sensor.battery_bank_monitor_voltage_slope,0.0289728008210659,2026-07-16T13:47:28.167Z
sensor.battery_bank_monitor_voltage_slope,0.0872584506869316,2026-07-16T13:48:28.168Z
sensor.battery_bank_monitor_voltage_slope,0.0567179918289185,2026-07-16T13:49:28.171Z
sensor.battery_bank_monitor_voltage_slope,0.105292826890945,2026-07-16T13:50:28.172Z
sensor.battery_bank_monitor_voltage_slope,0.0684403330087662,2026-07-16T13:51:28.171Z
sensor.battery_bank_monitor_voltage_slope,0.112578555941582,2026-07-16T13:52:28.140Z
sensor.battery_bank_monitor_voltage_slope,0.0731760561466217,2026-07-16T13:53:28.242Z
sensor.battery_bank_monitor_voltage_slope,0.047564435750246,2026-07-16T13:54:28.329Z
sensor.battery_bank_monitor_voltage_slope,0.0309168826788664,2026-07-16T13:55:28.421Z
sensor.battery_bank_monitor_voltage_slope,0.0885221064090729,2026-07-16T13:56:28.533Z
sensor.battery_bank_monitor_voltage_slope,0.0575393661856651,2026-07-16T13:57:28.631Z
sensor.battery_bank_monitor_voltage_slope,0.0374005883932114,2026-07-16T13:58:28.637Z
sensor.battery_bank_monitor_voltage_slope,0.0243103820830584,2026-07-16T13:59:28.524Z
sensor.battery_bank_monitor_voltage_slope,0.0842278823256493,2026-07-16T14:00:28.603Z
sensor.battery_bank_monitor_voltage_slope,0.0547481216490269,2026-07-16T14:01:28.622Z
sensor.battery_bank_monitor_voltage_slope,0.035586278885603,2026-07-16T14:02:28.617Z
sensor.battery_bank_monitor_voltage_slope,0.0915572121739388,2026-07-16T14:03:28.621Z
sensor.battery_bank_monitor_voltage_slope,0.0595121867954731,2026-07-16T14:04:28.630Z
sensor.battery_bank_monitor_voltage_slope,0.0386829189956188,2026-07-16T14:05:28.624Z
sensor.battery_bank_monitor_voltage_slope,0.0251438971608877,2026-07-16T14:06:28.542Z
sensor.battery_bank_monitor_voltage_slope,0.0847696661949158,2026-07-16T14:07:28.606Z
sensor.battery_bank_monitor_voltage_slope,0.0551002807915211,2026-07-16T14:08:28.694Z
sensor.battery_bank_monitor_voltage_slope,0.0358151793479919,2026-07-16T14:09:28.784Z
sensor.battery_bank_monitor_voltage_slope,0.0913722142577171,2026-07-16T14:10:28.877Z
sensor.battery_bank_monitor_voltage_slope,0.059391938149929,2026-07-16T14:11:28.974Z
sensor.battery_bank_monitor_voltage_slope,0.0386047586798668,2026-07-16T14:12:29.056Z
sensor.battery_bank_monitor_voltage_slope,0.0250930916517973,2026-07-16T14:13:29.133Z
sensor.battery_bank_monitor_voltage_slope,0.0163105092942715,2026-07-16T14:14:29.211Z
sensor.battery_bank_monitor_voltage_slope,0.0790279656648636,2026-07-16T14:15:29.271Z
sensor.battery_bank_monitor_voltage_slope,0.0513681769371033,2026-07-16T14:16:29.375Z
sensor.battery_bank_monitor_voltage_slope,0.0333893150091171,2026-07-16T14:17:29.464Z
sensor.battery_bank_monitor_voltage_slope,0.02170305326581,2026-07-16T14:18:29.544Z
sensor.battery_bank_monitor_voltage_slope,0.0825331136584282,2026-07-16T14:19:29.621Z
sensor.battery_bank_monitor_voltage_slope,0.0536465235054493,2026-07-16T14:20:29.718Z
sensor.battery_bank_monitor_voltage_slope,0.0348702408373356,2026-07-16T14:21:29.811Z
sensor.battery_bank_monitor_voltage_slope,-66.7645721435547,2026-07-16T14:22:29.899Z
sensor.battery_bank_monitor_voltage_slope,-76.0041885375977,2026-07-16T14:23:30.006Z
sensor.battery_bank_monitor_voltage_slope,-60.6135940551758,2026-07-16T14:24:30.079Z
sensor.battery_bank_monitor_voltage_slope,-44.5257873535156,2026-07-16T14:25:30.191Z
sensor.battery_bank_monitor_voltage_slope,-32.2916374206543,2026-07-16T14:26:30.260Z
sensor.battery_bank_monitor_voltage_slope,-22.903491973877,2026-07-16T14:27:30.312Z
sensor.battery_bank_monitor_voltage_slope,-16.117603302002,2026-07-16T14:28:30.378Z
sensor.battery_bank_monitor_voltage_slope,-9.86127376556396,2026-07-16T14:29:30.457Z
sensor.battery_bank_monitor_voltage_slope,-7.23027372360229,2026-07-16T14:30:30.534Z
sensor.battery_bank_monitor_voltage_slope,-4.9730486869812,2026-07-16T14:31:30.644Z
sensor.battery_bank_monitor_voltage_slope,-4.12101984024048,2026-07-16T14:32:30.727Z
sensor.battery_bank_monitor_voltage_slope,48.1122207641602,2026-07-16T14:33:30.772Z
sensor.battery_bank_monitor_voltage_slope,-11.3832397460938,2026-07-16T14:34:30.670Z
sensor.battery_bank_monitor_voltage_slope,-13.8932456970215,2026-07-16T14:35:30.720Z
sensor.battery_bank_monitor_voltage_slope,-10.9448719024658,2026-07-16T14:36:30.739Z
sensor.battery_bank_monitor_voltage_slope,49.6925392150879,2026-07-16T14:37:30.724Z
sensor.battery_bank_monitor_voltage_slope,53.9702033996582,2026-07-16T14:38:30.724Z
sensor.battery_bank_monitor_voltage_slope,42.4633102416992,2026-07-16T14:39:30.725Z
sensor.battery_bank_monitor_voltage_slope,31.7711391448975,2026-07-16T14:40:30.728Z
sensor.battery_bank_monitor_voltage_slope,23.5224666595459,2026-07-16T14:41:30.731Z
sensor.battery_bank_monitor_voltage_slope,17.4769020080566,2026-07-16T14:42:30.730Z
sensor.battery_bank_monitor_voltage_slope,13.0689706802368,2026-07-16T14:43:30.783Z
sensor.battery_bank_monitor_voltage_slope,9.99887084960938,2026-07-16T14:44:30.810Z
sensor.battery_bank_monitor_voltage_slope,7.66117477416992,2026-07-16T14:45:30.715Z
sensor.battery_bank_monitor_voltage_slope,6.07358026504517,2026-07-16T14:46:30.765Z
sensor.battery_bank_monitor_voltage_slope,4.90479183197021,2026-07-16T14:47:30.775Z
sensor.battery_bank_monitor_voltage_slope,4.07698678970337,2026-07-16T14:48:30.776Z
sensor.battery_bank_monitor_voltage_slope,3.40206122398376,2026-07-16T14:49:30.781Z
sensor.battery_bank_monitor_voltage_slope,2.89493346214294,2026-07-16T14:50:30.780Z
sensor.battery_bank_monitor_voltage_slope,2.49687433242798,2026-07-16T14:51:30.781Z
sensor.battery_bank_monitor_voltage_slope,2.23813581466675,2026-07-16T14:52:30.776Z
sensor.battery_bank_monitor_voltage_slope,2.00152969360352,2026-07-16T14:53:30.713Z
sensor.battery_bank_monitor_voltage_slope,1.77964341640472,2026-07-16T14:54:30.790Z
sensor.battery_bank_monitor_voltage_slope,1.63541734218597,2026-07-16T14:55:30.860Z
sensor.battery_bank_monitor_voltage_slope,1.47291040420532,2026-07-16T14:56:30.935Z
sensor.battery_bank_monitor_voltage_slope,1.36761474609375,2026-07-16T14:57:31.047Z
sensor.battery_bank_monitor_voltage_slope,1.2991726398468,2026-07-16T14:58:31.156Z
sensor.battery_bank_monitor_voltage_slope,1.18625903129578,2026-07-16T14:59:31.230Z
sensor.battery_bank_monitor_voltage_slope,1.11286520957947,2026-07-16T15:00:31.326Z
sensor.battery_bank_monitor_voltage_slope,1.0651593208313,2026-07-16T15:01:31.415Z
sensor.battery_bank_monitor_voltage_slope,1.03415036201477,2026-07-16T15:02:31.513Z
sensor.battery_bank_monitor_voltage_slope,0.945568442344666,2026-07-16T15:03:31.595Z
sensor.battery_bank_monitor_voltage_slope,0.956416368484497,2026-07-16T15:04:31.688Z
sensor.battery_bank_monitor_voltage_slope,0.895041346549988,2026-07-16T15:05:31.789Z
sensor.battery_bank_monitor_voltage_slope,0.787055253982544,2026-07-16T15:06:31.847Z
sensor.battery_bank_monitor_voltage_slope,0.784956634044647,2026-07-16T15:07:31.938Z
sensor.battery_bank_monitor_voltage_slope,0.783592522144318,2026-07-16T15:08:32.002Z
sensor.battery_bank_monitor_voltage_slope,0.714613497257233,2026-07-16T15:09:32.119Z
sensor.battery_bank_monitor_voltage_slope,0.669443368911743,2026-07-16T15:10:32.212Z
sensor.battery_bank_monitor_voltage_slope,0.708508908748627,2026-07-16T15:11:32.311Z
sensor.battery_bank_monitor_voltage_slope,0.59738302230835,2026-07-16T15:12:32.402Z
sensor.battery_bank_monitor_voltage_slope,0.661669731140137,2026-07-16T15:13:32.495Z
sensor.battery_bank_monitor_voltage_slope,0.566937565803528,2026-07-16T15:14:32.587Z
sensor.battery_bank_monitor_voltage_slope,0.573454022407532,2026-07-16T15:15:32.668Z
sensor.battery_bank_monitor_voltage_slope,0.577689707279205,2026-07-16T15:16:32.776Z
sensor.battery_bank_monitor_voltage_slope,0.580776691436768,2026-07-16T15:17:32.869Z
sensor.battery_bank_monitor_voltage_slope,0.445930957794189,2026-07-16T15:18:32.971Z
sensor.battery_bank_monitor_voltage_slope,0.494799733161926,2026-07-16T15:19:33.061Z
sensor.battery_bank_monitor_voltage_slope,0.458472073078156,2026-07-16T15:20:33.186Z
sensor.battery_bank_monitor_voltage_slope,0.502951443195343,2026-07-16T15:21:33.289Z
sensor.battery_bank_monitor_voltage_slope,0.463770687580109,2026-07-16T15:22:33.387Z
sensor.battery_bank_monitor_voltage_slope,0.437969416379929,2026-07-16T15:23:33.466Z
sensor.battery_bank_monitor_voltage_slope,0.489958494901657,2026-07-16T15:24:33.531Z
sensor.battery_bank_monitor_voltage_slope,0.454991489648819,2026-07-16T15:25:33.605Z
sensor.battery_bank_monitor_voltage_slope,0.43259671330452,2026-07-16T15:26:33.722Z
sensor.battery_bank_monitor_voltage_slope,0.417706340551376,2026-07-16T15:27:33.742Z
sensor.battery_bank_monitor_voltage_slope,0.408361375331879,2026-07-16T15:28:33.734Z
sensor.battery_bank_monitor_voltage_slope,0.333861023187637,2026-07-16T15:29:33.725Z
sensor.battery_bank_monitor_voltage_slope,0.353528141975403,2026-07-16T15:30:33.724Z
sensor.battery_bank_monitor_voltage_slope,0.36664554476738,2026-07-16T15:31:33.731Z
sensor.battery_bank_monitor_voltage_slope,0.375171840190887,2026-07-16T15:32:33.735Z
sensor.battery_bank_monitor_voltage_slope,0.380380153656006,2026-07-16T15:33:33.740Z
sensor.battery_bank_monitor_voltage_slope,0.384099364280701,2026-07-16T15:34:33.748Z
sensor.battery_bank_monitor_voltage_slope,0.318090707063675,2026-07-16T15:35:33.746Z
sensor.battery_bank_monitor_voltage_slope,0.27485129237175,2026-07-16T15:36:33.795Z
sensor.battery_bank_monitor_voltage_slope,0.315505594015121,2026-07-16T15:37:33.864Z
sensor.battery_bank_monitor_voltage_slope,0.341930896043777,2026-07-16T15:38:33.975Z
sensor.battery_bank_monitor_voltage_slope,0.290347427129745,2026-07-16T15:39:33.990Z
sensor.battery_bank_monitor_voltage_slope,0.257151961326599,2026-07-16T15:40:33.953Z
sensor.battery_bank_monitor_voltage_slope,0.304001033306122,2026-07-16T15:41:33.969Z
sensor.battery_bank_monitor_voltage_slope,0.266026794910431,2026-07-16T15:42:33.970Z
sensor.battery_bank_monitor_voltage_slope,0.309435904026031,2026-07-16T15:43:33.969Z
sensor.battery_bank_monitor_voltage_slope,0.269559442996979,2026-07-16T15:44:33.970Z
sensor.battery_bank_monitor_voltage_slope,0.243639767169952,2026-07-16T15:45:33.971Z
sensor.battery_bank_monitor_voltage_slope,0.294884324073792,2026-07-16T15:46:33.971Z
sensor.battery_bank_monitor_voltage_slope,0.260100930929184,2026-07-16T15:47:33.878Z
sensor.battery_bank_monitor_voltage_slope,0.237491726875305,2026-07-16T15:48:33.981Z
sensor.battery_bank_monitor_voltage_slope,0.291221886873245,2026-07-16T15:49:34.085Z
sensor.battery_bank_monitor_voltage_slope,0.257386565208435,2026-07-16T15:50:34.149Z
sensor.battery_bank_monitor_voltage_slope,0.235727399587631,2026-07-16T15:51:34.240Z
sensor.battery_bank_monitor_voltage_slope,0.290075063705444,2026-07-16T15:52:34.266Z
sensor.battery_bank_monitor_voltage_slope,0.188548788428307,2026-07-16T15:53:34.201Z
sensor.battery_bank_monitor_voltage_slope,0.190982848405838,2026-07-16T15:54:34.243Z
sensor.battery_bank_monitor_voltage_slope,0.26065731048584,2026-07-16T15:55:34.239Z
sensor.battery_bank_monitor_voltage_slope,0.23785337805748,2026-07-16T15:56:34.241Z
sensor.battery_bank_monitor_voltage_slope,0.22303082048893,2026-07-16T15:57:34.255Z
sensor.battery_bank_monitor_voltage_slope,0.213396161794662,2026-07-16T15:58:34.246Z
sensor.battery_bank_monitor_voltage_slope,0.206799849867821,2026-07-16T15:59:34.254Z
sensor.battery_bank_monitor_voltage_slope,0.20284603536129,2026-07-16T16:00:34.260Z
sensor.battery_bank_monitor_voltage_slope,0.200276046991348,2026-07-16T16:01:34.260Z
sensor.battery_bank_monitor_voltage_slope,0.198605552315712,2026-07-16T16:02:34.369Z
sensor.battery_bank_monitor_voltage_slope,0.197519734501839,2026-07-16T16:03:34.459Z
sensor.battery_bank_monitor_voltage_slope,0.196480169892311,2026-07-16T16:04:34.540Z
sensor.battery_bank_monitor_voltage_slope,0.196138232946396,2026-07-16T16:05:34.655Z
sensor.battery_bank_monitor_voltage_slope,0.19591598212719,2026-07-16T16:06:34.672Z
sensor.battery_bank_monitor_voltage_slope,0.195771515369415,2026-07-16T16:07:34.579Z
sensor.battery_bank_monitor_voltage_slope,0.195677608251572,2026-07-16T16:08:34.642Z
sensor.battery_bank_monitor_voltage_slope,0.195282787084579,2026-07-16T16:09:34.643Z
sensor.battery_bank_monitor_voltage_slope,0.195359945297241,2026-07-16T16:10:34.643Z
sensor.battery_bank_monitor_voltage_slope,0.195410087704659,2026-07-16T16:11:34.645Z
sensor.battery_bank_monitor_voltage_slope,0.195442691445351,2026-07-16T16:12:34.649Z
sensor.battery_bank_monitor_voltage_slope,0.195463880896568,2026-07-16T16:13:34.647Z
sensor.battery_bank_monitor_voltage_slope,0.195143863558769,2026-07-16T16:14:34.651Z
sensor.battery_bank_monitor_voltage_slope,0.126843512058258,2026-07-16T16:15:34.608Z
sensor.battery_bank_monitor_voltage_slope,0.150874406099319,2026-07-16T16:16:34.677Z
sensor.battery_bank_monitor_voltage_slope,0.166494488716125,2026-07-16T16:17:34.745Z
sensor.battery_bank_monitor_voltage_slope,0.176647543907166,2026-07-16T16:18:34.827Z
sensor.battery_bank_monitor_voltage_slope,0.183247029781342,2026-07-16T16:19:34.936Z
sensor.battery_bank_monitor_voltage_slope,0.187202900648117,2026-07-16T16:20:34.982Z
sensor.battery_bank_monitor_voltage_slope,0.12168188393116,2026-07-16T16:21:34.891Z
sensor.battery_bank_monitor_voltage_slope,0.14751935005188,2026-07-16T16:22:34.931Z
sensor.battery_bank_monitor_voltage_slope,0.164313703775406,2026-07-16T16:23:34.936Z
sensor.battery_bank_monitor_voltage_slope,0.175230026245117,2026-07-16T16:24:34.949Z
sensor.battery_bank_monitor_voltage_slope,0.182325646281242,2026-07-16T16:25:34.940Z
sensor.battery_bank_monitor_voltage_slope,0.118511669337749,2026-07-16T16:26:34.947Z
sensor.battery_bank_monitor_voltage_slope,0.145124927163124,2026-07-16T16:27:34.947Z
sensor.battery_bank_monitor_voltage_slope,0.162757337093353,2026-07-16T16:28:34.956Z
sensor.battery_bank_monitor_voltage_slope,0.105792261660099,2026-07-16T16:29:34.892Z
sensor.battery_bank_monitor_voltage_slope,0.137191101908684,2026-07-16T16:30:34.981Z
sensor.battery_bank_monitor_voltage_slope,0.089174211025238,2026-07-16T16:31:35.069Z
sensor.battery_bank_monitor_voltage_slope,0.194815501570702,2026-07-16T16:32:35.144Z
sensor.battery_bank_monitor_voltage_slope,0.126630067825317,2026-07-16T16:33:35.205Z
sensor.battery_bank_monitor_voltage_slope,0.150401890277863,2026-07-16T16:34:35.286Z
sensor.battery_bank_monitor_voltage_slope,0.166187360882759,2026-07-16T16:35:35.361Z
sensor.battery_bank_monitor_voltage_slope,0.108021780848503,2026-07-16T16:36:35.455Z
sensor.battery_bank_monitor_voltage_slope,0.138640284538269,2026-07-16T16:37:35.577Z
sensor.battery_bank_monitor_voltage_slope,0.158542305231094,2026-07-16T16:38:35.663Z
sensor.battery_bank_monitor_voltage_slope,0.103052496910095,2026-07-16T16:39:35.756Z
sensor.battery_bank_monitor_voltage_slope,0.135410249233246,2026-07-16T16:40:35.773Z
sensor.battery_bank_monitor_voltage_slope,0.156109005212784,2026-07-16T16:41:35.686Z
sensor.battery_bank_monitor_voltage_slope,0.169896990060806,2026-07-16T16:42:35.749Z
sensor.battery_bank_monitor_voltage_slope,0.110433042049408,2026-07-16T16:43:35.761Z
sensor.battery_bank_monitor_voltage_slope,0.140207603573799,2026-07-16T16:44:35.772Z
sensor.battery_bank_monitor_voltage_slope,0.0911349356174469,2026-07-16T16:45:35.761Z
sensor.battery_bank_monitor_voltage_slope,0.127663835883141,2026-07-16T16:46:35.766Z
sensor.battery_bank_monitor_voltage_slope,0.15140762925148,2026-07-16T16:47:35.762Z
sensor.battery_bank_monitor_voltage_slope,0.0299888253211975,2026-07-16T16:48:35.765Z
sensor.battery_bank_monitor_voltage_slope,0.0879188701510429,2026-07-16T16:49:35.768Z
sensor.battery_bank_monitor_voltage_slope,0.125239610671997,2026-07-16T16:50:35.847Z
sensor.battery_bank_monitor_voltage_slope,0.0814057439565659,2026-07-16T16:51:35.959Z
sensor.battery_bank_monitor_voltage_slope,0.121339865028858,2026-07-16T16:52:35.979Z
sensor.battery_bank_monitor_voltage_slope,0.147297039628029,2026-07-16T16:53:35.879Z
sensor.battery_bank_monitor_voltage_slope,unavailable,2026-07-16T16:54:11.557Z
sensor.battery_bank_monitor_voltage_slope,unknown,2026-07-16T16:54:16.777Z
sensor.battery_bank_monitor_voltage_slope,0.195503234863281,2026-07-16T16:55:14.442Z
sensor.battery_bank_monitor_voltage_slope,0.127077102661133,2026-07-16T16:58:14.610Z
sensor.battery_bank_monitor_voltage_slope,0.150692462921143,2026-07-16T16:59:14.654Z
sensor.battery_bank_monitor_voltage_slope,0.166376233100891,2026-07-16T17:00:14.699Z
sensor.battery_bank_monitor_voltage_slope,0.108144544064999,2026-07-16T17:01:14.761Z
sensor.battery_bank_monitor_voltage_slope,0.0702939480543137,2026-07-16T17:02:14.793Z
sensor.battery_bank_monitor_voltage_slope,0.114117197692394,2026-07-16T17:03:14.831Z
sensor.battery_bank_monitor_voltage_slope,0.0741761773824692,2026-07-16T17:04:14.890Z
sensor.battery_bank_monitor_voltage_slope,0.116640642285347,2026-07-16T17:05:14.940Z
sensor.battery_bank_monitor_voltage_slope,0.0758164152503014,2026-07-16T17:06:14.999Z
sensor.battery_bank_monitor_voltage_slope,0.117706805467606,2026-07-16T17:07:15.071Z
sensor.battery_bank_monitor_voltage_slope,0.144601762294769,2026-07-16T17:08:15.133Z
sensor.battery_bank_monitor_voltage_slope,0.0939911454916,2026-07-16T17:09:15.170Z
sensor.battery_bank_monitor_voltage_slope,0.0610942430794239,2026-07-16T17:10:15.222Z
sensor.battery_bank_monitor_voltage_slope,0.108137384057045,2026-07-16T17:11:15.288Z
sensor.battery_bank_monitor_voltage_slope,0.13871543109417,2026-07-16T17:12:15.345Z
sensor.battery_bank_monitor_voltage_slope,0.09016502648592,2026-07-16T17:13:15.402Z
sensor.battery_bank_monitor_voltage_slope,0.127033397555351,2026-07-16T17:14:15.430Z
sensor.battery_bank_monitor_voltage_slope,0.0825717076659203,2026-07-16T17:15:15.494Z
sensor.battery_bank_monitor_voltage_slope,0.0536716096103191,2026-07-16T17:16:15.552Z
sensor.battery_bank_monitor_voltage_slope,0.10331267863512,2026-07-16T17:17:15.589Z
sensor.battery_bank_monitor_voltage_slope,0.067153237760067,2026-07-16T17:18:15.652Z
sensor.battery_bank_monitor_voltage_slope,0.111741945147514,2026-07-16T17:19:15.705Z
sensor.battery_bank_monitor_voltage_slope,0.072632260620594,2026-07-16T17:20:15.746Z
sensor.battery_bank_monitor_voltage_slope,0.0472109690308571,2026-07-16T17:21:15.785Z
sensor.battery_bank_monitor_voltage_slope,0.0991132631897926,2026-07-16T17:22:15.832Z
sensor.battery_bank_monitor_voltage_slope,0.0644236207008362,2026-07-16T17:23:15.852Z
sensor.battery_bank_monitor_voltage_slope,0.110301479697227,2026-07-16T17:24:15.877Z
sensor.battery_bank_monitor_voltage_slope,0.0716959610581398,2026-07-16T17:25:15.926Z
sensor.battery_bank_monitor_voltage_slope,0.0466023720800877,2026-07-16T17:26:15.991Z
sensor.battery_bank_monitor_voltage_slope,0.098717674612999,2026-07-16T17:27:16.045Z
sensor.battery_bank_monitor_voltage_slope,0.132592618465424,2026-07-16T17:28:16.107Z
sensor.battery_bank_monitor_voltage_slope,0.0177590698003769,2026-07-16T17:29:16.148Z
sensor.battery_bank_monitor_voltage_slope,0.0799695253372192,2026-07-16T17:30:16.208Z
sensor.battery_bank_monitor_voltage_slope,0.0519801899790764,2026-07-16T17:31:16.245Z
sensor.battery_bank_monitor_voltage_slope,0.101879470050335,2026-07-16T17:32:16.295Z
sensor.battery_bank_monitor_voltage_slope,0.0662216544151306,2026-07-16T17:33:16.336Z
sensor.battery_bank_monitor_voltage_slope,0.111470207571983,2026-07-16T17:34:16.387Z
sensor.battery_bank_monitor_voltage_slope,0.0724556297063828,2026-07-16T17:35:16.447Z
sensor.battery_bank_monitor_voltage_slope,0.115522295236588,2026-07-16T17:36:16.510Z
sensor.battery_bank_monitor_voltage_slope,0.0750894919037819,2026-07-16T17:37:16.567Z
sensor.battery_bank_monitor_voltage_slope,0.0488081686198711,2026-07-16T17:38:16.617Z
sensor.battery_bank_monitor_voltage_slope,0.100151441991329,2026-07-16T17:39:16.664Z
sensor.battery_bank_monitor_voltage_slope,0.0650984346866608,2026-07-16T17:40:16.710Z
sensor.battery_bank_monitor_voltage_slope,0.0423139818012714,2026-07-16T17:41:16.768Z
sensor.battery_bank_monitor_voltage_slope,-66.6228866577148,2026-07-16T17:42:16.835Z
sensor.battery_bank_monitor_voltage_slope,-73.8616485595703,2026-07-16T17:43:16.898Z
sensor.battery_bank_monitor_voltage_slope,-61.545093536377,2026-07-16T17:44:16.964Z
sensor.battery_bank_monitor_voltage_slope,-46.8402481079102,2026-07-16T17:45:17.010Z
sensor.battery_bank_monitor_voltage_slope,-34.1374969482422,2026-07-16T17:46:17.082Z
sensor.battery_bank_monitor_voltage_slope,-25.1290264129639,2026-07-16T17:47:17.153Z
sensor.battery_bank_monitor_voltage_slope,-18.7264442443848,2026-07-16T17:48:17.206Z
sensor.battery_bank_monitor_voltage_slope,-13.8811731338501,2026-07-16T17:49:17.267Z
sensor.battery_bank_monitor_voltage_slope,-10.731746673584,2026-07-16T17:50:17.320Z
sensor.battery_bank_monitor_voltage_slope,-5.19822454452515,2026-07-16T17:51:17.382Z
sensor.battery_bank_monitor_voltage_slope,-6.38659191131592,2026-07-16T17:52:17.438Z
sensor.battery_bank_monitor_voltage_slope,-3.39926481246948,2026-07-16T17:53:17.476Z
sensor.battery_bank_monitor_voltage_slope,72.9857940673828,2026-07-16T17:54:17.522Z
sensor.battery_bank_monitor_voltage_slope,57.4893951416016,2026-07-16T17:55:17.582Z
sensor.battery_bank_monitor_voltage_slope,42.7003402709961,2026-07-16T17:56:17.637Z
sensor.battery_bank_monitor_voltage_slope,31.7199306488037,2026-07-16T17:57:17.680Z
sensor.battery_bank_monitor_voltage_slope,23.6256999969482,2026-07-16T17:58:17.726Z
sensor.battery_bank_monitor_voltage_slope,17.6127643585205,2026-07-16T17:59:17.763Z
sensor.battery_bank_monitor_voltage_slope,13.4306516647339,2026-07-16T18:00:17.814Z
sensor.battery_bank_monitor_voltage_slope,10.3704814910889,2026-07-16T18:01:17.867Z
sensor.battery_bank_monitor_voltage_slope,8.24485206604004,2026-07-16T18:02:17.904Z
sensor.battery_bank_monitor_voltage_slope,6.72634124755859,2026-07-16T18:03:17.987Z
sensor.battery_bank_monitor_voltage_slope,5.60245704650879,2026-07-16T18:04:18.043Z
sensor.battery_bank_monitor_voltage_slope,4.66698741912842,2026-07-16T18:05:18.126Z
sensor.battery_bank_monitor_voltage_slope,3.99050617218018,2026-07-16T18:06:18.148Z
sensor.battery_bank_monitor_voltage_slope,3.48270106315613,2026-07-16T18:07:18.219Z
sensor.battery_bank_monitor_voltage_slope,3.01544165611267,2026-07-16T18:08:18.268Z
sensor.battery_bank_monitor_voltage_slope,2.71205687522888,2026-07-16T18:09:18.333Z
sensor.battery_bank_monitor_voltage_slope,2.44643068313599,2026-07-16T18:10:18.424Z
sensor.battery_bank_monitor_voltage_slope,2.20534753799438,2026-07-16T18:11:18.531Z
sensor.battery_bank_monitor_voltage_slope,2.04897737503052,2026-07-16T18:12:18.625Z
sensor.battery_bank_monitor_voltage_slope,9.73990440368652,2026-07-16T18:13:18.682Z
sensor.battery_bank_monitor_voltage_slope,84.7392730712891,2026-07-16T18:14:18.750Z
sensor.battery_bank_monitor_voltage_slope,65.9496002197266,2026-07-16T18:15:18.825Z
sensor.battery_bank_monitor_voltage_slope,49.4978942871094,2026-07-16T18:16:18.888Z
sensor.battery_bank_monitor_voltage_slope,37.1640625,2026-07-16T18:17:18.976Z
sensor.battery_bank_monitor_voltage_slope,28.5999984741211,2026-07-16T18:18:19.058Z
sensor.battery_bank_monitor_voltage_slope,22.554708480835,2026-07-16T18:19:19.134Z
sensor.battery_bank_monitor_voltage_slope,18.283805847168,2026-07-16T18:20:19.178Z
sensor.battery_bank_monitor_voltage_slope,14.9606456756592,2026-07-16T18:21:19.238Z
sensor.battery_bank_monitor_voltage_slope,12.1850900650024,2026-07-16T18:22:19.302Z
sensor.battery_bank_monitor_voltage_slope,9.56120014190674,2026-07-16T18:23:19.361Z
sensor.battery_bank_monitor_voltage_slope,7.2401704788208,2026-07-16T18:24:19.375Z
sensor.battery_bank_monitor_voltage_slope,5.45779657363892,2026-07-16T18:25:19.445Z
sensor.battery_bank_monitor_voltage_slope,3.95779061317444,2026-07-16T18:26:19.519Z
sensor.battery_bank_monitor_voltage_slope,2.7778422832489,2026-07-16T18:27:19.560Z
sensor.battery_bank_monitor_voltage_slope,2.01054191589355,2026-07-16T18:28:19.595Z
sensor.battery_bank_monitor_voltage_slope,1.51179683208466,2026-07-16T18:29:19.699Z
sensor.battery_bank_monitor_voltage_slope,1.05109405517578,2026-07-16T18:30:19.733Z
sensor.battery_bank_monitor_voltage_slope,0.820063352584839,2026-07-16T18:31:19.803Z
sensor.battery_bank_monitor_voltage_slope,0.601467311382294,2026-07-16T18:32:19.848Z
sensor.battery_bank_monitor_voltage_slope,0.595898389816284,2026-07-16T18:33:19.906Z
sensor.battery_bank_monitor_voltage_slope,0.455760061740875,2026-07-16T18:34:19.960Z
sensor.battery_bank_monitor_voltage_slope,0.432762503623962,2026-07-16T18:35:20.028Z
sensor.battery_bank_monitor_voltage_slope,0.418147891759872,2026-07-16T18:36:20.080Z
sensor.battery_bank_monitor_voltage_slope,0.476740717887878,2026-07-16T18:37:20.117Z
sensor.battery_bank_monitor_voltage_slope,0.515159845352173,2026-07-16T18:38:20.196Z
sensor.battery_bank_monitor_voltage_slope,0.471372365951538,2026-07-16T18:39:20.270Z
sensor.battery_bank_monitor_voltage_slope,0.580096542835236,2026-07-16T18:40:20.337Z
sensor.battery_bank_monitor_voltage_slope,0.513581216335297,2026-07-16T18:41:20.400Z
sensor.battery_bank_monitor_voltage_slope,0.607198476791382,2026-07-16T18:42:20.455Z
sensor.battery_bank_monitor_voltage_slope,0.599957406520844,2026-07-16T18:43:20.516Z
sensor.battery_bank_monitor_voltage_slope,0.731769204139709,2026-07-16T18:44:20.569Z
sensor.battery_bank_monitor_voltage_slope,0.74902069568634,2026-07-16T18:45:20.606Z
sensor.battery_bank_monitor_voltage_slope,0.828660309314728,2026-07-16T18:46:20.693Z
sensor.battery_bank_monitor_voltage_slope,0.811999917030334,2026-07-16T18:47:20.755Z
sensor.battery_bank_monitor_voltage_slope,0.869596779346466,2026-07-16T18:48:20.800Z
sensor.battery_bank_monitor_voltage_slope,0.838608622550964,2026-07-16T18:49:20.860Z
sensor.battery_bank_monitor_voltage_slope,0.886892437934875,2026-07-16T18:50:20.934Z
sensor.battery_bank_monitor_voltage_slope,0.986703097820282,2026-07-16T18:51:21.004Z
sensor.battery_bank_monitor_voltage_slope,0.983153879642487,2026-07-16T18:52:21.063Z
sensor.battery_bank_monitor_voltage_slope,1.0492730140686,2026-07-16T18:53:21.128Z
sensor.battery_bank_monitor_voltage_slope,1.09225046634674,2026-07-16T18:54:21.172Z
sensor.battery_bank_monitor_voltage_slope,1.12018585205078,2026-07-16T18:55:21.257Z
sensor.battery_bank_monitor_voltage_slope,1.20643615722656,2026-07-16T18:56:21.307Z
sensor.battery_bank_monitor_voltage_slope,1.26283264160156,2026-07-16T18:57:21.360Z
sensor.battery_bank_monitor_voltage_slope,1.36758267879486,2026-07-16T18:58:21.447Z
sensor.battery_bank_monitor_voltage_slope,1.36757779121399,2026-07-16T18:59:21.484Z
sensor.battery_bank_monitor_voltage_slope,1.36724090576172,2026-07-16T19:00:21.555Z
sensor.battery_bank_monitor_voltage_slope,1.50420796871185,2026-07-16T19:01:21.656Z
sensor.battery_bank_monitor_voltage_slope,1.52447664737701,2026-07-16T19:02:21.722Z
sensor.battery_bank_monitor_voltage_slope,1.67450356483459,2026-07-16T19:03:21.837Z
sensor.battery_bank_monitor_voltage_slope,1.77202105522156,2026-07-16T19:04:21.859Z
sensor.battery_bank_monitor_voltage_slope,1.83540737628937,2026-07-16T19:05:21.937Z
sensor.battery_bank_monitor_voltage_slope,1.94503462314606,2026-07-16T19:06:21.976Z
sensor.battery_bank_monitor_voltage_slope,2.08438467979431,2026-07-16T19:07:22.049Z
sensor.battery_bank_monitor_voltage_slope,2.2437219619751,2026-07-16T19:08:22.104Z
sensor.battery_bank_monitor_voltage_slope,2.41538381576538,2026-07-16T19:09:22.177Z
sensor.battery_bank_monitor_voltage_slope,2.59539008140564,2026-07-16T19:10:22.272Z
sensor.battery_bank_monitor_voltage_slope,2.78082036972046,2026-07-16T19:11:22.325Z
sensor.battery_bank_monitor_voltage_slope,3.03786849975586,2026-07-16T19:12:22.409Z
sensor.battery_bank_monitor_voltage_slope,3.34180212020874,2026-07-16T19:13:22.502Z
sensor.battery_bank_monitor_voltage_slope,3.60778498649597,2026-07-16T19:14:22.560Z
sensor.battery_bank_monitor_voltage_slope,3.84909987449646,2026-07-16T19:15:22.634Z
sensor.battery_bank_monitor_voltage_slope,4.21089935302734,2026-07-16T19:16:22.698Z
sensor.battery_bank_monitor_voltage_slope,4.65101337432861,2026-07-16T19:17:22.780Z
sensor.battery_bank_monitor_voltage_slope,5.1423659324646,2026-07-16T19:18:22.830Z
sensor.battery_bank_monitor_voltage_slope,5.73511600494385,2026-07-16T19:19:22.875Z
sensor.battery_bank_monitor_voltage_slope,6.39377403259277,2026-07-16T19:20:22.943Z
sensor.battery_bank_monitor_voltage_slope,7.16369867324829,2026-07-16T19:21:22.983Z
sensor.battery_bank_monitor_voltage_slope,8.07437324523926,2026-07-16T19:22:23.004Z
sensor.battery_bank_monitor_voltage_slope,9.14496040344238,2026-07-16T19:23:23.055Z
sensor.battery_bank_monitor_voltage_slope,9.97735977172852,2026-07-16T19:24:22.980Z
sensor.battery_bank_monitor_voltage_slope,12.1589784622192,2026-07-16T19:25:22.971Z
sensor.battery_bank_monitor_voltage_slope,14.1241054534912,2026-07-16T19:26:22.988Z
sensor.battery_bank_monitor_voltage_slope,17.5206451416016,2026-07-16T19:27:22.903Z
sensor.battery_bank_monitor_voltage_slope,21.4370460510254,2026-07-16T19:28:22.985Z
sensor.battery_bank_monitor_voltage_slope,26.9223594665527,2026-07-16T19:29:22.992Z
sensor.battery_bank_monitor_voltage_slope,34.8630828857422,2026-07-16T19:30:22.993Z
sensor.battery_bank_monitor_voltage_slope,41.7332000732422,2026-07-16T19:31:22.993Z
sensor.battery_bank_monitor_voltage_slope,66.2963714599609,2026-07-16T19:32:22.995Z
sensor.battery_bank_monitor_voltage_slope,68.3171844482422,2026-07-16T19:33:22.996Z
sensor.battery_bank_monitor_voltage_slope,56.984561920166,2026-07-16T19:34:23.000Z
sensor.battery_bank_monitor_voltage_slope,50.5065612792969,2026-07-16T19:35:22.913Z
sensor.battery_bank_monitor_voltage_slope,50.124382019043,2026-07-16T19:36:22.993Z
sensor.battery_bank_monitor_voltage_slope,37.9127464294434,2026-07-16T19:37:23.045Z
sensor.battery_bank_monitor_voltage_slope,35.9910049438477,2026-07-16T19:38:23.136Z
sensor.battery_bank_monitor_voltage_slope,27.6322326660156,2026-07-16T19:39:23.213Z
sensor.battery_bank_monitor_voltage_slope,21.1055488586426,2026-07-16T19:40:23.249Z
sensor.battery_bank_monitor_voltage_slope,22.1951026916504,2026-07-16T19:41:23.333Z
sensor.battery_bank_monitor_voltage_slope,16.9562454223633,2026-07-16T19:42:23.386Z
sensor.battery_bank_monitor_voltage_slope,16.3534564971924,2026-07-16T19:43:23.438Z
sensor.battery_bank_monitor_voltage_slope,13.9796228408813,2026-07-16T19:44:23.503Z
sensor.battery_bank_monitor_voltage_slope,12.6412420272827,2026-07-16T19:45:23.529Z
sensor.battery_bank_monitor_voltage_slope,15.9416170120239,2026-07-16T19:46:23.428Z
sensor.battery_bank_monitor_voltage_slope,21.2311248779297,2026-07-16T19:47:23.497Z
sensor.battery_bank_monitor_voltage_slope,24.8742485046387,2026-07-16T19:48:23.504Z
sensor.battery_bank_monitor_voltage_slope,25.6020545959473,2026-07-16T19:49:23.504Z
sensor.battery_bank_monitor_voltage_slope,22.8621044158936,2026-07-16T19:50:23.505Z
sensor.battery_bank_monitor_voltage_slope,-31.0772666931152,2026-07-16T19:51:23.505Z
sensor.battery_bank_monitor_voltage_slope,-65.6592102050781,2026-07-16T19:52:23.517Z
sensor.battery_bank_monitor_voltage_slope,-68.1083068847656,2026-07-16T19:53:23.454Z
sensor.battery_bank_monitor_voltage_slope,-60.4029426574707,2026-07-16T19:54:23.556Z
sensor.battery_bank_monitor_voltage_slope,-55.4632148742676,2026-07-16T19:55:23.657Z
sensor.battery_bank_monitor_voltage_slope,-50.338134765625,2026-07-16T19:56:23.762Z
sensor.battery_bank_monitor_voltage_slope,-37.0947189331055,2026-07-16T19:57:23.835Z
sensor.battery_bank_monitor_voltage_slope,-27.8032398223877,2026-07-16T19:58:23.923Z
sensor.battery_bank_monitor_voltage_slope,-21.1482772827148,2026-07-16T19:59:24.011Z
sensor.battery_bank_monitor_voltage_slope,-16.2754764556885,2026-07-16T20:00:24.032Z
sensor.battery_bank_monitor_voltage_slope,-12.9716377258301,2026-07-16T20:01:23.916Z
sensor.battery_bank_monitor_voltage_slope,-10.4823455810547,2026-07-16T20:02:24.024Z
sensor.battery_bank_monitor_voltage_slope,-8.65936088562012,2026-07-16T20:03:24.012Z
sensor.battery_bank_monitor_voltage_slope,-7.20071649551392,2026-07-16T20:04:24.013Z
sensor.battery_bank_monitor_voltage_slope,-6.18450546264648,2026-07-16T20:05:24.015Z
sensor.battery_bank_monitor_voltage_slope,-5.31868982315063,2026-07-16T20:06:24.021Z
sensor.battery_bank_monitor_voltage_slope,-4.75590991973877,2026-07-16T20:07:24.016Z
sensor.battery_bank_monitor_voltage_slope,-4.18515777587891,2026-07-16T20:08:23.996Z
sensor.battery_bank_monitor_voltage_slope,-3.74574303627014,2026-07-16T20:09:24.038Z
sensor.battery_bank_monitor_voltage_slope,-3.46012353897095,2026-07-16T20:10:24.131Z
sensor.battery_bank_monitor_voltage_slope,-3.13761854171753,2026-07-16T20:11:24.168Z
sensor.battery_bank_monitor_voltage_slope,-2.85989809036255,2026-07-16T20:12:24.143Z
sensor.battery_bank_monitor_voltage_slope,-2.67937970161438,2026-07-16T20:13:24.102Z
sensor.battery_bank_monitor_voltage_slope,-2.49328279495239,2026-07-16T20:14:24.143Z
sensor.battery_bank_monitor_voltage_slope,-2.44107961654663,2026-07-16T20:15:24.148Z
sensor.battery_bank_monitor_voltage_slope,-2.20186948776245,2026-07-16T20:16:24.150Z
sensor.battery_bank_monitor_voltage_slope,-2.04638290405273,2026-07-16T20:17:24.144Z
sensor.battery_bank_monitor_voltage_slope,-2.01374244689941,2026-07-16T20:18:24.150Z
sensor.battery_bank_monitor_voltage_slope,-1.85600781440735,2026-07-16T20:19:24.149Z
sensor.battery_bank_monitor_voltage_slope,-1.75314652919769,2026-07-16T20:20:24.161Z
sensor.battery_bank_monitor_voltage_slope,-1.68662047386169,2026-07-16T20:21:24.158Z
sensor.battery_bank_monitor_voltage_slope,-1.6430447101593,2026-07-16T20:22:24.183Z
sensor.battery_bank_monitor_voltage_slope,-1.47820198535919,2026-07-16T20:23:24.255Z
sensor.battery_bank_monitor_voltage_slope,-1.50757277011871,2026-07-16T20:24:24.275Z
sensor.battery_bank_monitor_voltage_slope,-1.39014530181885,2026-07-16T20:25:24.348Z
sensor.battery_bank_monitor_voltage_slope,-1.38224363327026,2026-07-16T20:26:24.257Z
sensor.battery_bank_monitor_voltage_slope,-1.30834746360779,2026-07-16T20:27:24.256Z
sensor.battery_bank_monitor_voltage_slope,-1.26064884662628,2026-07-16T20:28:24.240Z
sensor.battery_bank_monitor_voltage_slope,-1.16121864318848,2026-07-16T20:29:24.257Z
sensor.battery_bank_monitor_voltage_slope,-1.1650151014328,2026-07-16T20:30:24.253Z
sensor.battery_bank_monitor_voltage_slope,-1.16748285293579,2026-07-16T20:31:24.270Z
sensor.battery_bank_monitor_voltage_slope,-1.10066068172455,2026-07-16T20:32:24.264Z
sensor.battery_bank_monitor_voltage_slope,-1.12565243244171,2026-07-16T20:33:24.258Z
sensor.battery_bank_monitor_voltage_slope,-1.0050448179245,2026-07-16T20:34:24.271Z
sensor.battery_bank_monitor_voltage_slope,-0.99507600069046,2026-07-16T20:35:24.224Z
sensor.battery_bank_monitor_voltage_slope,-0.988596260547638,2026-07-16T20:36:24.275Z
sensor.battery_bank_monitor_voltage_slope,-0.915958285331726,2026-07-16T20:37:24.344Z
sensor.battery_bank_monitor_voltage_slope,-0.9371697306633,2026-07-16T20:38:24.372Z
sensor.battery_bank_monitor_voltage_slope,-0.882531046867371,2026-07-16T20:39:24.452Z
sensor.battery_bank_monitor_voltage_slope,-0.847015917301178,2026-07-16T20:40:24.536Z
sensor.battery_bank_monitor_voltage_slope,-0.892357230186462,2026-07-16T20:41:24.632Z
sensor.battery_bank_monitor_voltage_slope,-0.785310566425323,2026-07-16T20:42:24.702Z
sensor.battery_bank_monitor_voltage_slope,-0.783822596073151,2026-07-16T20:43:24.783Z
sensor.battery_bank_monitor_voltage_slope,-0.78285539150238,2026-07-16T20:44:24.873Z
sensor.battery_bank_monitor_voltage_slope,-0.782226741313934,2026-07-16T20:45:24.895Z
sensor.battery_bank_monitor_voltage_slope,-0.713725745677948,2026-07-16T20:46:24.793Z
sensor.battery_bank_monitor_voltage_slope,-0.737292468547821,2026-07-16T20:47:24.876Z
sensor.battery_bank_monitor_voltage_slope,-0.684184670448303,2026-07-16T20:48:24.877Z
sensor.battery_bank_monitor_voltage_slope,-0.649998426437378,2026-07-16T20:49:24.877Z
sensor.battery_bank_monitor_voltage_slope,-0.627443552017212,2026-07-16T20:50:24.877Z
sensor.battery_bank_monitor_voltage_slope,-0.681209027767181,2026-07-16T20:51:24.870Z
sensor.battery_bank_monitor_voltage_slope,-0.579638123512268,2026-07-16T20:52:24.885Z
sensor.battery_bank_monitor_voltage_slope,-0.650135517120361,2026-07-16T20:53:24.885Z
sensor.battery_bank_monitor_voltage_slope,-0.627866506576538,2026-07-16T20:54:24.902Z
sensor.battery_bank_monitor_voltage_slope,-0.544631719589233,2026-07-16T20:55:24.915Z
sensor.battery_bank_monitor_voltage_slope,-0.55928897857666,2026-07-16T20:56:24.892Z
sensor.battery_bank_monitor_voltage_slope,-0.568482398986816,2026-07-16T20:57:24.837Z
sensor.battery_bank_monitor_voltage_slope,-0.506365776062012,2026-07-16T20:58:24.901Z
sensor.battery_bank_monitor_voltage_slope,-0.60250848531723,2026-07-16T20:59:24.898Z
sensor.battery_bank_monitor_voltage_slope,-0.528149008750916,2026-07-16T21:00:24.901Z
sensor.battery_bank_monitor_voltage_slope,-0.548575282096863,2026-07-16T21:01:24.897Z
sensor.battery_bank_monitor_voltage_slope,-0.561518549919128,2026-07-16T21:02:24.905Z
sensor.battery_bank_monitor_voltage_slope,-0.501839280128479,2026-07-16T21:03:24.858Z
sensor.battery_bank_monitor_voltage_slope,-0.531140089035034,2026-07-16T21:04:24.946Z
sensor.battery_bank_monitor_voltage_slope,-0.550519466400146,2026-07-16T21:05:25.034Z
sensor.battery_bank_monitor_voltage_slope,-0.494356125593185,2026-07-16T21:06:25.132Z
sensor.battery_bank_monitor_voltage_slope,-0.526609897613525,2026-07-16T21:07:25.210Z
